# simplificado para el limite de 10.000 triangulos de Roblox
mtllib material.mtl
v -0.561953 -0.156735 -0.002311
v -0.562113 -0.156735 0.022669
v -0.562028 -0.156735 0.061275
v -0.562022 -0.156735 0.095339
v -0.561859 -0.156735 0.113507
v -0.563190 -0.142839 -0.140588
v -0.564213 -0.145678 -0.127105
v -0.564133 -0.145736 -0.109532
v -0.564370 -0.144858 -0.092297
v -0.564349 -0.145613 -0.069547
v -0.564285 -0.146630 -0.047446
v -0.564726 -0.145190 -0.030839
v -0.564584 -0.145806 -0.009266
v -0.564603 -0.146058 0.013964
v -0.564199 -0.147536 0.027921
v -0.564783 -0.143947 0.052021
v -0.563127 -0.154068 0.059004
v -0.565036 -0.142201 0.085347
v -0.564593 -0.145879 0.110587
v -0.564461 -0.147354 0.130745
v -0.563117 -0.144030 0.141165
v -0.564232 -0.127046 -0.142867
v -0.566552 -0.128348 -0.127212
v -0.566097 -0.129029 -0.106093
v -0.566016 -0.127780 -0.086052
v -0.565957 -0.130391 -0.069531
v -0.565883 -0.124941 -0.050852
v -0.565906 -0.126304 -0.029108
v -0.565894 -0.128915 -0.009692
v -0.565673 -0.128632 0.008192
v -0.565607 -0.124185 0.029293
v -0.565596 -0.128490 0.052334
v -0.565577 -0.126077 0.068088
v -0.565469 -0.130903 0.085688
v -0.565636 -0.130902 0.110101
v -0.565777 -0.127780 0.128268
v -0.563344 -0.130335 0.142171
v -0.564428 -0.102090 -0.143260
v -0.566458 -0.106774 -0.122292
v -0.566055 -0.106207 -0.102800
v -0.565897 -0.109329 -0.083497
v -0.565947 -0.112735 -0.061355
v -0.565903 -0.115858 -0.042052
v -0.565881 -0.103936 -0.027859
v -0.565935 -0.107342 -0.009975
v -0.565700 -0.110606 0.008334
v -0.565681 -0.107909 0.022669
v -0.565516 -0.105355 0.048785
v -0.565455 -0.105071 0.068845
v -0.565254 -0.099393 0.089662
v -0.565397 -0.106206 0.106581
v -0.565356 -0.099819 0.127133
v -0.562859 -0.106774 0.142641
v -0.565411 -0.078387 -0.140838
v -0.566550 -0.085484 -0.127212
v -0.566070 -0.084632 -0.107531
v -0.565700 -0.085200 -0.081794
v -0.565781 -0.087471 -0.069587
v -0.565694 -0.084632 -0.050569
v -0.565659 -0.081794 -0.030698
v -0.565769 -0.092722 -0.008556
v -0.565520 -0.084065 0.014153
v -0.565270 -0.080658 0.049921
v -0.565201 -0.082361 0.068372
v -0.565082 -0.086336 0.083985
v -0.565007 -0.080942 0.104991
v -0.565094 -0.082361 0.129403
v -0.563225 -0.094284 0.141020
v -0.564431 -0.070439 -0.143305
v -0.566412 -0.069493 -0.128726
v -0.565906 -0.073278 -0.101097
v -0.565697 -0.074981 -0.079523
v -0.565620 -0.064761 -0.068546
v -0.565536 -0.064194 -0.046594
v -0.565620 -0.070439 -0.036375
v -0.565518 -0.066394 -0.015866
v -0.565355 -0.061355 0.004502
v -0.565356 -0.070864 0.025650
v -0.565055 -0.064762 0.045379
v -0.564995 -0.067411 0.073387
v -0.564909 -0.073845 0.090798
v -0.564748 -0.067411 0.127889
v -0.562813 -0.067261 0.141218
v -0.563419 -0.057381 -0.145650
v -0.566055 -0.046594 -0.126644
v -0.565755 -0.048411 -0.107115
v -0.565403 -0.046311 -0.073845
v -0.565338 -0.048014 -0.050001
v -0.565336 -0.053123 -0.022181
v -0.565275 -0.043188 -0.009124
v -0.565162 -0.041768 0.007908
v -0.565185 -0.049433 0.021534
v -0.564900 -0.051136 0.049353
v -0.564570 -0.048487 0.066196
v -0.564587 -0.055678 0.088810
v -0.564415 -0.050190 0.105748
v -0.564295 -0.048686 0.126381
v -0.563220 -0.042620 0.138480
v -0.563951 -0.033565 -0.143036
v -0.565672 -0.029917 -0.127496
v -0.565622 -0.032401 -0.109045
v -0.565332 -0.027859 -0.082219
v -0.565245 -0.036943 -0.058800
v -0.565015 -0.022749 -0.048297
v -0.565129 -0.030698 -0.028711
v -0.565031 -0.023885 -0.016504
v -0.564953 -0.027575 0.009044
v -0.564870 -0.033252 0.031186
v -0.564563 -0.029633 0.049211
v -0.564310 -0.032685 0.069792
v -0.564054 -0.025446 0.089094
v -0.563867 -0.028994 0.111236
v -0.563916 -0.033536 0.125997
v -0.563009 -0.027173 0.137340
v -0.563847 -0.009124 -0.141841
v -0.565217 -0.006995 -0.131754
v -0.565247 -0.017072 -0.087187
v -0.564716 -0.006853 -0.027291
v -0.564566 -0.004582 -0.007988
v -0.564537 -0.008177 0.007530
v -0.564162 -0.004582 0.038566
v -0.563811 -0.004156 0.061559
v -0.563776 -0.011679 0.086255
v -0.563380 -0.005739 0.105937
v -0.563029 -0.011132 0.130381
v -0.562447 -0.018207 0.138487
v -0.563522 0.010463 -0.141548
v -0.565067 0.005637 -0.122670
v -0.564864 0.011882 -0.109613
v -0.564996 0.000812 -0.092864
v -0.564672 0.007909 -0.063626
v -0.564520 0.009612 -0.048865
v -0.564542 0.004502 -0.027859
v -0.564378 0.011315 -0.015937
v -0.563326 0.011495 0.069485
v -0.563067 0.010909 0.088962
v -0.562547 0.014343 0.108208
v -0.562583 0.009597 0.125644
v -0.561800 0.000528 0.138487
v -0.562558 0.029482 -0.143716
v -0.564560 0.027779 -0.131754
v -0.564358 0.037430 -0.107909
v -0.564381 0.034450 -0.084632
v -0.564260 0.032321 -0.053407
v -0.564118 0.031185 -0.036375
v -0.563876 0.029482 -0.002311
v -0.563836 0.025508 0.012450
v -0.563583 0.029482 0.027211
v -0.563378 0.023596 0.050002
v -0.562871 0.034321 0.063281
v -0.562249 0.037430 0.091365
v -0.562240 0.022669 0.111236
v -0.562004 0.028347 0.122023
v -0.563171 0.048238 -0.140837
v -0.564077 0.054084 -0.129483
v -0.564048 0.052192 -0.106774
v -0.563905 0.056733 -0.065897
v -0.563777 0.053327 -0.042052
v -0.563616 0.047839 -0.011868
v -0.562969 0.048943 0.043459
v -0.562389 0.046514 0.072630
v -0.562911 0.064334 -0.140577
v -0.563698 0.071778 -0.086903
v -0.563601 0.063546 -0.048865
v -0.563448 0.063546 -0.023317
v -0.563196 0.067520 -0.009691
v -0.563003 0.065817 0.010179
v -0.562613 0.068940 0.037714
v -0.562011 0.074901 0.064682
v -0.563017 0.091013 -0.137936
v -0.563481 0.090794 -0.127228
v -0.563359 0.095339 -0.102232
v -0.563257 0.086666 -0.074081
v -0.563022 0.084165 -0.046749
v -0.562536 0.094204 -0.011962
v -0.562377 0.085121 0.029482
v -0.562351 0.114642 -0.138567
v -0.563128 0.107344 -0.130025
v -0.563077 0.112073 -0.103367
v -0.562997 0.106287 -0.088574
v -0.562364 0.115778 -0.065897
v -0.562211 0.102152 0.011315
v -0.561867 0.127132 -0.138567
v -0.562630 0.125997 -0.127212
v -0.562542 0.125618 -0.105260
v -0.562337 0.125997 -0.084632
v -0.562409 0.118049 -0.073845
v -0.562194 0.118049 -0.052271
v -0.562153 0.116346 -0.033820
v -0.561880 0.126565 -0.012530
v -0.562058 0.142178 -0.123806
v -0.562155 0.137730 -0.107531
v -0.550408 -0.160330 -0.141080
v -0.553789 -0.161813 -0.127498
v -0.550276 -0.164791 -0.106590
v -0.552273 -0.164067 -0.090985
v -0.551473 -0.165247 -0.071631
v -0.553198 -0.164913 -0.049575
v -0.552386 -0.166428 -0.028384
v -0.553834 -0.166551 -0.004241
v -0.545111 -0.172653 0.018126
v -0.551643 -0.168147 0.025110
v -0.550636 -0.168925 0.049840
v -0.551635 -0.168083 0.067733
v -0.553901 -0.166817 0.085830
v -0.552256 -0.167498 0.106273
v -0.554214 -0.164691 0.128012
v -0.552525 -0.161130 0.140903
v -0.553533 -0.146826 -0.147439
v -0.561760 -0.152193 -0.134025
v -0.552359 -0.146690 0.147346
v -0.553328 -0.129182 -0.151097
v -0.551895 -0.130391 0.149594
v -0.553021 -0.111734 -0.151782
v -0.556179 -0.105260 0.148144
v -0.552419 -0.091275 -0.151803
v -0.553711 -0.087660 0.148651
v -0.555169 -0.069587 -0.150881
v -0.552703 -0.067777 0.149692
v -0.551475 -0.049660 -0.152581
v -0.554436 -0.046128 0.148607
v -0.557370 -0.030896 -0.150384
v -0.554799 -0.028710 0.148309
v -0.553712 -0.007177 -0.151345
v -0.553967 -0.009187 0.148812
v -0.550579 0.013582 -0.152120
v -0.552818 0.012629 0.148847
v -0.555223 0.028120 -0.150351
v -0.561333 0.038566 0.131674
v -0.553076 0.029116 0.149147
v -0.553103 0.048785 -0.150973
v -0.561722 0.047650 0.104423
v -0.561215 0.049353 0.127133
v -0.552920 0.049424 0.148942
v -0.553691 0.063830 -0.151115
v -0.561483 0.074901 0.090797
v -0.561292 0.062979 0.110100
v -0.560803 0.068940 0.128835
v -0.555255 0.067709 0.145810
v -0.554421 0.086888 -0.149433
v -0.561544 0.086823 0.077456
v -0.560905 0.085783 0.104802
v -0.560022 0.096096 0.126754
v -0.553690 0.087308 0.147255
v -0.553505 0.109438 -0.149289
v -0.561376 0.106694 0.061559
v -0.560730 0.111236 0.087391
v -0.560026 0.115778 0.111236
v -0.559706 0.111141 0.124862
v -0.550352 0.106766 0.149237
v -0.552133 0.128025 -0.149416
v -0.561694 0.126849 0.009754
v -0.561437 0.119184 0.038566
v -0.561201 0.117481 0.053327
v -0.560828 0.127132 0.059572
v -0.560368 0.129971 0.080011
v -0.559708 0.131391 0.104707
v -0.558964 0.130077 0.125487
v -0.552541 0.125558 0.145805
v -0.554516 0.144127 -0.145727
v -0.561386 0.149274 -0.130051
v -0.561502 0.152113 -0.112451
v -0.561415 0.149842 -0.087471
v -0.561559 0.145868 -0.072710
v -0.561381 0.152113 -0.043188
v -0.561628 0.143029 -0.034104
v -0.561573 0.143029 -0.014801
v -0.561309 0.146435 0.013586
v -0.561056 0.147571 0.029198
v -0.560845 0.146435 0.042966
v -0.560213 0.149842 0.066668
v -0.559729 0.149274 0.085121
v -0.558912 0.150529 0.106969
v -0.557894 0.146577 0.129183
v -0.551137 0.145793 0.146385
v -0.552297 0.165347 -0.141900
v -0.558368 0.165035 -0.127773
v -0.558873 0.167413 -0.108168
v -0.559678 0.166158 -0.090688
v -0.559767 0.166034 -0.065613
v -0.560296 0.163378 -0.046140
v -0.559588 0.166114 -0.027291
v -0.559910 0.165738 -0.000040
v -0.559587 0.165594 0.010861
v -0.559915 0.163648 0.031299
v -0.559500 0.163682 0.047480
v -0.558849 0.164600 0.067595
v -0.557058 0.168799 0.085906
v -0.556814 0.165112 0.106481
v -0.554789 0.164989 0.127580
v -0.548520 0.165541 0.143326
v -0.544048 0.176911 -0.139810
v -0.548932 0.178304 -0.128315
v -0.550318 0.179150 -0.108725
v -0.549914 0.180645 -0.086802
v -0.550507 0.180442 -0.065635
v -0.550413 0.181068 -0.044607
v -0.552393 0.179181 -0.031606
v -0.552045 0.179055 -0.005576
v -0.550880 0.180469 0.011145
v -0.550931 0.179958 0.031065
v -0.551551 0.179148 0.048778
v -0.550905 0.178954 0.069135
v -0.548389 0.180288 0.088668
v -0.548599 0.178740 0.107844
v -0.546994 0.177871 0.127365
v -0.544394 0.176312 0.139503
v -0.524626 -0.174547 -0.081794
v -0.524626 -0.174473 -0.065897
v -0.525534 -0.175373 -0.051590
v -0.529627 -0.175536 -0.029075
v -0.530709 -0.176261 -0.008308
v -0.532144 -0.175932 0.009408
v -0.532441 -0.176722 0.032652
v -0.531010 -0.176840 0.049526
v -0.530999 -0.176952 0.066141
v -0.529100 -0.177194 0.085241
v -0.532192 -0.177236 0.107311
v -0.533046 -0.176951 0.127097
v -0.533430 -0.164683 -0.143412
v -0.530983 -0.170969 -0.130819
v -0.532887 -0.171513 -0.107215
v -0.531999 -0.172368 -0.085895
v -0.530792 -0.173269 -0.070190
v -0.536561 -0.173177 -0.049575
v -0.539786 -0.173255 -0.029460
v -0.540024 -0.173619 -0.015369
v -0.542395 -0.173276 0.001096
v -0.542079 -0.173557 0.131674
v -0.534158 -0.166907 0.143113
v -0.533346 -0.146712 -0.152734
v -0.534646 -0.146882 0.150447
v -0.532272 -0.128096 -0.154227
v -0.534467 -0.128726 0.151418
v -0.529817 -0.109657 -0.154482
v -0.534845 -0.108193 0.151622
v -0.532802 -0.088947 -0.154311
v -0.538252 -0.082361 0.151995
v -0.533710 -0.077252 -0.154294
v -0.532953 -0.066276 0.152343
v -0.524058 -0.046026 -0.154036
v -0.533710 -0.033962 -0.154298
v -0.530871 -0.012247 -0.154240
v -0.533710 -0.018207 0.153511
v -0.535040 0.010799 -0.154387
v -0.534359 0.008407 0.154091
v -0.531730 0.026078 -0.154479
v -0.536846 0.029290 0.154396
v -0.533459 0.045441 -0.154563
v -0.532053 0.052172 0.154736
v -0.532915 0.070991 -0.154556
v -0.535981 0.061559 0.154785
v -0.529168 0.072630 0.155117
v -0.535153 0.086016 -0.154440
v -0.539510 0.088527 0.154566
v -0.529168 0.089851 0.155217
v -0.532859 0.106552 -0.154148
v -0.540463 0.103676 0.154377
v -0.531439 0.105558 0.155158
v -0.534164 0.126451 -0.153556
v -0.535733 0.127417 0.154577
v -0.526897 0.126281 0.155283
v -0.533142 0.147003 -0.152393
v -0.532539 0.149204 0.154271
v -0.526897 0.144165 0.155112
v -0.533410 0.164711 -0.149428
v -0.531793 0.165105 0.151621
v -0.532535 0.178807 -0.142148
v -0.535321 0.184040 -0.128017
v -0.531459 0.185868 -0.106329
v -0.531796 0.186219 -0.088891
v -0.535934 0.186139 -0.072395
v -0.530453 0.186821 -0.050284
v -0.531703 0.186811 -0.038646
v -0.531371 0.186864 -0.013098
v -0.529168 0.187176 0.009044
v -0.532621 0.186666 0.032889
v -0.533765 0.186455 0.055664
v -0.531964 0.186413 0.061537
v -0.532323 0.185871 0.084708
v -0.532682 0.185142 0.104715
v -0.533858 0.183702 0.128732
v -0.532976 0.179187 0.143502
v -0.511285 -0.175219 -0.104503
v -0.513461 -0.175498 -0.085200
v -0.512817 -0.175677 -0.067108
v -0.514393 -0.176870 -0.048864
v -0.511971 -0.178503 -0.027705
v -0.511929 -0.178752 -0.009187
v -0.511317 -0.179513 0.008327
v -0.513065 -0.179413 0.029482
v -0.515088 -0.179767 0.048558
v -0.512239 -0.179738 0.068501
v -0.512071 -0.180754 0.086149
v -0.513776 -0.179897 0.107199
v -0.513130 -0.178003 0.126550
v -0.514407 -0.174698 0.138487
v -0.513068 -0.165587 -0.143784
v -0.513746 -0.172513 -0.128789
v -0.515038 -0.174005 -0.110307
v -0.520084 -0.174011 -0.093148
v -0.514785 -0.167195 0.144461
v -0.511284 -0.143487 -0.153751
v -0.512775 -0.144812 0.151071
v -0.513656 -0.125219 -0.154563
v -0.512514 -0.122670 0.151303
v -0.514268 -0.110347 -0.154472
v -0.512325 -0.106017 0.151511
v -0.517813 -0.095419 -0.154188
v -0.518665 -0.066464 -0.153897
v -0.513271 -0.071859 0.152127
v -0.514407 -0.050284 -0.153741
v -0.515543 -0.045601 0.152716
v -0.513271 -0.026723 -0.153787
v -0.513271 -0.017072 -0.153802
v -0.508730 -0.009124 0.153343
v -0.512562 0.002657 -0.153767
v -0.508730 0.027779 -0.153714
v -0.521707 0.026616 0.154397
v -0.511379 0.052949 -0.153838
v -0.517813 0.053327 0.154782
v -0.511001 0.077172 -0.153683
v -0.520084 0.075469 0.155136
v -0.515259 0.091223 -0.153834
v -0.522355 0.083985 0.155251
v -0.512515 0.105937 -0.153727
v -0.514785 0.103571 0.155364
v -0.513555 0.123726 -0.153624
v -0.516678 0.122591 0.155482
v -0.514975 0.145300 -0.153005
v -0.519111 0.143678 0.155355
v -0.517813 0.165713 -0.150662
v -0.515732 0.163519 0.153958
v -0.514501 0.179763 -0.143546
v -0.517769 0.185603 -0.126965
v -0.513839 0.186588 -0.108477
v -0.516678 0.187062 -0.085200
v -0.513271 0.187391 -0.068168
v -0.512136 0.187673 -0.051325
v -0.508730 0.187893 -0.036375
v -0.512136 0.187849 -0.006663
v -0.513271 0.187637 0.030901
v -0.514785 0.187196 0.067142
v -0.514407 0.186848 0.085499
v -0.514345 0.186395 0.102093
v -0.516191 0.185608 0.127781
v -0.516147 0.180119 0.146131
v -0.490562 -0.174603 -0.118129
v -0.493540 -0.175885 -0.109010
v -0.494852 -0.176122 -0.086588
v -0.493142 -0.176866 -0.067162
v -0.492213 -0.178451 -0.050233
v -0.494570 -0.179820 -0.028760
v -0.495519 -0.180476 -0.009296
v -0.496282 -0.181630 0.007752
v -0.495243 -0.181527 0.028612
v -0.494999 -0.181561 0.050761
v -0.493630 -0.181784 0.066836
v -0.493138 -0.181746 0.086973
v -0.495389 -0.180804 0.106895
v -0.494221 -0.178973 0.126442
v -0.484783 -0.175561 0.138268
v -0.492110 -0.164833 -0.145790
v -0.494044 -0.172898 -0.131760
v -0.496902 -0.161950 0.148082
v -0.491243 -0.146743 -0.153464
v -0.494196 -0.148559 0.150916
v -0.493401 -0.127401 -0.154080
v -0.498511 -0.128727 0.151128
v -0.496239 -0.106774 -0.153787
v -0.501917 -0.094284 -0.153690
v -0.495785 -0.067373 -0.153177
v -0.492833 -0.067033 0.151963
v -0.484317 -0.040349 -0.152719
v -0.495104 -0.050001 0.152373
v -0.492833 -0.020478 -0.153082
v -0.490562 -0.011679 0.153064
v -0.493684 0.007909 -0.153172
v -0.494536 0.026076 -0.153341
v -0.494915 0.023615 0.153809
v -0.484885 0.049921 -0.153036
v -0.489381 0.047035 0.154128
v -0.496807 0.073340 -0.153321
v -0.498178 0.060522 0.154552
v -0.501917 0.090797 -0.153420
v -0.501917 0.083417 0.154977
v -0.490846 0.128268 -0.153311
v -0.498510 0.118049 0.155402
v -0.494725 0.145300 -0.152954
v -0.492123 0.145300 0.155398
v -0.496240 0.166756 -0.150617
v -0.491925 0.164413 0.154102
v -0.503052 0.156655 0.155023
v -0.488575 0.179341 -0.143259
v -0.492946 0.185550 -0.129859
v -0.494962 0.186605 -0.110181
v -0.497943 0.187157 -0.087755
v -0.499646 0.187578 -0.067033
v -0.497753 0.187952 -0.049244
v -0.496239 0.188156 -0.031833
v -0.488859 0.188298 -0.008556
v -0.495956 0.187994 0.018766
v -0.491698 0.187664 0.049070
v -0.496239 0.187243 0.072630
v -0.489427 0.187072 0.080578
v -0.489996 0.185951 0.115966
v -0.492076 0.185608 0.126376
v -0.489445 0.180205 0.146090
v -0.474666 -0.174810 -0.120400
v -0.474076 -0.176208 -0.107859
v -0.474968 -0.176624 -0.084065
v -0.474715 -0.177923 -0.068608
v -0.475734 -0.179288 -0.049867
v -0.475171 -0.180902 -0.028100
v -0.473176 -0.181580 -0.009367
v -0.478325 -0.181928 0.007848
v -0.474394 -0.182287 0.030604
v -0.476136 -0.182550 0.049709
v -0.474004 -0.182513 0.065682
v -0.474639 -0.182381 0.085721
v -0.474808 -0.181897 0.105950
v -0.475363 -0.179803 0.127123
v -0.473488 -0.176517 0.137526
v -0.475252 -0.167408 -0.142959
v -0.475927 -0.173395 -0.128892
v -0.475801 -0.165816 0.146319
v -0.472962 -0.147651 -0.153281
v -0.476936 -0.149922 0.150819
v -0.471118 -0.128206 -0.153884
v -0.467569 -0.131754 0.150774
v -0.479207 -0.106774 -0.153659
v -0.478072 -0.096555 -0.153465
v -0.473246 -0.086619 0.151388
v -0.472205 -0.066985 -0.152806
v -0.474098 -0.066749 0.151645
v -0.473341 -0.048676 -0.152497
v -0.472395 -0.047730 0.152035
v -0.473246 -0.029278 -0.152345
v -0.480343 -0.006853 -0.152591
v -0.479397 0.013396 -0.152767
v -0.475233 0.007341 0.153105
v -0.472395 0.033457 -0.152629
v -0.476936 0.049921 -0.152815
v -0.474666 0.044243 0.153791
v -0.476368 0.067709 -0.152943
v -0.473348 0.068010 0.154302
v -0.466150 0.088527 -0.153161
v -0.480056 0.093343 0.154890
v -0.475092 0.106268 -0.153232
v -0.470691 0.128410 -0.153031
v -0.469556 0.133945 0.155368
v -0.472679 0.148707 -0.152787
v -0.475801 0.152113 0.155282
v -0.476936 0.156655 -0.152344
v -0.469556 0.166584 0.153723
v -0.470691 0.156655 0.155105
v -0.467285 0.183143 -0.140215
v -0.473956 0.186105 -0.120811
v -0.475801 0.186518 -0.111316
v -0.480343 0.187564 -0.071574
v -0.474476 0.188097 -0.051325
v -0.475091 0.188435 -0.027007
v -0.474666 0.188482 -0.006853
v -0.475801 0.188309 0.014153
v -0.476936 0.187968 0.038566
v -0.474666 0.187691 0.053327
v -0.473530 0.187442 0.064682
v -0.483182 0.186644 0.093825
v -0.478154 0.186227 0.104216
v -0.482614 0.185161 0.131674
v -0.471231 0.179557 0.146214
v -0.454606 -0.174467 -0.121914
v -0.453904 -0.176887 -0.105880
v -0.453848 -0.178474 -0.086146
v -0.453578 -0.178047 -0.068655
v -0.454454 -0.179559 -0.050001
v -0.455731 -0.182156 -0.030389
v -0.454648 -0.181926 -0.009829
v -0.454681 -0.183129 0.009498
v -0.454227 -0.183333 0.029785
v -0.454076 -0.182927 0.050072
v -0.453659 -0.183221 0.066953
v -0.454846 -0.182682 0.087701
v -0.454150 -0.181915 0.107049
v -0.457104 -0.180524 0.125352
v -0.456214 -0.176808 0.138042
v -0.456302 -0.166226 -0.144849
v -0.455930 -0.173869 -0.129483
v -0.455576 -0.167040 0.145840
v -0.451956 -0.145380 -0.153320
v -0.458769 -0.149165 0.150682
v -0.449685 -0.131754 -0.153689
v -0.455930 -0.125793 0.150502
v -0.450821 -0.114722 -0.153404
v -0.450442 -0.110559 0.150604
v -0.452240 -0.090026 -0.153042
v -0.451388 -0.093716 0.150869
v -0.451048 -0.066919 -0.152618
v -0.456072 -0.069020 0.151234
v -0.455552 -0.043566 -0.151924
v -0.456782 -0.049433 0.151643
v -0.462175 -0.031833 -0.151949
v -0.456687 -0.009124 -0.151581
v -0.457350 -0.009408 0.152434
v -0.456498 0.006773 -0.151667
v -0.453091 0.005069 0.152676
v -0.458769 0.029482 -0.152004
v -0.457917 0.021534 0.153039
v -0.454653 0.048288 -0.152194
v -0.452808 0.039843 0.153343
v -0.454227 0.070170 -0.152724
v -0.450253 0.063546 0.153893
v -0.454511 0.090798 -0.153249
v -0.445944 0.081492 0.154259
v -0.450064 0.108208 -0.153501
v -0.449118 0.107830 0.154883
v -0.461324 0.110100 0.155041
v -0.457066 0.123726 -0.153159
v -0.463311 0.120320 0.155214
v -0.457066 0.144165 -0.152944
v -0.450253 0.149842 0.155288
v -0.453659 0.164913 -0.151117
v -0.451956 0.161197 0.154727
v -0.451956 0.156655 0.155143
v -0.456498 0.179927 -0.144192
v -0.463085 0.185592 -0.127221
v -0.456593 0.187097 -0.087944
v -0.461040 0.187631 -0.069303
v -0.453092 0.188370 -0.040917
v -0.458202 0.188544 -0.027291
v -0.456782 0.188623 -0.005718
v -0.456498 0.188454 0.015857
v -0.461750 0.188079 0.037430
v -0.449118 0.187923 0.046798
v -0.453092 0.187350 0.066669
v -0.452665 0.186629 0.088048
v -0.461040 0.185827 0.108965
v -0.454794 0.184793 0.128268
v -0.452800 0.181503 0.142935
v -0.435492 -0.175175 -0.123238
v -0.436709 -0.176774 -0.106232
v -0.435411 -0.179765 -0.086984
v -0.437505 -0.178949 -0.068581
v -0.434733 -0.180377 -0.049522
v -0.435694 -0.181996 -0.029568
v -0.437221 -0.182235 -0.009978
v -0.436060 -0.182652 0.009917
v -0.436060 -0.184180 0.029482
v -0.435807 -0.183817 0.050678
v -0.436060 -0.183724 0.065817
v -0.436886 -0.183014 0.086462
v -0.436460 -0.183222 0.105892
v -0.434535 -0.180595 0.125845
v -0.433505 -0.176853 0.138084
v -0.435794 -0.170189 -0.141388
v -0.437422 -0.173798 -0.132208
v -0.434849 -0.164330 0.147046
v -0.437479 -0.144812 -0.153257
v -0.436684 -0.145834 0.150421
v -0.433789 -0.128575 -0.153842
v -0.434971 -0.127536 0.150898
v -0.435634 -0.108477 -0.153300
v -0.434294 -0.106017 0.151793
v -0.432843 -0.088039 -0.152650
v -0.435908 -0.087395 0.151001
v -0.432275 -0.071574 -0.151985
v -0.438047 -0.071858 0.150792
v -0.433789 -0.048487 -0.151269
v -0.437195 -0.050001 0.151292
v -0.435152 -0.031152 -0.150978
v -0.433789 -0.021046 0.151778
v -0.433789 -0.007988 -0.150996
v -0.440602 -0.005717 0.152111
v -0.435208 0.006678 -0.151082
v -0.434243 0.014437 0.152499
v -0.432767 0.032094 -0.151557
v -0.434546 0.050867 -0.152451
v -0.436627 0.044811 0.153227
v -0.434640 0.068159 -0.152982
v -0.442872 0.088527 -0.153302
v -0.430808 0.104423 -0.153603
v -0.428111 0.107830 0.154741
v -0.435704 0.125997 -0.153173
v -0.436344 0.123537 0.155067
v -0.435606 0.148479 -0.152999
v -0.440672 0.143029 0.155231
v -0.429625 0.164226 -0.151229
v -0.437192 0.163320 0.154078
v -0.429247 0.179229 -0.143336
v -0.442872 0.185255 -0.129483
v -0.439034 0.186254 -0.110529
v -0.445427 0.188086 -0.053975
v -0.439466 0.188325 0.031185
v -0.445143 0.186310 0.094725
v -0.436166 0.185754 0.105570
v -0.440223 0.184561 0.128646
v -0.437933 0.178263 0.147367
v -0.416984 -0.175414 -0.123306
v -0.417872 -0.177458 -0.104898
v -0.417758 -0.179198 -0.086469
v -0.418346 -0.180901 -0.068849
v -0.419970 -0.181694 -0.048541
v -0.417347 -0.182233 -0.028759
v -0.417243 -0.183265 -0.008151
v -0.417892 -0.183160 0.010267
v -0.418012 -0.183787 0.029243
v -0.418144 -0.184454 0.050425
v -0.417182 -0.184299 0.067094
v -0.416669 -0.184213 0.086430
v -0.415615 -0.182740 0.107089
v -0.418258 -0.180778 0.126465
v -0.415621 -0.177111 0.138508
v -0.414612 -0.166869 -0.144989
v -0.420920 -0.173616 -0.132511
v -0.421677 -0.167447 0.146141
v -0.423002 -0.145380 -0.153293
v -0.416617 -0.142127 0.150143
v -0.417466 -0.127212 -0.154112
v -0.417261 -0.126051 0.150748
v -0.419027 -0.110748 -0.153646
v -0.418891 -0.104049 0.151606
v -0.413350 -0.088985 -0.152701
v -0.417608 -0.089363 0.151141
v -0.421980 -0.067260 -0.151723
v -0.420163 -0.053785 -0.151485
v -0.411079 -0.050001 0.151047
v -0.416984 -0.032742 -0.151589
v -0.415167 -0.008897 -0.151902
v -0.416378 0.008035 -0.151481
v -0.415621 0.014011 0.152278
v -0.413350 0.026757 -0.151042
v -0.408808 0.027779 0.152440
v -0.416189 0.052191 -0.152092
v -0.408241 0.040837 0.152707
v -0.417892 0.066271 -0.152942
v -0.424705 0.073482 0.153810
v -0.414864 0.087391 -0.153467
v -0.415608 0.089466 0.154177
v -0.413837 0.104099 -0.153954
v -0.417324 0.125997 -0.153313
v -0.414031 0.146663 -0.152893
v -0.415764 0.149274 0.155124
v -0.410512 0.158926 -0.152002
v -0.416899 0.164084 0.153902
v -0.419524 0.180126 -0.143829
v -0.417514 0.185197 -0.127212
v -0.422860 0.187133 -0.086903
v -0.423711 0.187864 -0.064761
v -0.416189 0.188470 -0.042620
v -0.423002 0.188682 -0.027291
v -0.421299 0.188785 -0.006853
v -0.423570 0.188678 0.013586
v -0.420163 0.188421 0.030618
v -0.420163 0.188136 0.043108
v -0.421440 0.187162 0.072062
v -0.408808 0.186332 0.090365
v -0.407673 0.185733 0.102152
v -0.417041 0.184737 0.121266
v -0.412593 0.182225 0.141717
v -0.396755 -0.176207 -0.124501
v -0.397918 -0.178171 -0.104621
v -0.397413 -0.180330 -0.087303
v -0.396379 -0.181098 -0.068313
v -0.396013 -0.181266 -0.047919
v -0.397454 -0.183583 -0.028160
v -0.397706 -0.182787 -0.009124
v -0.397855 -0.184054 0.008643
v -0.397774 -0.184768 0.028821
v -0.396819 -0.184938 0.050533
v -0.397754 -0.185349 0.065786
v -0.396385 -0.184764 0.086389
v -0.396664 -0.183257 0.106102
v -0.397481 -0.181103 0.125206
v -0.398305 -0.177172 0.138625
v -0.399400 -0.167741 -0.144329
v -0.399724 -0.174049 -0.134025
v -0.400103 -0.167945 0.145650
v -0.400718 -0.145380 -0.153107
v -0.394137 -0.143362 0.150145
v -0.398703 -0.126758 -0.153647
v -0.395260 -0.126410 0.150823
v -0.399346 -0.110370 -0.153274
v -0.397454 -0.105895 0.151600
v -0.398022 -0.087282 -0.152806
v -0.398280 -0.087987 0.151120
v -0.395561 -0.068736 -0.152507
v -0.405402 -0.073845 0.150361
v -0.392912 -0.048108 -0.152282
v -0.397075 -0.047351 0.150924
v -0.396697 -0.030698 -0.152142
v -0.399015 -0.026937 0.151246
v -0.396156 -0.007258 -0.152220
v -0.395751 0.007909 -0.151836
v -0.388370 0.007908 0.151664
v -0.397940 0.027535 -0.151084
v -0.392912 0.030050 0.152186
v -0.399441 0.050772 -0.151690
v -0.397738 0.045379 0.152631
v -0.398589 0.068372 -0.152196
v -0.402705 0.067095 0.153374
v -0.395182 0.091136 0.154089
v -0.397832 0.108587 -0.153792
v -0.400292 0.108681 0.154647
v -0.398211 0.125997 -0.153674
v -0.404834 0.125429 0.155041
v -0.397264 0.145679 -0.152971
v -0.401996 0.139622 0.155195
v -0.391777 0.166514 -0.150404
v -0.392533 0.167082 0.152797
v -0.389127 0.178470 -0.143885
v -0.401996 0.184497 -0.134025
v -0.402703 0.186100 -0.110083
v -0.388370 0.187108 -0.086336
v -0.398589 0.187961 -0.063626
v -0.403699 0.188221 -0.054542
v -0.396460 0.188766 -0.023885
v -0.394047 0.188832 -0.002311
v -0.390641 0.188710 0.014153
v -0.395750 0.188358 0.035160
v -0.398589 0.187910 0.050204
v -0.396886 0.187192 0.069223
v -0.391776 0.186311 0.087407
v -0.389505 0.185213 0.107830
v -0.389505 0.183920 0.127132
v -0.397681 0.179241 0.145785
v -0.378745 -0.175830 -0.124352
v -0.376298 -0.178880 -0.105659
v -0.377283 -0.180951 -0.087386
v -0.377485 -0.181867 -0.067469
v -0.377263 -0.181566 -0.051070
v -0.378293 -0.183085 -0.028143
v -0.376864 -0.183652 -0.009275
v -0.377015 -0.183315 0.009044
v -0.376975 -0.185081 0.029447
v -0.376590 -0.184835 0.049966
v -0.375546 -0.184880 0.066351
v -0.377015 -0.185161 0.086559
v -0.377258 -0.183297 0.107592
v -0.376286 -0.181165 0.125390
v -0.378529 -0.176992 0.139064
v -0.377171 -0.169100 -0.143569
v -0.383828 -0.174331 -0.134025
v -0.377502 -0.167962 0.145720
v -0.378025 -0.144371 -0.153005
v -0.377772 -0.136381 0.149957
v -0.373893 -0.125935 -0.153284
v -0.377025 -0.126383 0.150440
v -0.377015 -0.108051 -0.152731
v -0.377469 -0.105563 0.151592
v -0.377015 -0.086903 -0.152642
v -0.378450 -0.086216 0.150936
v -0.375880 -0.067600 -0.152516
v -0.386667 -0.068026 0.150428
v -0.377772 -0.050001 -0.152380
v -0.375123 -0.047919 0.150610
v -0.380649 -0.029562 -0.152507
v -0.372701 -0.025588 0.150773
v -0.379286 -0.009692 -0.151898
v -0.379286 -0.003162 0.151254
v -0.380232 0.010747 -0.151550
v -0.376873 0.030902 -0.152079
v -0.373893 0.028914 0.151716
v -0.377015 0.045095 -0.152230
v -0.377867 0.050488 0.152421
v -0.378718 0.067066 -0.152054
v -0.380989 0.069224 0.153192
v -0.386099 0.095339 -0.152777
v -0.379513 0.105786 -0.152886
v -0.370203 0.106233 0.154546
v -0.380043 0.127889 -0.153067
v -0.370203 0.120320 0.154955
v -0.378718 0.145300 -0.152691
v -0.369067 0.136216 0.155261
v -0.378264 0.162178 -0.151146
v -0.378662 0.164656 0.153943
v -0.382920 0.179832 -0.142780
v -0.386099 0.184771 -0.128726
v -0.385532 0.186066 -0.107487
v -0.383544 0.187535 -0.075832
v -0.375880 0.188372 -0.048865
v -0.370912 0.188685 -0.031833
v -0.377441 0.188830 -0.013098
v -0.374460 0.188756 0.007341
v -0.371905 0.188478 0.027779
v -0.370203 0.187803 0.052192
v -0.372474 0.187098 0.069365
v -0.370203 0.186215 0.086946
v -0.377015 0.185169 0.106694
v -0.376803 0.183901 0.124578
v -0.374176 0.178726 0.146076
v -0.359497 -0.175992 -0.126032
v -0.359249 -0.178734 -0.106204
v -0.359665 -0.180835 -0.087670
v -0.358836 -0.180961 -0.068811
v -0.358317 -0.181884 -0.050009
v -0.358990 -0.183295 -0.028710
v -0.359302 -0.184130 -0.008973
v -0.358848 -0.184208 0.009044
v -0.358596 -0.184844 0.028851
v -0.358666 -0.184726 0.052010
v -0.361119 -0.184172 0.068088
v -0.358524 -0.184451 0.086256
v -0.358912 -0.183615 0.106541
v -0.358500 -0.181187 0.125530
v -0.357145 -0.177213 0.138691
v -0.357220 -0.167998 -0.144725
v -0.360693 -0.168848 0.145576
v -0.359226 -0.147651 -0.153266
v -0.360146 -0.143758 0.150353
v -0.357980 -0.125232 -0.154131
v -0.358914 -0.125155 0.150269
v -0.358072 -0.107872 -0.154109
v -0.357531 -0.104180 0.151078
v -0.359132 -0.085484 -0.153275
v -0.359497 -0.089580 0.150814
v -0.356690 -0.067714 -0.152259
v -0.361687 -0.070439 0.150249
v -0.355158 -0.051703 -0.151853
v -0.356576 -0.047730 0.150297
v -0.362822 -0.027575 -0.152111
v -0.358091 -0.026408 0.150909
v -0.357523 -0.009219 -0.151428
v -0.356274 -0.011092 0.151157
v -0.358848 0.002988 -0.151382
v -0.355214 0.010179 0.150786
v -0.361119 0.027535 -0.152264
v -0.352035 0.031753 0.151283
v -0.358848 0.049240 -0.151764
v -0.350900 0.045379 0.151732
v -0.358848 0.066196 -0.151765
v -0.355158 0.066574 0.152778
v -0.357144 0.086965 -0.152028
v -0.362538 0.080294 0.153486
v -0.360835 0.103571 -0.152415
v -0.356861 0.122874 -0.152548
v -0.354306 0.133945 0.155234
v -0.354306 0.147571 -0.152377
v -0.359037 0.146814 0.155295
v -0.363957 0.170623 -0.149212
v -0.352035 0.168964 0.152523
v -0.354874 0.156655 0.155037
v -0.358219 0.180339 -0.142477
v -0.362396 0.184817 -0.126644
v -0.358848 0.186047 -0.105787
v -0.364525 0.187043 -0.086336
v -0.352745 0.187758 -0.068168
v -0.352886 0.188363 -0.048298
v -0.367932 0.188242 0.038566
v -0.351467 0.187267 0.062411
v -0.357145 0.185597 0.095339
v -0.367932 0.182940 0.133945
v -0.358239 0.181304 0.142244
v -0.340887 -0.176340 -0.126012
v -0.340061 -0.178316 -0.106774
v -0.339166 -0.180307 -0.084254
v -0.337957 -0.180972 -0.068910
v -0.339593 -0.182275 -0.050183
v -0.338759 -0.182550 -0.029911
v -0.340061 -0.182800 -0.010156
v -0.340832 -0.183867 0.009498
v -0.341039 -0.184599 0.029004
v -0.339839 -0.184712 0.051351
v -0.340356 -0.184695 0.068737
v -0.340474 -0.184041 0.085017
v -0.340828 -0.182536 0.107071
v -0.339559 -0.180987 0.125488
v -0.336517 -0.177463 0.138342
v -0.337761 -0.172611 -0.141092
v -0.337274 -0.167100 0.146098
v -0.337671 -0.144926 -0.153405
v -0.336609 -0.144128 0.150184
v -0.337728 -0.127212 -0.154014
v -0.340270 -0.127989 0.150638
v -0.345222 -0.106774 -0.153944
v -0.340083 -0.106176 0.151818
v -0.342951 -0.083497 -0.153282
v -0.341328 -0.088097 0.150919
v -0.340518 -0.067681 -0.152296
v -0.339261 -0.071007 0.150044
v -0.341390 -0.049859 -0.151500
v -0.337066 -0.048680 0.150064
v -0.340680 -0.022749 -0.150867
v -0.338643 -0.027408 0.152049
v -0.337955 -0.007534 -0.150708
v -0.341039 -0.007570 0.153000
v -0.339923 0.012451 -0.151054
v -0.341134 0.009195 0.152144
v -0.339318 0.028119 -0.151340
v -0.337085 0.028536 0.151340
v -0.338636 0.050375 -0.151167
v -0.338734 0.048299 0.151595
v -0.338409 0.062789 -0.151315
v -0.331597 0.066953 0.152613
v -0.336422 0.085688 -0.151800
v -0.342952 0.086255 0.153626
v -0.333868 0.112371 -0.152277
v -0.338409 0.107197 0.154446
v -0.340396 0.124861 -0.152413
v -0.340680 0.123726 0.154957
v -0.341627 0.145300 -0.152374
v -0.339545 0.143483 0.155267
v -0.338409 0.164429 -0.150601
v -0.348629 0.160926 0.154634
v -0.341363 0.178721 -0.143495
v -0.339166 0.184485 -0.129483
v -0.337274 0.185555 -0.113587
v -0.339545 0.186789 -0.088606
v -0.334010 0.188700 -0.024737
v -0.340680 0.188608 0.011315
v -0.343519 0.188078 0.039701
v -0.337132 0.186886 0.067419
v -0.339545 0.185628 0.090797
v -0.338409 0.183294 0.126376
v -0.338928 0.179594 0.144922
v -0.317971 -0.174578 -0.138567
v -0.319817 -0.177112 -0.125839
v -0.319764 -0.178321 -0.106654
v -0.318766 -0.180957 -0.085343
v -0.319117 -0.182214 -0.069095
v -0.320124 -0.181767 -0.050084
v -0.320242 -0.182945 -0.028151
v -0.320509 -0.184546 -0.008990
v -0.320242 -0.184425 0.009549
v -0.320458 -0.183620 0.028617
v -0.320517 -0.184352 0.051091
v -0.319990 -0.184104 0.068593
v -0.320494 -0.184113 0.085751
v -0.320620 -0.183287 0.106442
v -0.320310 -0.181013 0.126210
v -0.322513 -0.175888 0.140609
v -0.321070 -0.168636 -0.145246
v -0.319788 -0.164611 0.147341
v -0.317971 -0.138567 -0.153642
v -0.324183 -0.143063 0.150207
v -0.317063 -0.129937 -0.153643
v -0.321328 -0.126706 0.150546
v -0.317971 -0.110181 -0.152994
v -0.321053 -0.103449 0.151504
v -0.320242 -0.083781 -0.152780
v -0.319584 -0.089196 0.150791
v -0.322513 -0.067790 -0.152656
v -0.320128 -0.063626 0.149970
v -0.319593 -0.048378 -0.152162
v -0.321251 -0.050757 0.152014
v -0.318425 -0.034331 -0.151883
v -0.324784 -0.028199 0.152964
v -0.320242 -0.011820 -0.150994
v -0.321377 -0.009805 0.153233
v -0.319674 0.010179 -0.151045
v -0.323471 0.010179 0.153529
v -0.318879 0.031980 -0.151565
v -0.323589 0.031992 0.153538
v -0.319106 0.050489 -0.151421
v -0.319674 0.048407 0.152500
v -0.315700 0.066811 -0.151608
v -0.318539 0.068088 0.152635
v -0.317971 0.083985 -0.151985
v -0.323080 0.091933 0.153809
v -0.318350 0.106694 -0.152475
v -0.325919 0.113507 0.154579
v -0.322324 0.129593 -0.152567
v -0.317403 0.126565 0.154932
v -0.320999 0.148328 -0.152305
v -0.320242 0.152113 0.155146
v -0.316079 0.162750 -0.150781
v -0.324216 0.165123 0.153293
v -0.313429 0.182049 -0.139580
v -0.319106 0.184409 -0.129483
v -0.322939 0.185930 -0.105288
v -0.316552 0.187088 -0.080658
v -0.319674 0.187624 -0.068168
v -0.322513 0.188244 -0.050001
v -0.329184 0.188529 -0.038646
v -0.320620 0.188724 -0.010638
v -0.320242 0.188505 0.013586
v -0.322513 0.188180 0.031185
v -0.320242 0.187728 0.045947
v -0.312010 0.187152 0.059004
v -0.328190 0.185644 0.088527
v -0.315322 0.182927 0.127889
v -0.315443 0.178584 0.145002
v -0.303210 -0.174418 -0.138567
v -0.300933 -0.176623 -0.126823
v -0.299814 -0.179145 -0.107462
v -0.300712 -0.180398 -0.086477
v -0.298702 -0.182138 -0.067685
v -0.299682 -0.182494 -0.051013
v -0.299804 -0.182944 -0.029562
v -0.300328 -0.183103 -0.008949
v -0.299629 -0.184036 0.009044
v -0.298668 -0.184982 0.030334
v -0.300750 -0.184465 0.050678
v -0.299804 -0.183855 0.067439
v -0.299479 -0.184674 0.087229
v -0.299803 -0.183685 0.106694
v -0.299614 -0.181240 0.126226
v -0.300371 -0.175855 0.140580
v -0.299898 -0.168639 -0.144816
v -0.293748 -0.161547 0.148054
v -0.301507 -0.145380 -0.153316
v -0.305670 -0.143866 0.150267
v -0.299803 -0.126455 -0.153808
v -0.299520 -0.126208 0.150375
v -0.296681 -0.107058 -0.153414
v -0.299705 -0.105293 0.151324
v -0.304345 -0.087850 -0.152685
v -0.299962 -0.088332 0.150980
v -0.303588 -0.068168 -0.152388
v -0.298461 -0.066572 0.149851
v -0.298290 -0.049433 -0.152033
v -0.299875 -0.050087 0.150745
v -0.300056 -0.027796 -0.152168
v -0.300379 -0.029361 0.150961
v -0.299576 -0.007307 -0.151452
v -0.298668 -0.006853 0.151368
v -0.299662 0.009044 -0.151014
v -0.300011 0.007900 0.150543
v -0.296776 0.029860 -0.151187
v -0.300030 0.032548 0.150905
v -0.299993 0.049258 -0.151418
v -0.303446 0.047792 0.151589
v -0.297533 0.067331 -0.151733
v -0.297533 0.066243 0.152520
v -0.301696 0.090608 -0.152302
v -0.300371 0.090797 0.153759
v -0.305481 0.110100 -0.152504
v -0.296397 0.103131 0.154212
v -0.299993 0.144165 -0.152194
v -0.292877 0.141212 0.155139
v -0.303972 0.167049 -0.149948
v -0.290720 0.163010 0.153822
v -0.301621 0.178738 -0.143299
v -0.299046 0.184220 -0.128158
v -0.301791 0.185557 -0.110181
v -0.307752 0.186366 -0.094791
v -0.296019 0.187513 -0.068925
v -0.301223 0.188579 0.010179
v -0.298384 0.188089 0.034024
v -0.295893 0.186512 0.070163
v -0.300797 0.185575 0.086256
v -0.305197 0.184387 0.104991
v -0.300655 0.183394 0.119184
v -0.300598 0.178988 0.143424
v -0.281636 -0.174556 -0.138567
v -0.281235 -0.176890 -0.127097
v -0.282037 -0.180102 -0.105839
v -0.280937 -0.180143 -0.086860
v -0.279181 -0.181841 -0.068018
v -0.281068 -0.182258 -0.049717
v -0.281636 -0.182944 -0.028913
v -0.281182 -0.183495 -0.008670
v -0.282090 -0.183111 0.009347
v -0.282462 -0.184836 0.032166
v -0.281409 -0.184831 0.049467
v -0.281636 -0.184506 0.068088
v -0.282090 -0.184280 0.085953
v -0.280926 -0.182690 0.107971
v -0.281340 -0.181283 0.127407
v -0.282772 -0.177649 0.138194
v -0.280671 -0.170735 -0.143638
v -0.282772 -0.169573 0.144987
v -0.278797 -0.139324 -0.153645
v -0.279307 -0.144786 0.150230
v -0.281068 -0.122670 -0.153953
v -0.281137 -0.125564 0.150551
v -0.280122 -0.105449 -0.153836
v -0.281350 -0.105970 0.151039
v -0.281338 -0.088358 -0.153463
v -0.282115 -0.088666 0.150266
v -0.279041 -0.069304 -0.152626
v -0.281636 -0.058998 0.149805
v -0.279041 -0.048379 -0.151844
v -0.282152 -0.050176 0.152242
v -0.280374 -0.028048 -0.152108
v -0.282090 -0.028956 0.152224
v -0.280728 -0.007080 -0.152359
v -0.282204 -0.009408 0.151358
v -0.280088 0.007805 -0.151233
v -0.281182 0.009498 0.151922
v -0.279819 0.029482 -0.151556
v -0.279365 0.020398 0.150402
v -0.280338 0.050245 -0.151745
v -0.281825 0.045379 0.151494
v -0.278797 0.066669 -0.151954
v -0.283623 0.058437 0.152142
v -0.284191 0.087817 -0.152236
v -0.281068 0.089284 0.153628
v -0.280501 0.109344 -0.152171
v -0.277378 0.104613 0.154202
v -0.279365 0.126564 -0.152170
v -0.278513 0.121171 0.154697
v -0.279933 0.141137 -0.152106
v -0.272552 0.152113 0.155100
v -0.283566 0.164168 -0.150315
v -0.280784 0.171869 0.151197
v -0.288449 0.177707 -0.143768
v -0.288449 0.184428 -0.124941
v -0.276100 0.185300 -0.110180
v -0.282771 0.188584 -0.031833
v -0.282772 0.188725 -0.007989
v -0.282204 0.188535 0.013586
v -0.285610 0.188256 0.027211
v -0.271772 0.187709 0.043108
v -0.281423 0.184036 0.106411
v -0.283339 0.182500 0.126949
v -0.287110 0.178669 0.143459
v -0.263469 -0.174805 -0.138567
v -0.262570 -0.177266 -0.128626
v -0.261198 -0.178983 -0.107909
v -0.263524 -0.180938 -0.086510
v -0.260938 -0.181252 -0.068393
v -0.261198 -0.182402 -0.048348
v -0.261198 -0.183455 -0.030211
v -0.260396 -0.183622 -0.008189
v -0.260417 -0.184288 0.009115
v -0.260693 -0.184208 0.030155
v -0.260785 -0.185251 0.049714
v -0.261198 -0.184207 0.068656
v -0.260930 -0.184331 0.086657
v -0.261795 -0.182880 0.106694
v -0.260314 -0.181474 0.126736
v -0.264036 -0.177204 0.138658
v -0.259999 -0.167113 -0.146337
v -0.260062 -0.166585 0.146150
v -0.260346 -0.149922 -0.152981
v -0.261652 -0.140262 0.150044
v -0.259450 -0.123868 -0.154159
v -0.261175 -0.125808 0.150436
v -0.259725 -0.105908 -0.154365
v -0.259673 -0.107225 0.151436
v -0.261005 -0.085894 -0.153723
v -0.262472 -0.088077 0.150547
v -0.262674 -0.067714 -0.152638
v -0.261813 -0.062709 0.149778
v -0.264117 -0.045135 -0.151008
v -0.262264 -0.050434 0.151021
v -0.260556 -0.030171 -0.150411
v -0.260210 -0.030451 0.151723
v -0.263159 -0.009124 -0.150804
v -0.262393 -0.008287 0.152066
v -0.261734 0.007977 -0.150372
v -0.260653 0.006864 0.150893
v -0.265739 0.028347 -0.150718
v -0.267159 0.028063 0.150874
v -0.264442 0.045703 -0.150907
v -0.263469 0.043108 0.151476
v -0.264037 0.064966 -0.151612
v -0.252114 0.074901 0.152933
v -0.263468 0.088527 -0.152236
v -0.264983 0.101774 -0.152297
v -0.258927 0.113480 0.154453
v -0.262901 0.124748 -0.152308
v -0.253249 0.133945 0.154982
v -0.265456 0.149842 -0.151918
v -0.256656 0.143029 0.155135
v -0.261765 0.162557 -0.150655
v -0.259873 0.169799 0.151909
v -0.263847 0.180799 -0.140209
v -0.258132 0.183682 -0.129937
v -0.266023 0.186692 -0.084065
v -0.263894 0.187581 -0.065613
v -0.263468 0.188185 -0.050001
v -0.257223 0.188545 -0.034104
v -0.255520 0.188719 -0.009124
v -0.270281 0.188640 0.004502
v -0.265172 0.187114 0.055598
v -0.259447 0.186395 0.068563
v -0.256656 0.185169 0.086823
v -0.262260 0.182078 0.128713
v -0.261765 0.177226 0.145958
v -0.246058 -0.174730 -0.138567
v -0.242525 -0.177537 -0.126780
v -0.240625 -0.178907 -0.107576
v -0.240521 -0.181242 -0.086755
v -0.241084 -0.181805 -0.065813
v -0.242267 -0.182841 -0.049896
v -0.240759 -0.183647 -0.029562
v -0.239623 -0.184062 -0.008367
v -0.240910 -0.183700 0.008590
v -0.241019 -0.184978 0.030289
v -0.240759 -0.184875 0.050375
v -0.239536 -0.184755 0.068612
v -0.240759 -0.184240 0.086256
v -0.241118 -0.183781 0.105926
v -0.241686 -0.181097 0.126193
v -0.247004 -0.177291 0.138787
v -0.241408 -0.171277 -0.143572
v -0.239813 -0.169726 0.144959
v -0.243314 -0.140696 -0.153472
v -0.240532 -0.144616 0.150273
v -0.242396 -0.123010 -0.154124
v -0.241416 -0.127517 0.150554
v -0.242688 -0.107578 -0.154100
v -0.241151 -0.107714 0.151517
v -0.241894 -0.090026 -0.153421
v -0.240758 -0.087135 0.150690
v -0.243030 -0.073846 -0.152755
v -0.242706 -0.065908 0.149891
v -0.243030 -0.046367 -0.151885
v -0.243030 -0.049092 0.152397
v -0.240358 -0.028973 -0.150777
v -0.240060 -0.030960 0.152234
v -0.240734 -0.009216 -0.150061
v -0.239022 -0.010460 0.152007
v -0.240773 0.007575 -0.150121
v -0.243938 0.008590 0.151002
v -0.243030 0.030996 -0.150486
v -0.239813 0.028725 0.151037
v -0.244733 0.047082 -0.150808
v -0.237069 0.047082 0.151756
v -0.240305 0.065022 -0.151438
v -0.235650 0.077030 0.153036
v -0.245301 0.088337 -0.151904
v -0.239624 0.090797 0.153652
v -0.241232 0.107735 -0.152248
v -0.243030 0.102152 0.154084
v -0.247572 0.125429 -0.152390
v -0.243030 0.122591 0.154668
v -0.240570 0.147571 -0.152164
v -0.236501 0.135648 0.154944
v -0.247004 0.149842 0.155083
v -0.244592 0.163467 -0.150172
v -0.240435 0.164865 0.153237
v -0.242983 0.178424 -0.142906
v -0.243030 0.185104 -0.108667
v -0.235366 0.187945 -0.053407
v -0.241611 0.188684 -0.010259
v -0.242462 0.188559 0.006773
v -0.246815 0.188039 0.030239
v -0.245869 0.187052 0.054463
v -0.240049 0.178451 0.144556
v -0.227133 -0.174504 -0.138567
v -0.223585 -0.177530 -0.127232
v -0.223443 -0.180057 -0.104408
v -0.222638 -0.181350 -0.086302
v -0.222105 -0.182456 -0.068817
v -0.223500 -0.183307 -0.048941
v -0.222592 -0.183340 -0.029562
v -0.222916 -0.183669 -0.009773
v -0.222138 -0.184107 0.009498
v -0.222501 -0.183872 0.028210
v -0.222954 -0.184560 0.050310
v -0.222351 -0.185356 0.067187
v -0.222402 -0.184281 0.087391
v -0.222605 -0.183167 0.106115
v -0.222945 -0.181012 0.125622
v -0.224484 -0.176992 0.139108
v -0.222992 -0.169720 -0.144659
v -0.221714 -0.164946 0.146800
v -0.222430 -0.145704 -0.153015
v -0.222592 -0.152193 0.150284
v -0.223500 -0.124941 -0.153248
v -0.223487 -0.126802 0.150325
v -0.219564 -0.107720 -0.152775
v -0.223465 -0.106337 0.151125
v -0.224043 -0.087912 -0.153380
v -0.221366 -0.086809 0.150641
v -0.220321 -0.067600 -0.153243
v -0.218483 -0.061897 0.149844
v -0.220321 -0.047049 -0.152583
v -0.221520 -0.051470 0.151743
v -0.222592 -0.027291 -0.151982
v -0.225906 -0.029889 0.150161
v -0.223601 -0.008367 -0.151689
v -0.222950 -0.008452 0.151253
v -0.225115 0.008792 -0.151037
v -0.222864 0.007500 0.151712
v -0.223954 0.025848 -0.150684
v -0.222592 0.027211 0.151016
v -0.218050 0.043676 -0.151024
v -0.219640 0.066044 -0.151844
v -0.221456 0.058437 0.152233
v -0.221172 0.085688 -0.151991
v -0.219753 0.090797 0.153541
v -0.216915 0.108965 -0.152735
v -0.220534 0.127416 -0.152771
v -0.218950 0.117361 0.154403
v -0.221172 0.140758 -0.152584
v -0.215211 0.143029 0.154956
v -0.227134 0.147571 0.155018
v -0.218050 0.163194 -0.150784
v -0.224437 0.180451 -0.140126
v -0.219753 0.183840 -0.124941
v -0.218618 0.184413 -0.115858
v -0.222200 0.186250 -0.085353
v -0.226708 0.187112 -0.070297
v -0.229121 0.188192 -0.045459
v -0.230256 0.188491 -0.031076
v -0.222592 0.188349 0.013586
v -0.220888 0.187903 0.029482
v -0.222592 0.187231 0.047082
v -0.222592 0.186214 0.066432
v -0.222592 0.185465 0.077740
v -0.222592 0.183121 0.110100
v -0.224445 0.182017 0.124032
v -0.232243 0.180468 0.138487
v -0.203289 -0.175493 -0.138567
v -0.204760 -0.177822 -0.127590
v -0.203289 -0.179793 -0.107531
v -0.203874 -0.181521 -0.087307
v -0.204184 -0.182346 -0.068233
v -0.203743 -0.183352 -0.049092
v -0.204783 -0.183735 -0.030040
v -0.205787 -0.184411 -0.009351
v -0.204911 -0.183406 0.009693
v -0.204262 -0.184182 0.028347
v -0.204558 -0.184338 0.047783
v -0.204599 -0.184910 0.068961
v -0.204046 -0.185343 0.084742
v -0.204708 -0.183561 0.108113
v -0.203132 -0.181671 0.126369
v -0.199315 -0.176310 0.140057
v -0.199598 -0.169775 -0.144993
v -0.202153 -0.163547 0.148217
v -0.202721 -0.143487 -0.153256
v -0.203435 -0.142819 0.150177
v -0.203039 -0.125752 -0.153610
v -0.204765 -0.125211 0.150738
v -0.202955 -0.107423 -0.153024
v -0.204262 -0.107585 0.151372
v -0.206695 -0.086984 -0.152631
v -0.203126 -0.088282 0.150679
v -0.205181 -0.069304 -0.152533
v -0.205600 -0.066851 0.150010
v -0.205787 -0.047957 -0.151809
v -0.206843 -0.049491 0.150602
v -0.203572 -0.029562 -0.150881
v -0.206943 -0.036162 0.150110
v -0.204424 -0.009408 -0.151467
v -0.208058 -0.007988 0.150327
v -0.204310 0.010861 -0.150729
v -0.206411 0.007660 0.150661
v -0.200855 0.031915 -0.150535
v -0.211805 0.028347 0.151238
v -0.203572 0.048785 -0.150994
v -0.204850 0.047934 0.151904
v -0.206411 0.067237 -0.151653
v -0.208398 0.074617 0.152866
v -0.203289 0.086823 -0.151871
v -0.204651 0.109646 -0.152749
v -0.206316 0.101395 0.153845
v -0.200166 0.124862 -0.152870
v -0.203667 0.146719 -0.152462
v -0.204803 0.164806 -0.150121
v -0.201991 0.165316 0.153004
v -0.206695 0.177559 -0.143826
v -0.204424 0.182983 -0.131754
v -0.203289 0.185352 -0.097690
v -0.206695 0.186128 -0.085501
v -0.202153 0.187980 -0.047729
v -0.202721 0.188443 -0.027291
v -0.202153 0.188528 -0.010259
v -0.194489 0.188317 0.009044
v -0.202153 0.187685 0.034024
v -0.204897 0.181546 0.126565
v -0.205722 0.177861 0.144019
v -0.184743 -0.175197 -0.138567
v -0.182946 -0.177297 -0.128284
v -0.182952 -0.180446 -0.106591
v -0.182055 -0.182056 -0.084936
v -0.183325 -0.183128 -0.067455
v -0.182714 -0.184382 -0.049910
v -0.184121 -0.185104 -0.028994
v -0.183216 -0.185027 -0.010525
v -0.183380 -0.184667 0.010558
v -0.185598 -0.185132 0.027724
v -0.183878 -0.184759 0.048948
v -0.184225 -0.184784 0.068208
v -0.182383 -0.184933 0.085855
v -0.183553 -0.183893 0.106370
v -0.182688 -0.182274 0.125082
v -0.182566 -0.176545 0.140196
v -0.185960 -0.169738 -0.144880
v -0.189979 -0.163409 0.147738
v -0.185547 -0.143677 -0.153287
v -0.182396 -0.143535 0.150125
v -0.184143 -0.124601 -0.153940
v -0.183224 -0.127523 0.150321
v -0.182088 -0.107778 -0.154118
v -0.186007 -0.105362 0.151409
v -0.184175 -0.088607 -0.152953
v -0.184327 -0.088152 0.150855
v -0.189285 -0.067789 -0.151959
v -0.186824 -0.066465 0.150173
v -0.181715 -0.047049 -0.151134
v -0.183986 -0.030981 -0.150553
v -0.185018 -0.010259 -0.150384
v -0.184837 -0.001743 0.150731
v -0.185121 0.007625 -0.150310
v -0.176037 0.013586 0.151088
v -0.184175 0.028347 -0.150642
v -0.185121 0.049164 -0.150764
v -0.188811 0.049921 0.151961
v -0.185405 0.063262 -0.151164
v -0.178805 0.072701 0.152687
v -0.187165 0.088981 -0.151664
v -0.193070 0.089946 0.153357
v -0.182472 0.104991 -0.152182
v -0.177173 0.106694 0.153898
v -0.183418 0.122023 -0.152531
v -0.191305 0.119645 0.154302
v -0.181147 0.143029 -0.152378
v -0.185689 0.147003 0.154748
v -0.190231 0.162622 -0.150794
v -0.185179 0.162387 0.153504
v -0.186257 0.180504 -0.139624
v -0.178876 0.183421 -0.124184
v -0.185121 0.185187 -0.097690
v -0.193070 0.186983 -0.068168
v -0.181999 0.186409 0.058967
v -0.189805 0.183906 0.095339
v -0.175470 0.180807 0.131674
v -0.193637 0.178673 0.143029
v -0.163926 -0.176073 -0.137603
v -0.165434 -0.178471 -0.127509
v -0.165169 -0.179746 -0.105801
v -0.163897 -0.181723 -0.086556
v -0.164421 -0.184063 -0.068343
v -0.164167 -0.183511 -0.048968
v -0.163223 -0.183803 -0.031725
v -0.161781 -0.183975 -0.012404
v -0.163720 -0.185129 0.011023
v -0.164160 -0.185746 0.028184
v -0.162429 -0.185212 0.050126
v -0.163918 -0.185231 0.066999
v -0.163926 -0.185178 0.086256
v -0.163428 -0.184149 0.106216
v -0.163547 -0.182330 0.126430
v -0.163831 -0.176745 0.140410
v -0.165007 -0.168131 -0.146437
v -0.164576 -0.165534 0.147385
v -0.165534 -0.148787 -0.152856
v -0.164115 -0.140877 0.150016
v -0.164683 -0.125698 -0.153007
v -0.166475 -0.126564 0.150416
v -0.162898 -0.107423 -0.153201
v -0.162721 -0.105329 0.151623
v -0.160141 -0.090120 -0.152515
v -0.165364 -0.088152 0.151141
v -0.163061 -0.068817 -0.151664
v -0.165818 -0.071574 0.150196
v -0.164520 -0.048703 -0.151655
v -0.165061 -0.049622 0.150542
v -0.162033 -0.029940 -0.151796
v -0.159573 -0.028427 0.150723
v -0.162790 -0.009502 -0.151033
v -0.167521 -0.011253 0.150789
v -0.159006 0.009044 -0.150959
v -0.158627 0.013018 0.151215
v -0.164683 0.029104 -0.150980
v -0.165250 0.044811 -0.151190
v -0.169603 0.046892 0.151876
v -0.161601 0.070521 -0.152093
v -0.161276 0.088148 -0.152307
v -0.166954 0.089662 0.153276
v -0.166272 0.106013 -0.152184
v -0.160141 0.110643 0.154089
v -0.166386 0.128267 -0.152379
v -0.161702 0.130186 0.154641
v -0.170360 0.144165 -0.152330
v -0.170644 0.141326 0.154763
v -0.168799 0.163396 -0.150539
v -0.165705 0.162854 0.153176
v -0.163547 0.178192 -0.142517
v -0.165061 0.182813 -0.129483
v -0.169225 0.184663 -0.104503
v -0.173767 0.185870 -0.085244
v -0.168089 0.187287 -0.059084
v -0.167663 0.188188 -0.031833
v -0.162696 0.188343 -0.009124
v -0.168373 0.185445 0.072630
v -0.170360 0.182848 0.106694
v -0.164566 0.181330 0.124353
v -0.162980 0.179024 0.140758
v -0.142302 -0.176595 -0.137456
v -0.145031 -0.178843 -0.126649
v -0.145246 -0.180043 -0.107975
v -0.145957 -0.182153 -0.087536
v -0.144565 -0.183135 -0.068998
v -0.143866 -0.183662 -0.050757
v -0.144749 -0.184174 -0.030571
v -0.145657 -0.185919 -0.009761
v -0.144875 -0.184664 0.008539
v -0.145174 -0.185082 0.030927
v -0.144124 -0.186131 0.051174
v -0.146400 -0.185552 0.067333
v -0.142834 -0.185614 0.086890
v -0.145380 -0.184315 0.106946
v -0.144240 -0.181719 0.126299
v -0.148105 -0.177113 0.140011
v -0.144686 -0.165928 -0.147688
v -0.143450 -0.165463 0.147338
v -0.144749 -0.143866 -0.153187
v -0.149462 -0.144172 0.150203
v -0.144472 -0.123579 -0.153459
v -0.145420 -0.127505 0.150550
v -0.143866 -0.103935 -0.153119
v -0.144791 -0.105765 0.151802
v -0.144472 -0.087471 -0.152299
v -0.143650 -0.087309 0.151098
v -0.147935 -0.067600 -0.151414
v -0.145380 -0.069587 0.150356
v -0.145096 -0.046026 -0.151469
v -0.140838 -0.052271 0.150677
v -0.146029 -0.029400 -0.151884
v -0.141974 -0.032968 0.150852
v -0.145759 -0.012152 -0.151612
v -0.147225 0.007199 -0.151206
v -0.136296 0.011315 0.151334
v -0.142541 0.030192 -0.151019
v -0.139135 0.024940 0.151530
v -0.145948 0.049779 -0.151541
v -0.144812 0.051056 0.152021
v -0.145380 0.066952 -0.151909
v -0.154180 0.071495 0.152603
v -0.145948 0.089094 -0.152104
v -0.138567 0.082471 0.152916
v -0.138851 0.104707 -0.152270
v -0.142825 0.103430 0.153782
v -0.143109 0.126281 -0.152610
v -0.145380 0.126056 0.154582
v -0.142186 0.145868 -0.152409
v -0.145001 0.141515 0.154866
v -0.142541 0.170280 -0.148833
v -0.140081 0.165738 0.152678
v -0.141529 0.180382 -0.139319
v -0.141831 0.182877 -0.127212
v -0.147651 0.184009 -0.113587
v -0.148219 0.185525 -0.088606
v -0.144848 0.186633 -0.068161
v -0.149354 0.187709 -0.045459
v -0.145948 0.188100 -0.028427
v -0.147935 0.188250 -0.008556
v -0.151625 0.188099 0.010179
v -0.149922 0.187562 0.029482
v -0.147651 0.186836 0.046515
v -0.145380 0.185759 0.065817
v -0.149922 0.184383 0.085120
v -0.142825 0.182526 0.107964
v -0.136296 0.180098 0.133945
v -0.143778 0.176936 0.144646
v -0.126674 -0.176641 -0.137132
v -0.127061 -0.178645 -0.125958
v -0.127226 -0.181227 -0.107366
v -0.125974 -0.182729 -0.086129
v -0.127212 -0.182921 -0.067411
v -0.127861 -0.184490 -0.050649
v -0.124229 -0.185162 -0.030698
v -0.125907 -0.186226 -0.008930
v -0.124941 -0.185417 0.007297
v -0.126414 -0.185189 0.030308
v -0.126410 -0.185469 0.050324
v -0.126552 -0.185608 0.067654
v -0.126955 -0.185561 0.085950
v -0.127212 -0.184364 0.106694
v -0.125349 -0.181889 0.125955
v -0.125793 -0.177077 0.140267
v -0.126266 -0.168897 -0.146182
v -0.126077 -0.165087 0.147301
v -0.124941 -0.147651 -0.153147
v -0.122671 -0.144244 0.150509
v -0.126455 -0.128915 -0.153894
v -0.126973 -0.125778 0.150873
v -0.128348 -0.100718 -0.153696
v -0.126411 -0.105839 0.151469
v -0.128348 -0.087755 -0.152844
v -0.126745 -0.087938 0.150806
v -0.126985 -0.070439 -0.151829
v -0.127780 -0.063058 0.150565
v -0.130476 -0.047020 -0.151339
v -0.123238 -0.049433 0.150705
v -0.125888 -0.027102 -0.151185
v -0.127212 -0.027149 0.150911
v -0.125509 -0.007421 -0.151170
v -0.126304 0.008703 -0.151353
v -0.126077 0.013018 0.151312
v -0.121251 0.028347 -0.150747
v -0.127212 0.034592 0.151645
v -0.124563 0.044338 -0.150947
v -0.130392 0.052646 0.152024
v -0.128632 0.067095 -0.151594
v -0.126645 0.071495 0.152539
v -0.124374 0.082849 -0.152055
v -0.126077 0.089094 0.153202
v -0.124941 0.105558 -0.152833
v -0.127591 0.126754 -0.152933
v -0.120967 0.137352 -0.152840
v -0.124799 0.152113 0.154724
v -0.124374 0.162833 -0.150919
v -0.130217 0.169397 0.151014
v -0.126439 0.179222 -0.140417
v -0.117561 0.183031 -0.122670
v -0.118708 0.185501 -0.084300
v -0.123096 0.187922 0.007909
v -0.129483 0.187050 0.038566
v -0.118495 0.186214 0.053444
v -0.125677 0.178123 0.142300
v -0.111476 -0.176901 -0.137646
v -0.107237 -0.178802 -0.126996
v -0.108315 -0.181014 -0.107898
v -0.105925 -0.183570 -0.087586
v -0.107626 -0.183862 -0.068452
v -0.108234 -0.184295 -0.050981
v -0.106754 -0.186804 -0.026592
v -0.108848 -0.185029 -0.009506
v -0.106168 -0.185242 0.011012
v -0.106969 -0.186377 0.027581
v -0.105862 -0.186098 0.049225
v -0.107103 -0.185858 0.069586
v -0.106214 -0.186224 0.085876
v -0.105581 -0.184691 0.105049
v -0.107709 -0.182331 0.126583
v -0.107603 -0.177515 0.139888
v -0.107153 -0.168565 -0.146613
v -0.107342 -0.164966 0.147564
v -0.108364 -0.145607 -0.153402
v -0.113587 -0.152193 0.150415
v -0.106017 -0.123806 -0.153566
v -0.110201 -0.127699 0.150510
v -0.109045 -0.107261 -0.153140
v -0.112289 -0.107098 0.150481
v -0.107228 -0.087698 -0.152330
v -0.110559 -0.094284 0.150668
v -0.102232 -0.068168 -0.152177
v -0.106561 -0.072568 0.150575
v -0.107001 -0.051590 -0.151954
v -0.103935 -0.052271 0.150608
v -0.104219 -0.030413 -0.151475
v -0.107625 -0.027717 0.150696
v -0.105260 -0.007421 -0.151375
v -0.107909 -0.005717 0.150812
v -0.108591 0.008703 -0.151691
v -0.111316 0.011315 0.151047
v -0.106648 0.028220 -0.150922
v -0.107909 0.025508 0.151186
v -0.104049 0.046060 -0.151026
v -0.107531 0.048028 0.151626
v -0.104503 0.067142 -0.151762
v -0.102800 0.068088 0.152231
v -0.104787 0.087391 -0.152568
v -0.103652 0.088526 0.153093
v -0.111965 0.107667 -0.153395
v -0.108477 0.100449 0.153619
v -0.109272 0.123045 -0.153412
v -0.106682 0.121513 0.154332
v -0.109613 0.145016 -0.152658
v -0.108193 0.143029 0.154829
v -0.104503 0.165346 -0.150279
v -0.110133 0.167107 0.151745
v -0.111997 0.177365 -0.143573
v -0.105071 0.182181 -0.130048
v -0.114722 0.183736 -0.112735
v -0.114722 0.186802 -0.059084
v -0.114154 0.187345 -0.045459
v -0.113587 0.187832 -0.027291
v -0.112735 0.187969 -0.011963
v -0.113587 0.187846 0.009044
v -0.111316 0.187310 0.027211
v -0.111316 0.186768 0.040837
v -0.111884 0.185487 0.064682
v -0.112735 0.184035 0.085404
v -0.112451 0.181654 0.115443
v -0.110180 0.180405 0.129025
v -0.106940 0.177158 0.143478
v -0.089127 -0.176404 -0.139406
v -0.086542 -0.179311 -0.127212
v -0.085730 -0.180865 -0.106762
v -0.087086 -0.183195 -0.087466
v -0.084822 -0.184813 -0.069304
v -0.086525 -0.184774 -0.050757
v -0.085773 -0.186133 -0.031409
v -0.085862 -0.186156 -0.010526
v -0.085986 -0.186205 0.008863
v -0.085609 -0.186907 0.029291
v -0.087094 -0.186714 0.048370
v -0.085544 -0.186545 0.068422
v -0.085794 -0.186411 0.086549
v -0.086289 -0.184875 0.107342
v -0.086822 -0.182254 0.128974
v -0.081439 -0.177332 0.140274
v -0.089904 -0.165348 -0.149110
v -0.084065 -0.158846 0.149818
v -0.087660 -0.144812 -0.153286
v -0.087092 -0.147651 0.150716
v -0.088607 -0.124941 -0.153278
v -0.080658 -0.128632 0.150787
v -0.084443 -0.104503 -0.152529
v -0.095419 -0.103368 0.150685
v -0.087471 -0.088833 -0.152355
v -0.090310 -0.094284 0.150605
v -0.084714 -0.068492 -0.152870
v -0.085200 -0.064904 0.150304
v -0.084973 -0.049546 -0.152202
v -0.081037 -0.028048 -0.152042
v -0.083497 -0.024736 0.150181
v -0.086336 -0.008178 -0.151665
v -0.092013 -0.009124 0.150389
v -0.086525 0.012450 -0.151614
v -0.093148 0.010180 0.150548
v -0.085074 0.030491 -0.152241
v -0.089174 0.033173 0.150959
v -0.087309 0.049759 -0.151746
v -0.087471 0.066952 -0.151830
v -0.082929 0.085688 -0.152367
v -0.087660 0.104045 -0.152992
v -0.086109 0.123499 -0.153313
v -0.092195 0.131009 0.154565
v -0.085200 0.146435 -0.152456
v -0.083308 0.141515 0.154716
v -0.095419 0.168061 -0.149942
v -0.079239 0.155557 0.154479
v -0.093148 0.176008 -0.145614
v -0.085200 0.181516 -0.135481
v -0.088606 0.183556 -0.113587
v -0.092439 0.184953 -0.091445
v -0.092580 0.186147 -0.069304
v -0.090877 0.187686 -0.026155
v -0.086052 0.187779 -0.008556
v -0.088606 0.187633 0.011315
v -0.092012 0.187194 0.027211
v -0.094522 0.186207 0.050488
v -0.092580 0.185376 0.064682
v -0.091445 0.183545 0.090798
v -0.089174 0.182120 0.108406
v -0.085768 0.180539 0.126311
v -0.065919 -0.176202 -0.138472
v -0.068787 -0.179224 -0.126212
v -0.068421 -0.181596 -0.106604
v -0.067546 -0.182959 -0.086420
v -0.069041 -0.184182 -0.067819
v -0.067576 -0.185421 -0.049843
v -0.068546 -0.185234 -0.029562
v -0.067547 -0.186592 -0.008282
v -0.068388 -0.187300 0.009574
v -0.067268 -0.186196 0.029518
v -0.068609 -0.186019 0.049485
v -0.068810 -0.186775 0.067387
v -0.067295 -0.186671 0.086358
v -0.068006 -0.185157 0.107597
v -0.067349 -0.182415 0.127502
v -0.066757 -0.177362 0.140360
v -0.069141 -0.169748 -0.145835
v -0.064839 -0.162192 0.148668
v -0.068736 -0.145759 -0.153213
v -0.070628 -0.126455 -0.153585
v -0.060787 -0.123806 0.150743
v -0.068357 -0.105639 -0.153004
v -0.064762 -0.099677 0.150531
v -0.068168 -0.086525 -0.153080
v -0.063626 -0.077819 0.150208
v -0.070155 -0.070723 -0.153170
v -0.065498 -0.063307 0.149994
v -0.068736 -0.050994 -0.151860
v -0.065527 -0.050974 0.150357
v -0.069985 -0.027745 -0.151796
v -0.066563 -0.031034 0.150150
v -0.067032 -0.007421 -0.150948
v -0.066498 -0.011300 0.149967
v -0.064761 0.011031 -0.150853
v -0.070208 0.010971 0.149961
v -0.068492 0.030131 -0.151905
v -0.064766 0.030099 0.150581
v -0.069141 0.047650 -0.152108
v -0.064951 0.046767 0.150915
v -0.070439 0.068466 -0.151826
v -0.072142 0.070359 0.152033
v -0.070439 0.090797 -0.152162
v -0.069682 0.087675 0.152772
v -0.062491 0.108965 -0.152414
v -0.070061 0.106883 0.153588
v -0.072937 0.126565 -0.152992
v -0.069303 0.143029 -0.152500
v -0.068452 0.147571 0.154663
v -0.071557 0.164356 -0.150540
v -0.070439 0.170072 0.150725
v -0.069304 0.177446 -0.143639
v -0.067316 0.182548 -0.125859
v -0.074697 0.183965 -0.105638
v -0.069303 0.184803 -0.090877
v -0.072994 0.185992 -0.069163
v -0.075407 0.186962 -0.047730
v -0.074413 0.187327 -0.036375
v -0.075549 0.187349 0.018128
v -0.059056 0.186334 0.042083
v -0.064762 0.185105 0.065817
v -0.061923 0.183171 0.093068
v -0.059936 0.180719 0.122591
v -0.066110 0.177057 0.143316
v -0.051445 -0.177034 -0.137811
v -0.050568 -0.179543 -0.126455
v -0.048827 -0.181917 -0.106808
v -0.050455 -0.184467 -0.085881
v -0.049433 -0.183412 -0.069398
v -0.049411 -0.185374 -0.047668
v -0.048028 -0.185858 -0.029036
v -0.049154 -0.186333 -0.009622
v -0.049631 -0.185506 0.010017
v -0.050443 -0.186244 0.029206
v -0.049190 -0.186795 0.048412
v -0.050295 -0.185997 0.066646
v -0.049643 -0.186561 0.086480
v -0.049460 -0.184846 0.108661
v -0.049071 -0.182158 0.126505
v -0.052271 -0.178724 0.138487
v -0.049811 -0.167683 -0.147172
v -0.052839 -0.165132 0.147777
v -0.050001 -0.147651 -0.152977
v -0.052725 -0.146743 0.150775
v -0.052271 -0.122670 -0.153624
v -0.051136 -0.106774 -0.153556
v -0.048581 -0.088322 -0.152988
v -0.055110 -0.068736 -0.152127
v -0.051298 -0.065248 0.150592
v -0.046973 -0.049244 -0.151329
v -0.050455 -0.054088 0.152752
v -0.051514 -0.024263 -0.150967
v -0.050000 -0.032741 0.152828
v -0.050568 -0.006285 -0.150662
v -0.051136 -0.011111 0.152995
v -0.048184 0.010066 -0.150857
v -0.050758 0.015478 0.153330
v -0.047503 0.030390 -0.151490
v -0.053180 0.036295 0.153199
v -0.044324 0.049920 -0.151684
v -0.053974 0.045947 0.151575
v -0.046594 0.066952 -0.151620
v -0.054826 0.064682 0.151591
v -0.050757 0.088337 -0.151853
v -0.040917 0.079443 0.152122
v -0.052650 0.104234 -0.152092
v -0.045459 0.110100 0.153558
v -0.046594 0.124862 -0.152347
v -0.056917 0.129234 0.154286
v -0.046973 0.145300 -0.152269
v -0.054448 0.141515 0.154597
v -0.043755 0.162712 -0.150832
v -0.051590 0.168303 0.151333
v -0.049054 0.180223 -0.139007
v -0.044323 0.182338 -0.129483
v -0.043188 0.183307 -0.115858
v -0.048014 0.184909 -0.087471
v -0.055394 0.187449 -0.023885
v -0.049433 0.187498 -0.004582
v -0.046026 0.187411 0.003366
v -0.041768 0.186708 0.030050
v -0.053975 0.185614 0.055598
v -0.057523 0.183666 0.086256
v -0.054542 0.179817 0.131674
v -0.042620 0.174561 0.147375
v -0.029562 -0.176915 -0.137989
v -0.028264 -0.179180 -0.126672
v -0.028397 -0.181941 -0.106884
v -0.029278 -0.184414 -0.086525
v -0.027897 -0.183635 -0.067108
v -0.028755 -0.185464 -0.050347
v -0.029029 -0.186417 -0.029460
v -0.029940 -0.185255 -0.009124
v -0.030689 -0.185593 0.009179
v -0.029094 -0.186851 0.031472
v -0.029306 -0.186693 0.049297
v -0.030098 -0.186088 0.068174
v -0.030578 -0.186370 0.086747
v -0.032196 -0.184576 0.106785
v -0.030130 -0.182662 0.124488
v -0.029562 -0.177159 0.140873
v -0.031317 -0.167437 -0.147990
v -0.033933 -0.163691 0.148305
v -0.029221 -0.144244 -0.152888
v -0.029108 -0.144017 0.150828
v -0.033820 -0.122387 -0.153207
v -0.035523 -0.128348 0.150767
v -0.030243 -0.104957 -0.153325
v -0.031833 -0.103083 0.150617
v -0.027670 -0.088228 -0.153225
v -0.024026 -0.082645 0.150407
v -0.031265 -0.067743 -0.152220
v -0.027745 -0.064080 0.150941
v -0.031265 -0.047162 -0.151388
v -0.026912 -0.050000 0.153197
v -0.028143 -0.029183 -0.151141
v -0.028734 -0.030448 0.151533
v -0.027796 -0.009124 -0.151475
v -0.025719 -0.010696 0.153185
v -0.028427 0.011031 -0.151538
v -0.026693 0.008474 0.151615
v -0.025777 0.028725 -0.151432
v -0.029136 0.027211 0.153556
v -0.034672 0.047508 -0.151625
v -0.023758 0.050173 0.151203
v -0.032401 0.070075 -0.151840
v -0.028427 0.061275 0.151248
v -0.028805 0.089000 -0.152177
v -0.030130 0.087958 0.152479
v -0.021614 0.115778 -0.152708
v -0.032968 0.125429 -0.152437
v -0.029562 0.144846 -0.152359
v -0.022467 0.147543 0.154511
v -0.026723 0.172246 -0.147563
v -0.030981 0.166438 0.151768
v -0.028427 0.178971 -0.140858
v -0.029562 0.182496 -0.126565
v -0.028805 0.183517 -0.110133
v -0.035523 0.185949 -0.065778
v -0.036943 0.186797 -0.045459
v -0.031833 0.187150 -0.031833
v -0.034104 0.187357 -0.017072
v -0.034104 0.187235 0.009044
v -0.030698 0.186938 0.020398
v -0.034104 0.186207 0.041456
v -0.032779 0.184762 0.068088
v -0.023885 0.183405 0.086256
v -0.027291 0.182268 0.099881
v -0.032590 0.177771 0.141841
v -0.007534 -0.176771 -0.139759
v -0.008840 -0.179911 -0.125509
v -0.009210 -0.182201 -0.107115
v -0.008178 -0.184023 -0.086525
v -0.008800 -0.184757 -0.068168
v -0.009275 -0.184925 -0.049849
v -0.009518 -0.185810 -0.028698
v -0.008802 -0.185963 -0.007723
v -0.009218 -0.186018 0.010028
v -0.009363 -0.187581 0.028760
v -0.009296 -0.185796 0.048961
v -0.010118 -0.186378 0.068834
v -0.008833 -0.186614 0.086757
v -0.009658 -0.185049 0.107228
v -0.010007 -0.182358 0.126414
v -0.011111 -0.176839 0.140753
v -0.009447 -0.168935 -0.147032
v -0.006601 -0.164938 0.147818
v -0.007988 -0.144623 -0.153086
v -0.007704 -0.145380 0.150954
v -0.005718 -0.128916 -0.153417
v -0.006853 -0.129483 0.151098
v -0.006853 -0.108288 -0.153433
v -0.012076 -0.110181 0.150925
v -0.011773 -0.087660 -0.153386
v -0.009124 -0.090877 0.150684
v -0.011016 -0.066465 -0.152912
v -0.008222 -0.065016 0.150436
v -0.008216 -0.047957 -0.152640
v -0.009286 -0.052433 0.152867
v -0.009611 -0.027940 -0.151482
v -0.012855 -0.029238 0.152489
v -0.011206 -0.009503 -0.151110
v -0.010393 -0.007788 0.153012
v -0.008443 0.008590 -0.150836
v -0.010157 0.010093 0.151405
v -0.009266 0.026643 -0.151205
v -0.007782 0.029688 0.153204
v -0.007610 0.047650 -0.151993
v -0.009792 0.046848 0.150694
v -0.002311 0.063546 -0.152305
v -0.009691 0.073482 0.151759
v -0.011773 0.087391 -0.152649
v -0.008871 0.107325 -0.153394
v -0.010827 0.101017 0.153040
v -0.009124 0.125997 -0.153209
v -0.013424 0.128392 0.154094
v -0.004582 0.143029 -0.152870
v -0.010786 0.148199 0.154388
v -0.011168 0.164922 -0.150008
v -0.010034 0.169398 0.149752
v -0.004582 0.180039 -0.138567
v -0.006215 0.181643 -0.131769
v -0.013807 0.184921 -0.081084
v -0.003446 0.185623 -0.065897
v -0.006732 0.186316 -0.051164
v -0.004582 0.186894 -0.031833
v -0.006853 0.187138 -0.009124
v -0.009124 0.187015 0.009044
v -0.013382 0.186430 0.031463
v -0.012530 0.185626 0.049921
v -0.011773 0.184562 0.068845
v -0.009691 0.183333 0.086256
v -0.012530 0.181617 0.107526
v -0.011821 0.180110 0.125855
v -0.010638 0.177588 0.141603
v 0.012450 -0.176727 -0.140499
v 0.008517 -0.180465 -0.124325
v 0.009606 -0.183136 -0.106224
v 0.009498 -0.184998 -0.086336
v 0.009639 -0.185611 -0.068194
v 0.011131 -0.185859 -0.050072
v 0.010081 -0.186303 -0.027980
v 0.009401 -0.185924 -0.009149
v 0.009134 -0.185919 0.011515
v 0.009093 -0.186707 0.028479
v 0.009344 -0.185929 0.047408
v 0.008119 -0.186844 0.067565
v 0.009217 -0.186569 0.086241
v 0.008171 -0.184888 0.107043
v 0.011694 -0.182599 0.127104
v 0.007719 -0.177438 0.140430
v 0.011428 -0.164483 -0.149770
v 0.010325 -0.165851 0.147468
v 0.013870 -0.144812 -0.153018
v 0.010180 -0.149922 0.150823
v 0.009233 -0.127212 -0.153229
v 0.009044 -0.127212 0.151162
v 0.011315 -0.109613 -0.152780
v 0.011883 -0.106206 0.151026
v 0.010558 -0.085200 -0.152317
v 0.011882 -0.090877 0.150793
v 0.008817 -0.066806 -0.152007
v 0.009445 -0.066040 0.149981
v 0.008665 -0.047351 -0.151674
v 0.009354 -0.049685 0.150346
v 0.006205 -0.032779 -0.151177
v 0.010306 -0.031076 0.152275
v 0.010504 -0.011557 -0.150556
v 0.007572 -0.008680 0.151109
v 0.008720 0.012613 -0.150382
v 0.009166 0.010049 0.150040
v 0.011694 0.029293 -0.150669
v 0.009521 0.029202 0.150599
v 0.009952 0.049467 -0.151575
v 0.012339 0.048338 0.150550
v 0.009044 0.068542 -0.152408
v 0.009044 0.063546 0.151218
v 0.012450 0.089945 -0.153332
v 0.012450 0.085688 0.152237
v 0.009896 0.107262 -0.153775
v 0.009044 0.106410 0.153140
v 0.007341 0.123726 -0.153541
v 0.014437 0.128268 0.153890
v 0.007530 0.146057 -0.152827
v 0.010944 0.147884 0.154273
v 0.012166 0.163981 -0.150215
v 0.008476 0.169126 0.149803
v 0.002988 0.176853 -0.143761
v 0.011694 0.181387 -0.130084
v 0.001096 0.183655 -0.099393
v 0.015857 0.184376 -0.084065
v 0.012450 0.186611 0.016992
v 0.018695 0.184147 0.071495
v 0.014295 0.182989 0.088811
v 0.010747 0.181414 0.110143
v 0.012237 0.179977 0.127700
v 0.009328 0.177798 0.140802
v 0.028063 -0.176645 -0.140402
v 0.030840 -0.180590 -0.124265
v 0.029263 -0.182234 -0.105971
v 0.027817 -0.184146 -0.086033
v 0.029712 -0.185994 -0.066527
v 0.029015 -0.185673 -0.050868
v 0.030633 -0.186045 -0.029566
v 0.028900 -0.186571 -0.008476
v 0.031257 -0.186283 0.009730
v 0.029725 -0.185901 0.029960
v 0.029398 -0.186704 0.048206
v 0.028858 -0.186787 0.067983
v 0.031778 -0.185987 0.087507
v 0.029482 -0.184990 0.108511
v 0.029056 -0.182229 0.126928
v 0.032564 -0.177472 0.140564
v 0.028157 -0.169019 -0.147908
v 0.038566 -0.161536 0.149382
v 0.024940 -0.152193 -0.152719
v 0.022669 -0.138567 0.151193
v 0.027637 -0.120826 -0.153021
v 0.027211 -0.134025 0.151208
v 0.032321 -0.106774 -0.152883
v 0.027779 -0.099961 0.150950
v 0.030050 -0.088086 -0.152480
v 0.023805 -0.087471 0.150693
v 0.029482 -0.067260 -0.151714
v 0.034850 -0.063567 0.149997
v 0.027968 -0.047351 -0.150977
v 0.029214 -0.051431 0.151481
v 0.031374 -0.028426 -0.150783
v 0.022993 -0.031346 0.152498
v 0.033456 -0.007421 -0.151334
v 0.022669 -0.006853 0.152582
v 0.032889 0.006394 -0.151481
v 0.024032 0.007227 0.152652
v 0.030239 0.028157 -0.151122
v 0.024032 0.033343 0.152866
v 0.028914 0.046514 -0.150954
v 0.024159 0.049353 0.151790
v 0.027211 0.067180 -0.151412
v 0.026075 0.066243 0.151422
v 0.029936 0.090797 -0.152459
v 0.027495 0.104707 -0.152924
v 0.025153 0.099172 0.152784
v 0.026076 0.124578 -0.152830
v 0.033456 0.127132 0.153785
v 0.027637 0.144732 -0.152504
v 0.029239 0.165417 -0.149890
v 0.025508 0.169329 0.149801
v 0.024656 0.178640 -0.140236
v 0.020967 0.181893 -0.122759
v 0.037430 0.182788 -0.105638
v 0.029482 0.184925 -0.071574
v 0.034592 0.185650 -0.055678
v 0.036295 0.186548 -0.026156
v 0.033031 0.186721 -0.008556
v 0.023595 0.186138 0.029271
v 0.020398 0.185486 0.046514
v 0.019831 0.184868 0.059004
v 0.021534 0.179260 0.133945
v 0.022670 0.176937 0.142821
v 0.047752 -0.177256 -0.140205
v 0.046173 -0.180984 -0.124650
v 0.051340 -0.182196 -0.108477
v 0.047902 -0.184180 -0.084317
v 0.050327 -0.185139 -0.067765
v 0.049286 -0.185756 -0.049708
v 0.048795 -0.186387 -0.030583
v 0.050639 -0.186350 -0.008746
v 0.047664 -0.186784 0.011187
v 0.048871 -0.187084 0.028331
v 0.047776 -0.186047 0.046225
v 0.050079 -0.186447 0.067306
v 0.050673 -0.186292 0.086466
v 0.048028 -0.184694 0.108965
v 0.049164 -0.182535 0.126666
v 0.045606 -0.176652 0.141313
v 0.048407 -0.167678 -0.148505
v 0.044764 -0.169033 0.146731
v 0.047763 -0.141746 -0.153291
v 0.049259 -0.147651 0.150992
v 0.048407 -0.128158 -0.153374
v 0.049596 -0.105882 -0.153347
v 0.048217 -0.103935 0.150946
v 0.049921 -0.084917 -0.153380
v 0.049637 -0.084065 0.150564
v 0.050425 -0.067411 -0.153178
v 0.049637 -0.066465 0.150554
v 0.050732 -0.047892 -0.151851
v 0.047974 -0.050974 0.153232
v 0.049467 -0.029562 -0.151553
v 0.051465 -0.029081 0.151435
v 0.049921 -0.005490 -0.152074
v 0.051318 -0.006096 0.151196
v 0.047650 0.010605 -0.151932
v 0.047900 0.006789 0.151890
v 0.051056 0.027779 -0.151840
v 0.049737 0.031628 0.151648
v 0.049921 0.046798 -0.152060
v 0.049628 0.049554 0.151310
v 0.049416 0.068340 -0.151463
v 0.044622 0.062789 0.151296
v 0.051737 0.088527 -0.151711
v 0.045000 0.102152 -0.152132
v 0.054463 0.105559 0.152965
v 0.045663 0.120604 -0.152357
v 0.058011 0.131674 0.153847
v 0.049126 0.144392 -0.152329
v 0.052192 0.140758 0.154020
v 0.044811 0.165542 -0.149472
v 0.048407 0.168522 0.149818
v 0.043959 0.177148 -0.142111
v 0.046236 0.181264 -0.126186
v 0.040269 0.184017 -0.085200
v 0.044882 0.185063 -0.065400
v 0.043253 0.185986 -0.044335
v 0.052129 0.186242 -0.032656
v 0.056733 0.186485 -0.009124
v 0.050128 0.186380 0.010662
v 0.043676 0.185688 0.036295
v 0.054179 0.185033 0.048502
v 0.053469 0.183772 0.071778
v 0.049921 0.181137 0.110100
v 0.054463 0.179753 0.127132
v 0.044811 0.177320 0.141250
v 0.067668 -0.177055 -0.140831
v 0.067816 -0.180674 -0.127346
v 0.067946 -0.182334 -0.106606
v 0.067785 -0.184267 -0.086033
v 0.067429 -0.186113 -0.068400
v 0.067094 -0.186159 -0.050415
v 0.068126 -0.186000 -0.028083
v 0.068332 -0.186235 -0.008867
v 0.068672 -0.186258 0.011708
v 0.068088 -0.187617 0.029908
v 0.069750 -0.186619 0.051126
v 0.068077 -0.186306 0.068862
v 0.067724 -0.185975 0.087008
v 0.067937 -0.184735 0.107754
v 0.067710 -0.182351 0.125953
v 0.066952 -0.178089 0.139732
v 0.066952 -0.166511 -0.148850
v 0.073765 -0.165960 0.147560
v 0.066858 -0.144623 -0.153276
v 0.076793 -0.147651 0.150991
v 0.066952 -0.127969 -0.153560
v 0.074901 -0.134025 0.151229
v 0.066669 -0.106774 -0.153147
v 0.073198 -0.113587 0.151096
v 0.065817 -0.092581 -0.153028
v 0.069224 -0.090877 0.150752
v 0.067331 -0.067600 -0.152495
v 0.067913 -0.066945 0.150729
v 0.066466 -0.050325 -0.151718
v 0.070075 -0.054542 0.153257
v 0.065493 -0.028427 -0.151786
v 0.065322 -0.028503 0.151648
v 0.066952 -0.009124 -0.152197
v 0.070359 -0.011395 0.152840
v 0.065060 0.011693 -0.151715
v 0.067884 0.010423 0.151635
v 0.066952 0.027211 -0.151288
v 0.066957 0.034348 0.151436
v 0.069034 0.048785 -0.151625
v 0.067257 0.050101 0.151160
v 0.069854 0.069224 -0.152322
v 0.067520 0.061275 0.151193
v 0.070359 0.088073 -0.152554
v 0.065439 0.105937 -0.152262
v 0.069366 0.123159 -0.152680
v 0.062979 0.118049 0.153418
v 0.071779 0.142840 -0.152571
v 0.070359 0.149842 0.153817
v 0.068883 0.165279 -0.149483
v 0.067946 0.166880 0.150810
v 0.059004 0.175865 -0.144050
v 0.061275 0.182506 -0.106774
v 0.069791 0.185731 -0.044323
v 0.075962 0.185946 -0.034918
v 0.076036 0.186346 -0.002311
v 0.074099 0.186263 0.007994
v 0.069650 0.185621 0.032321
v 0.060991 0.182845 0.085120
v 0.065250 0.180947 0.111236
v 0.070738 0.179411 0.129403
v 0.069792 0.177187 0.141078
v 0.088851 -0.177333 -0.140650
v 0.089725 -0.180948 -0.126494
v 0.088095 -0.182596 -0.103331
v 0.087129 -0.183987 -0.085287
v 0.084673 -0.185961 -0.068166
v 0.085205 -0.185677 -0.049915
v 0.086737 -0.187142 -0.028439
v 0.085857 -0.186604 -0.008872
v 0.085733 -0.186232 0.010083
v 0.085449 -0.187519 0.026589
v 0.085135 -0.186714 0.050122
v 0.085130 -0.186025 0.067386
v 0.087259 -0.185960 0.086404
v 0.086354 -0.185280 0.106467
v 0.087275 -0.181928 0.126171
v 0.091252 -0.176865 0.140760
v 0.087770 -0.165452 -0.149409
v 0.085546 -0.163621 0.148601
v 0.091933 -0.143563 -0.153358
v 0.082281 -0.147651 0.151094
v 0.086256 -0.122671 -0.153452
v 0.094204 -0.118129 0.151136
v 0.085972 -0.106206 -0.153012
v 0.089662 -0.106774 0.151023
v 0.087164 -0.087698 -0.152303
v 0.088527 -0.095419 0.150854
v 0.086508 -0.067411 -0.151705
v 0.082973 -0.064450 0.150036
v 0.085688 -0.053407 -0.151084
v 0.087306 -0.050435 0.151416
v 0.085262 -0.033536 -0.151085
v 0.090798 -0.031549 0.152877
v 0.088300 -0.010486 -0.151220
v 0.084893 0.010861 -0.150645
v 0.090797 0.005638 0.152931
v 0.086634 0.029293 -0.150582
v 0.090513 0.027495 0.153082
v 0.086029 0.045606 -0.151146
v 0.092059 0.050678 0.151824
v 0.089946 0.069082 -0.152551
v 0.085120 0.065817 0.151434
v 0.086255 0.086823 -0.153055
v 0.089378 0.088952 0.152350
v 0.086823 0.107829 -0.152854
v 0.092500 0.106884 0.153002
v 0.083985 0.130312 -0.153154
v 0.087391 0.127416 0.153604
v 0.087391 0.144543 -0.152756
v 0.089889 0.142121 0.153813
v 0.089662 0.161761 -0.150682
v 0.086398 0.166655 0.150476
v 0.087959 0.178315 -0.140124
v 0.084203 0.181009 -0.126949
v 0.093352 0.183211 -0.091445
v 0.084553 0.184387 -0.071574
v 0.088243 0.185216 -0.052650
v 0.086554 0.185988 -0.027478
v 0.088896 0.186164 -0.010958
v 0.089705 0.186103 0.008593
v 0.090797 0.185779 0.022669
v 0.088527 0.183779 0.066952
v 0.093068 0.182658 0.083985
v 0.084269 0.181019 0.107830
v 0.093068 0.179376 0.127133
v 0.087770 0.177116 0.141074
v 0.109817 -0.177334 -0.140356
v 0.105721 -0.180313 -0.125353
v 0.105673 -0.183339 -0.104896
v 0.107199 -0.183783 -0.088859
v 0.105558 -0.184040 -0.067487
v 0.107220 -0.185434 -0.047261
v 0.107702 -0.186873 -0.027101
v 0.106426 -0.186609 -0.009537
v 0.107053 -0.187158 0.009767
v 0.104985 -0.186343 0.029117
v 0.107326 -0.186610 0.048133
v 0.108397 -0.186783 0.067574
v 0.107311 -0.187133 0.087448
v 0.106856 -0.184543 0.107181
v 0.108965 -0.182011 0.127679
v 0.108896 -0.176438 0.141253
v 0.109060 -0.166828 -0.148570
v 0.104707 -0.164037 0.148544
v 0.108965 -0.145380 -0.153191
v 0.105721 -0.146353 0.151044
v 0.104423 -0.125509 -0.153338
v 0.102152 -0.134025 0.151199
v 0.104991 -0.105780 -0.153194
v 0.104423 -0.086761 -0.152516
v 0.102152 -0.079523 0.150472
v 0.105432 -0.067411 -0.152410
v 0.114038 -0.066604 0.150097
v 0.108139 -0.050207 -0.152099
v 0.107908 -0.050850 0.149752
v 0.106921 -0.030811 -0.151233
v 0.102844 -0.028116 0.150062
v 0.107489 -0.009237 -0.151032
v 0.103837 -0.005150 0.149654
v 0.102294 0.012734 -0.150548
v 0.108414 0.014639 0.149870
v 0.104565 0.028914 -0.150634
v 0.106463 0.026134 0.151607
v 0.105559 0.049921 -0.151728
v 0.108019 0.048975 0.151180
v 0.115778 0.074901 -0.152785
v 0.099881 0.061275 0.151158
v 0.106410 0.086114 -0.153089
v 0.109629 0.087374 0.152293
v 0.106240 0.106240 -0.153499
v 0.111878 0.107831 0.153158
v 0.108397 0.126849 -0.153301
v 0.103666 0.141515 -0.152723
v 0.104764 0.168998 -0.148113
v 0.110526 0.169775 0.148828
v 0.106694 0.176730 -0.142050
v 0.101395 0.180651 -0.129483
v 0.099313 0.182150 -0.107909
v 0.100165 0.184289 -0.070439
v 0.099313 0.185459 -0.042052
v 0.107971 0.185447 0.026927
v 0.100307 0.184634 0.048502
v 0.109817 0.183110 0.074901
v 0.104423 0.181411 0.099648
v 0.106694 0.178917 0.129403
v 0.105954 0.176672 0.141439
v 0.129403 -0.177834 -0.139778
v 0.124702 -0.180677 -0.126931
v 0.126430 -0.182620 -0.104349
v 0.125274 -0.183430 -0.087368
v 0.125997 -0.184412 -0.065755
v 0.127385 -0.185307 -0.051431
v 0.128250 -0.186892 -0.030246
v 0.127084 -0.186127 -0.008587
v 0.127337 -0.186424 0.008724
v 0.128303 -0.186343 0.029884
v 0.126050 -0.186857 0.049790
v 0.126072 -0.186159 0.068397
v 0.127448 -0.186508 0.086121
v 0.126376 -0.184598 0.106088
v 0.127132 -0.181663 0.127950
v 0.121679 -0.176734 0.140709
v 0.129592 -0.167086 -0.148925
v 0.125997 -0.164888 0.147952
v 0.129403 -0.144407 -0.153302
v 0.118428 -0.145002 0.150958
v 0.127700 -0.125935 -0.153193
v 0.118049 -0.131186 0.151103
v 0.124862 -0.106490 -0.152471
v 0.126423 -0.115290 0.151016
v 0.125997 -0.089458 -0.152290
v 0.117481 -0.091445 0.150705
v 0.124862 -0.066578 -0.152084
v 0.124213 -0.065248 0.150803
v 0.125713 -0.047162 -0.152749
v 0.122344 -0.049838 0.152239
v 0.125770 -0.028199 -0.153108
v 0.123045 -0.020478 0.152372
v 0.126905 -0.009124 -0.152344
v 0.131674 -0.019343 0.152894
v 0.126678 0.009498 -0.151238
v 0.122282 0.011831 0.151818
v 0.126754 0.030239 -0.151146
v 0.121618 0.027535 0.153062
v 0.129857 0.046514 -0.151858
v 0.123045 0.049013 0.152068
v 0.126224 0.071495 -0.152413
v 0.122590 0.068088 0.151160
v 0.127700 0.087959 -0.152437
v 0.127140 0.086792 0.153453
v 0.127889 0.104044 -0.152720
v 0.126382 0.105515 0.154247
v 0.124862 0.103288 0.155093
v 0.125429 0.126943 -0.153198
v 0.126707 0.125145 0.153043
v 0.126564 0.145300 -0.152406
v 0.119184 0.146435 0.153481
v 0.120482 0.166467 -0.148787
v 0.123726 0.156655 0.153057
v 0.120320 0.177158 -0.141162
v 0.126281 0.180832 -0.123806
v 0.132810 0.181933 -0.105569
v 0.131674 0.183229 -0.084065
v 0.125572 0.183905 -0.071858
v 0.117198 0.184990 -0.047730
v 0.122969 0.185495 -0.026534
v 0.126139 0.185674 -0.011395
v 0.127322 0.185630 0.010558
v 0.131296 0.185125 0.029482
v 0.131674 0.184470 0.045947
v 0.129971 0.183594 0.063830
v 0.127132 0.182169 0.087493
v 0.118049 0.181068 0.103980
v 0.123726 0.179298 0.126159
v 0.124483 0.176826 0.140746
v 0.145300 -0.177421 -0.140511
v 0.144808 -0.181820 -0.127607
v 0.144543 -0.182855 -0.106206
v 0.144795 -0.182845 -0.087092
v 0.145300 -0.184809 -0.068817
v 0.145389 -0.185586 -0.050184
v 0.146219 -0.185883 -0.029239
v 0.143742 -0.186281 -0.010326
v 0.144188 -0.186144 0.010019
v 0.145394 -0.186724 0.029482
v 0.144099 -0.185915 0.049378
v 0.144134 -0.185942 0.067123
v 0.145346 -0.185845 0.085478
v 0.145514 -0.185128 0.106580
v 0.146309 -0.181811 0.127560
v 0.144240 -0.176762 0.141097
v 0.142887 -0.163803 -0.149751
v 0.149842 -0.169335 0.146461
v 0.144543 -0.145002 -0.152750
v 0.141610 -0.143677 0.150912
v 0.143407 -0.125698 -0.152999
v 0.145641 -0.107796 -0.153046
v 0.144543 -0.091256 -0.152553
v 0.140380 -0.084065 0.150576
v 0.145300 -0.065519 -0.152056
v 0.148706 -0.065329 0.150569
v 0.142272 -0.049054 -0.152173
v 0.148220 -0.054866 0.152251
v 0.144543 -0.032590 -0.152598
v 0.147571 -0.024263 0.152353
v 0.145300 -0.008982 -0.152112
v 0.144327 0.008720 -0.151576
v 0.149055 0.013586 0.151963
v 0.147429 0.032605 -0.151312
v 0.151356 0.026454 0.153055
v 0.144732 0.047934 -0.151264
v 0.151261 0.051056 0.151565
v 0.145300 0.072062 -0.151413
v 0.146208 0.071267 0.151116
v 0.146010 0.086539 -0.151638
v 0.146871 0.088012 0.153803
v 0.145300 0.093068 0.155081
v 0.143218 0.109722 -0.152251
v 0.145476 0.106312 0.154401
v 0.152113 0.106694 0.155222
v 0.144165 0.128410 -0.152508
v 0.149463 0.125240 0.152766
v 0.144449 0.144165 -0.152262
v 0.145300 0.147571 0.153392
v 0.145016 0.165193 -0.149060
v 0.140872 0.168145 0.149175
v 0.144732 0.176309 -0.142218
v 0.145868 0.180555 -0.124941
v 0.140332 0.184590 -0.051136
v 0.154526 0.184910 -0.034672
v 0.149274 0.178228 0.133945
v 0.149558 0.176679 0.140480
v 0.164376 -0.177456 -0.140508
v 0.163072 -0.182485 -0.127202
v 0.164981 -0.183264 -0.104125
v 0.163735 -0.184775 -0.085935
v 0.163215 -0.185234 -0.067411
v 0.163900 -0.185969 -0.049599
v 0.164963 -0.186223 -0.030900
v 0.164887 -0.186039 -0.007653
v 0.163917 -0.186254 0.008949
v 0.165465 -0.186027 0.028918
v 0.163262 -0.186143 0.049759
v 0.163283 -0.185821 0.067567
v 0.164920 -0.185844 0.086458
v 0.163305 -0.184486 0.106532
v 0.166909 -0.182207 0.125068
v 0.167368 -0.176695 0.140808
v 0.166164 -0.166581 -0.148461
v 0.164546 -0.164323 0.148015
v 0.164716 -0.146061 -0.152608
v 0.166590 -0.147651 0.150821
v 0.166306 -0.129294 -0.152898
v 0.159068 -0.124658 0.151026
v 0.164603 -0.106774 -0.152712
v 0.171132 -0.098826 0.150805
v 0.165170 -0.090026 -0.152690
v 0.170280 -0.089742 0.150663
v 0.161197 -0.069303 -0.152075
v 0.159401 -0.069741 0.150195
v 0.164177 -0.046878 -0.151596
v 0.157606 -0.051703 0.149848
v 0.164035 -0.028994 -0.151714
v 0.159267 -0.025020 0.149441
v 0.164278 -0.009610 -0.151548
v 0.158129 -0.011963 0.149639
v 0.163751 0.014722 -0.151597
v 0.161761 0.013806 0.149856
v 0.163751 0.023237 -0.151696
v 0.160061 0.021912 0.152502
v 0.164035 0.050205 -0.151168
v 0.157506 0.047650 0.152567
v 0.168917 0.064228 -0.151475
v 0.165738 0.087580 -0.151750
v 0.164382 0.090730 0.154252
v 0.163143 0.108397 -0.152487
v 0.162372 0.106428 0.154176
v 0.170280 0.106694 0.155017
v 0.164792 0.125997 -0.152602
v 0.162105 0.125770 0.152793
v 0.168766 0.147571 -0.152029
v 0.161683 0.142380 0.153383
v 0.162981 0.166220 -0.148496
v 0.163467 0.173340 0.146116
v 0.160144 0.176624 -0.140853
v 0.160771 0.180056 -0.126644
v 0.168009 0.181576 -0.103530
v 0.162544 0.182571 -0.088218
v 0.168009 0.183345 -0.072710
v 0.167441 0.184285 -0.051136
v 0.169996 0.184907 -0.026723
v 0.169145 0.185155 -0.011395
v 0.162332 0.185231 0.007341
v 0.169428 0.184729 0.028347
v 0.167015 0.183943 0.049353
v 0.169145 0.182723 0.072630
v 0.170129 0.181376 0.093898
v 0.161197 0.180883 0.102152
v 0.165880 0.178888 0.127133
v 0.168009 0.176887 0.139911
v 0.180013 -0.177297 -0.140626
v 0.183823 -0.180964 -0.126474
v 0.183531 -0.182939 -0.104742
v 0.181094 -0.185435 -0.086011
v 0.185460 -0.185286 -0.069124
v 0.182933 -0.185433 -0.048207
v 0.184252 -0.185920 -0.031041
v 0.184128 -0.186733 -0.009143
v 0.182035 -0.186222 0.008981
v 0.182043 -0.186463 0.030713
v 0.184185 -0.186098 0.049708
v 0.184291 -0.185725 0.067505
v 0.183599 -0.186186 0.085091
v 0.184384 -0.184486 0.105738
v 0.183246 -0.181659 0.126495
v 0.182372 -0.177016 0.140421
v 0.181572 -0.163666 -0.149731
v 0.179932 -0.167452 0.147253
v 0.182770 -0.146232 -0.152932
v 0.191286 -0.143109 0.151038
v 0.185609 -0.125225 -0.153494
v 0.181635 -0.128348 0.151086
v 0.182608 -0.107261 -0.153259
v 0.177093 -0.115858 0.151031
v 0.181635 -0.090310 -0.152601
v 0.181635 -0.071953 -0.151865
v 0.186872 -0.066697 0.150113
v 0.183906 -0.050284 -0.151206
v 0.185243 -0.052596 0.149855
v 0.182960 -0.029562 -0.150995
v 0.187278 -0.028347 0.149796
v 0.184663 -0.008115 -0.151489
v 0.183149 -0.008556 0.149311
v 0.185042 0.008760 -0.151477
v 0.188089 0.014224 0.149920
v 0.183054 0.032605 -0.151606
v 0.186882 0.027054 0.152459
v 0.183622 0.047650 -0.151510
v 0.186303 0.049921 0.151504
v 0.184112 0.068501 -0.152685
v 0.187637 0.070359 0.151126
v 0.185042 0.089520 -0.152970
v 0.185311 0.088658 0.153899
v 0.174822 0.093068 0.155137
v 0.180878 0.107703 -0.153431
v 0.185024 0.105546 0.154223
v 0.174822 0.103288 0.155213
v 0.182089 0.126224 -0.152993
v 0.184190 0.125997 0.152724
v 0.181635 0.143029 -0.152279
v 0.185609 0.145300 0.153263
v 0.182013 0.169699 -0.147022
v 0.181875 0.168767 0.148639
v 0.181257 0.176625 -0.140698
v 0.190364 0.179794 -0.126360
v 0.185041 0.184086 -0.053407
v 0.191286 0.184608 -0.032400
v 0.188448 0.185010 -0.007988
v 0.191854 0.185006 0.004502
v 0.190151 0.184418 0.032889
v 0.177093 0.183057 0.065817
v 0.190719 0.180190 0.108965
v 0.190719 0.179155 0.122591
v 0.182913 0.176292 0.140182
v 0.203431 -0.177235 -0.140257
v 0.204893 -0.180671 -0.127459
v 0.205322 -0.182971 -0.106917
v 0.203695 -0.183888 -0.088282
v 0.204611 -0.185023 -0.067353
v 0.206320 -0.186007 -0.049659
v 0.203858 -0.186557 -0.029316
v 0.202770 -0.186737 -0.008938
v 0.205108 -0.186193 0.008049
v 0.204574 -0.186608 0.029478
v 0.205498 -0.186517 0.049808
v 0.202981 -0.186220 0.069236
v 0.203748 -0.185692 0.086191
v 0.203409 -0.183797 0.106160
v 0.202965 -0.181940 0.126901
v 0.202478 -0.176844 0.140638
v 0.202641 -0.163609 -0.149557
v 0.202236 -0.168022 0.147073
v 0.201789 -0.148503 -0.152652
v 0.197531 -0.127780 -0.153454
v 0.204241 -0.106361 -0.153854
v 0.202073 -0.115858 0.151008
v 0.204912 -0.087660 -0.152935
v 0.202262 -0.091256 0.150636
v 0.204723 -0.068357 -0.151946
v 0.200559 -0.067033 0.150603
v 0.203209 -0.047919 -0.151338
v 0.201505 -0.053407 0.152614
v 0.203019 -0.030792 -0.151062
v 0.199802 -0.027291 0.152526
v 0.206161 -0.006626 -0.151046
v 0.197531 -0.013666 0.152356
v 0.203966 0.010937 -0.151230
v 0.203776 0.013132 0.152405
v 0.200181 0.030239 -0.151557
v 0.203046 0.027698 0.152956
v 0.203436 0.050829 -0.151848
v 0.201025 0.047999 0.152257
v 0.203209 0.066385 -0.152600
v 0.201695 0.070359 0.151169
v 0.205196 0.082850 -0.152547
v 0.203033 0.087422 0.153721
v 0.197531 0.093068 0.155150
v 0.202073 0.107716 -0.153261
v 0.205663 0.104999 0.154191
v 0.197531 0.106694 0.155089
v 0.204912 0.123726 -0.153216
v 0.202262 0.122591 0.152588
v 0.206615 0.144165 -0.152319
v 0.199093 0.148706 0.153295
v 0.198951 0.168034 -0.148011
v 0.201165 0.164334 0.150706
v 0.199802 0.176899 -0.140392
v 0.203067 0.182037 -0.089058
v 0.211725 0.183234 -0.064761
v 0.211157 0.183800 -0.052271
v 0.210022 0.184267 -0.037510
v 0.194125 0.184865 0.014721
v 0.204060 0.183432 0.053895
v 0.207466 0.182620 0.069223
v 0.210022 0.181005 0.095339
v 0.211157 0.179751 0.113507
v 0.208129 0.178285 0.129403
v 0.195261 0.176741 0.139316
v 0.223363 -0.176800 -0.140701
v 0.223600 -0.180299 -0.128239
v 0.222689 -0.182709 -0.105895
v 0.223572 -0.184459 -0.085124
v 0.222674 -0.185497 -0.068817
v 0.222551 -0.186305 -0.049728
v 0.221460 -0.186117 -0.028138
v 0.221049 -0.185659 -0.009120
v 0.222241 -0.185922 0.008755
v 0.222217 -0.186110 0.030126
v 0.222648 -0.186657 0.050030
v 0.225349 -0.185997 0.066643
v 0.223322 -0.186073 0.086435
v 0.222058 -0.184104 0.103969
v 0.221518 -0.181594 0.126460
v 0.218121 -0.178147 0.138940
v 0.223988 -0.165981 -0.148704
v 0.222259 -0.164240 0.148369
v 0.223080 -0.145380 -0.152843
v 0.214563 -0.147651 0.150979
v 0.223222 -0.126077 -0.153174
v 0.214564 -0.131754 0.151085
v 0.221093 -0.105922 -0.153603
v 0.222386 -0.087723 -0.153065
v 0.221539 -0.064275 -0.152113
v 0.224979 -0.067102 0.150274
v 0.220241 -0.047162 -0.152373
v 0.226045 -0.051767 0.152447
v 0.224669 -0.029335 -0.152461
v 0.227054 -0.025588 0.152185
v 0.223647 -0.010827 -0.151742
v 0.225351 -0.005007 0.152022
v 0.221755 0.009801 -0.151562
v 0.222512 0.009568 0.152082
v 0.219862 0.026833 -0.151827
v 0.224641 0.027424 0.153027
v 0.218916 0.050678 -0.151602
v 0.219105 0.049921 0.151951
v 0.221149 0.066498 -0.151778
v 0.219105 0.065817 0.150990
v 0.222512 0.093068 -0.152520
v 0.220758 0.088621 0.153188
v 0.225161 0.107640 -0.152824
v 0.220162 0.106546 0.153792
v 0.220695 0.124407 -0.153062
v 0.218254 0.123158 0.152707
v 0.223269 0.146246 -0.152162
v 0.222269 0.142056 0.153324
v 0.222520 0.166001 -0.148269
v 0.227216 0.165514 0.149522
v 0.220655 0.176223 -0.140252
v 0.225351 0.179283 -0.127212
v 0.223647 0.180378 -0.113587
v 0.227154 0.181820 -0.087771
v 0.228899 0.183551 -0.051136
v 0.225635 0.184202 -0.031833
v 0.230034 0.184479 -0.013098
v 0.222512 0.184597 0.010179
v 0.222512 0.184264 0.027211
v 0.227054 0.183337 0.050488
v 0.229764 0.181712 0.081100
v 0.228473 0.179975 0.108681
v 0.221755 0.178558 0.125240
v 0.222512 0.176221 0.139491
v 0.240553 -0.177048 -0.140376
v 0.242155 -0.180912 -0.127110
v 0.239670 -0.182482 -0.104251
v 0.239281 -0.184620 -0.085811
v 0.241652 -0.185345 -0.068817
v 0.241133 -0.185460 -0.049546
v 0.240530 -0.185978 -0.028608
v 0.241150 -0.186084 -0.009504
v 0.240384 -0.186021 0.006838
v 0.241679 -0.186417 0.029021
v 0.241699 -0.186009 0.050021
v 0.241970 -0.186284 0.067442
v 0.241201 -0.185623 0.085481
v 0.241815 -0.183454 0.106316
v 0.241755 -0.181312 0.128175
v 0.241596 -0.176789 0.140641
v 0.241531 -0.166058 -0.148910
v 0.236137 -0.156735 0.150362
v 0.245600 -0.139324 -0.153058
v 0.236327 -0.147651 0.150944
v 0.250898 -0.128348 -0.153175
v 0.243518 -0.126077 0.150968
v 0.242571 -0.107342 -0.152948
v 0.240679 -0.102232 0.150715
v 0.240111 -0.087471 -0.152810
v 0.241815 -0.090310 0.150487
v 0.241058 -0.068547 -0.152646
v 0.244016 -0.065403 0.149815
v 0.238084 -0.048054 -0.152314
v 0.240535 -0.051893 0.150204
v 0.241328 -0.027615 -0.153333
v 0.241496 -0.026155 0.149524
v 0.240982 -0.009124 -0.153613
v 0.237483 -0.009667 0.150090
v 0.239796 0.009170 -0.152218
v 0.240472 0.012233 0.149703
v 0.244843 0.026454 -0.151538
v 0.239788 0.027486 0.152010
v 0.240849 0.047934 -0.151630
v 0.239706 0.050678 0.151105
v 0.241133 0.068997 -0.151795
v 0.238408 0.070643 0.151137
v 0.241247 0.093068 -0.152367
v 0.244085 0.086255 0.151765
v 0.246356 0.106694 -0.152542
v 0.240112 0.104991 0.152378
v 0.242382 0.125051 -0.152596
v 0.237841 0.124861 0.152986
v 0.242666 0.140758 -0.152363
v 0.240679 0.172333 -0.145208
v 0.238408 0.176613 -0.139727
v 0.249763 0.180037 -0.115858
v 0.242950 0.181198 -0.096555
v 0.244086 0.182484 -0.071574
v 0.250331 0.183131 -0.055678
v 0.248628 0.184191 -0.022749
v 0.240254 0.184422 -0.007988
v 0.246356 0.184352 0.007909
v 0.236279 0.184050 0.028914
v 0.247066 0.182398 0.066385
v 0.244086 0.179952 0.107262
v 0.233582 0.178442 0.126565
v 0.247492 0.175704 0.140875
v 0.260550 -0.176750 -0.140592
v 0.260314 -0.180635 -0.125398
v 0.262622 -0.182313 -0.103964
v 0.262053 -0.184805 -0.086469
v 0.262524 -0.184993 -0.069358
v 0.263389 -0.185292 -0.048968
v 0.261347 -0.185768 -0.027980
v 0.261837 -0.186813 -0.009378
v 0.262872 -0.186002 0.008816
v 0.261441 -0.186319 0.030067
v 0.260930 -0.186951 0.048944
v 0.260440 -0.186083 0.068015
v 0.260512 -0.185406 0.086559
v 0.261531 -0.183550 0.106900
v 0.261367 -0.181738 0.126272
v 0.263956 -0.177739 0.139479
v 0.264524 -0.164407 -0.149338
v 0.263841 -0.163408 0.148431
v 0.262537 -0.144812 -0.152955
v 0.264524 -0.128348 -0.153456
v 0.265659 -0.113587 -0.153560
v 0.259178 -0.107909 0.150800
v 0.262537 -0.086052 -0.153348
v 0.255441 -0.084632 0.150405
v 0.252034 -0.062491 -0.153083
v 0.254936 -0.065392 0.150564
v 0.261875 -0.046973 -0.153100
v 0.257585 -0.052776 0.152708
v 0.262537 -0.028143 -0.153372
v 0.264699 -0.030828 0.152526
v 0.257549 -0.008313 -0.153270
v 0.264902 -0.007988 0.152540
v 0.259131 0.010463 -0.151798
v 0.261118 0.011996 0.152556
v 0.258137 0.030050 -0.151478
v 0.254305 0.030050 0.152518
v 0.262515 0.049921 -0.152482
v 0.258847 0.048785 0.151790
v 0.261572 0.070472 -0.152564
v 0.255062 0.063546 0.150898
v 0.261118 0.094488 -0.153045
v 0.261118 0.095339 0.152268
v 0.263105 0.106836 -0.153248
v 0.256292 0.107262 0.152651
v 0.262253 0.120887 -0.152823
v 0.268924 0.126281 0.153209
v 0.254143 0.145949 0.153266
v 0.258960 0.167205 -0.146934
v 0.252358 0.169614 0.148211
v 0.258279 0.177014 -0.138457
v 0.260455 0.178852 -0.129483
v 0.254305 0.181249 -0.093148
v 0.267363 0.182378 -0.067033
v 0.266227 0.183367 -0.044891
v 0.267930 0.184030 0.011315
v 0.267789 0.183570 0.034024
v 0.259769 0.183198 0.046515
v 0.254589 0.181337 0.083781
v 0.262400 0.178219 0.126579
v 0.259495 0.176138 0.139251
v 0.281178 -0.177314 -0.139720
v 0.279450 -0.180822 -0.125694
v 0.280593 -0.182030 -0.106658
v 0.281207 -0.183921 -0.086685
v 0.281548 -0.184359 -0.069211
v 0.281169 -0.185673 -0.049480
v 0.280412 -0.186168 -0.031406
v 0.281003 -0.185768 -0.007824
v 0.279460 -0.186012 0.010588
v 0.280582 -0.186267 0.029410
v 0.279957 -0.185829 0.049067
v 0.280229 -0.186213 0.067476
v 0.281406 -0.185966 0.086308
v 0.280988 -0.183388 0.106410
v 0.281549 -0.181546 0.126650
v 0.283178 -0.176895 0.140151
v 0.277014 -0.161276 -0.150797
v 0.277582 -0.166081 0.147259
v 0.288369 -0.138567 -0.153448
v 0.272898 -0.144812 0.150774
v 0.280042 -0.129483 -0.153578
v 0.280988 -0.109896 -0.153643
v 0.278149 -0.086478 -0.153591
v 0.281556 -0.086336 0.150430
v 0.284395 -0.067174 -0.153234
v 0.277771 -0.067411 0.150490
v 0.278717 -0.048014 -0.152947
v 0.279512 -0.049546 0.152910
v 0.282464 -0.027518 -0.152333
v 0.279432 -0.028822 0.150313
v 0.278831 -0.008897 -0.152108
v 0.278474 -0.009124 0.152417
v 0.280421 0.008760 -0.151462
v 0.281454 0.009464 0.150797
v 0.278008 0.033882 -0.151433
v 0.281040 0.024837 0.152722
v 0.280875 0.051056 -0.152089
v 0.285644 0.049466 0.151960
v 0.279739 0.068542 -0.152733
v 0.274176 0.065817 0.151104
v 0.278717 0.089945 -0.153556
v 0.283827 0.095339 0.152333
v 0.279569 0.105842 -0.153817
v 0.283827 0.104423 0.152660
v 0.282407 0.123159 -0.152968
v 0.287233 0.119184 0.153092
v 0.275595 0.147571 -0.152111
v 0.284395 0.144165 0.153341
v 0.282092 0.166311 -0.147659
v 0.280484 0.164040 0.150442
v 0.278149 0.176932 -0.138242
v 0.282550 0.178748 -0.127213
v 0.280988 0.180167 -0.106774
v 0.276446 0.180810 -0.095703
v 0.289504 0.182668 -0.054542
v 0.274743 0.183784 -0.029562
v 0.278434 0.183957 -0.014044
v 0.283827 0.183817 0.012450
v 0.281698 0.183576 0.027211
v 0.283827 0.182849 0.049921
v 0.281213 0.181764 0.073527
v 0.279853 0.180640 0.092643
v 0.281556 0.179265 0.112939
v 0.289504 0.174541 0.143029
v 0.299536 -0.176416 -0.140395
v 0.299976 -0.180265 -0.126960
v 0.299916 -0.181750 -0.104743
v 0.298462 -0.182783 -0.084822
v 0.298909 -0.185347 -0.068144
v 0.299430 -0.186044 -0.050009
v 0.299270 -0.185364 -0.028805
v 0.300962 -0.185637 -0.008877
v 0.299767 -0.185781 0.009195
v 0.299652 -0.186248 0.028679
v 0.299614 -0.185813 0.050347
v 0.300628 -0.185673 0.067745
v 0.299388 -0.185383 0.085588
v 0.300859 -0.183164 0.107688
v 0.298525 -0.180824 0.126195
v 0.300481 -0.175499 0.141377
v 0.294718 -0.168216 -0.147824
v 0.294283 -0.164236 0.148001
v 0.298264 -0.143109 -0.153112
v 0.293251 -0.146288 0.150717
v 0.294046 -0.127212 -0.153390
v 0.300859 -0.110748 -0.153327
v 0.295182 -0.115858 0.150835
v 0.305401 -0.083497 -0.153209
v 0.299368 -0.082361 0.150278
v 0.302676 -0.063967 -0.152938
v 0.304606 -0.065693 0.150709
v 0.298588 -0.045837 -0.152471
v 0.303357 -0.051817 0.152793
v 0.297831 -0.030319 -0.152196
v 0.303224 -0.029915 0.150016
v 0.301048 -0.009502 -0.151513
v 0.302519 -0.008251 0.152176
v 0.300481 0.015478 -0.151224
v 0.304492 0.008492 0.150455
v 0.299724 0.030239 -0.151365
v 0.303130 0.026454 0.152436
v 0.299837 0.047763 -0.152029
v 0.303130 0.052516 0.151235
v 0.302221 0.064000 -0.152369
v 0.308807 0.065817 0.151206
v 0.298669 0.089013 -0.153047
v 0.308807 0.088527 0.152060
v 0.299440 0.108113 -0.153042
v 0.303130 0.113507 0.152885
v 0.290640 0.122591 -0.152896
v 0.292343 0.128268 0.153287
v 0.301427 0.148252 -0.152233
v 0.295182 0.144543 0.153248
v 0.303130 0.165652 -0.148093
v 0.297907 0.168912 0.148022
v 0.299724 0.176364 -0.139031
v 0.300291 0.178541 -0.129483
v 0.309306 0.181265 -0.079372
v 0.291208 0.183033 -0.045459
v 0.301853 0.183416 -0.028048
v 0.296317 0.183759 -0.009124
v 0.300717 0.183678 0.000812
v 0.301711 0.183084 0.036295
v 0.308807 0.182721 0.045379
v 0.300665 0.181875 0.068274
v 0.309943 0.180721 0.088527
v 0.300859 0.180211 0.097610
v 0.300102 0.177761 0.129161
v 0.301427 0.175348 0.140758
v 0.323285 -0.176509 -0.140234
v 0.319983 -0.180031 -0.126255
v 0.319228 -0.181850 -0.107669
v 0.321784 -0.183076 -0.086011
v 0.318936 -0.184843 -0.066878
v 0.320734 -0.185505 -0.050579
v 0.318360 -0.185766 -0.027975
v 0.318931 -0.186190 -0.009674
v 0.318922 -0.185973 0.011396
v 0.320030 -0.186117 0.030598
v 0.322372 -0.186234 0.049947
v 0.318726 -0.185654 0.067423
v 0.319290 -0.185369 0.086234
v 0.319946 -0.183479 0.106370
v 0.321660 -0.181140 0.125807
v 0.320730 -0.176025 0.140866
v 0.325839 -0.166454 -0.147927
v 0.319216 -0.163395 0.148294
v 0.320162 -0.144623 -0.153049
v 0.323142 -0.145380 0.150907
v 0.322149 -0.126432 -0.153718
v 0.323001 -0.109471 -0.153753
v 0.317678 -0.109399 0.150793
v 0.319310 -0.090736 -0.153045
v 0.317607 -0.089175 0.150440
v 0.318601 -0.067884 -0.153091
v 0.320177 -0.065474 0.150261
v 0.319838 -0.050812 -0.153319
v 0.320162 -0.052988 0.151910
v 0.319657 -0.030319 -0.152225
v 0.314925 -0.030130 0.149909
v 0.319026 -0.009692 -0.152010
v 0.316964 -0.012625 0.150989
v 0.317567 0.009206 -0.151656
v 0.317822 0.008111 0.150404
v 0.321541 0.032564 -0.151994
v 0.318090 0.026521 0.151407
v 0.316629 0.050678 -0.152544
v 0.319987 0.050794 0.151083
v 0.319351 0.068412 -0.152703
v 0.320446 0.068372 0.151320
v 0.321298 0.088526 -0.153305
v 0.311078 0.096475 0.152315
v 0.321487 0.103666 -0.153180
v 0.316897 0.125571 -0.152606
v 0.322717 0.125429 0.153008
v 0.322433 0.149842 -0.151901
v 0.323379 0.147571 0.153047
v 0.320067 0.162728 -0.148950
v 0.316301 0.165642 0.149080
v 0.321714 0.176534 -0.137836
v 0.322925 0.178220 -0.129510
v 0.328110 0.180101 -0.099961
v 0.328394 0.182477 -0.043755
v 0.328394 0.183161 0.013586
v 0.328962 0.182907 0.028347
v 0.318458 0.181512 0.072174
v 0.317323 0.179493 0.106126
v 0.315053 0.177688 0.128209
v 0.312214 0.176173 0.138487
v 0.339181 -0.176640 -0.140470
v 0.340237 -0.181118 -0.123943
v 0.340600 -0.182434 -0.108193
v 0.341054 -0.183633 -0.084973
v 0.340114 -0.183910 -0.065897
v 0.340066 -0.184340 -0.049892
v 0.338532 -0.185877 -0.028550
v 0.338439 -0.185778 -0.008464
v 0.340392 -0.186828 0.008554
v 0.340922 -0.186216 0.027526
v 0.339617 -0.186664 0.049301
v 0.340792 -0.185616 0.067692
v 0.341168 -0.184720 0.086067
v 0.340752 -0.183529 0.105634
v 0.338291 -0.181292 0.127318
v 0.339692 -0.175642 0.141099
v 0.338897 -0.165841 -0.148726
v 0.336907 -0.164932 0.147723
v 0.337762 -0.145380 -0.152877
v 0.331063 -0.144017 0.150868
v 0.339465 -0.124260 -0.153471
v 0.338897 -0.131754 0.151017
v 0.341105 -0.111821 -0.153479
v 0.335018 -0.107342 0.150830
v 0.341097 -0.088322 -0.152538
v 0.334355 -0.084065 0.150389
v 0.337762 -0.066086 -0.152281
v 0.341756 -0.065609 0.150848
v 0.337421 -0.045459 -0.152476
v 0.345710 -0.050568 0.153080
v 0.340033 -0.030508 -0.152223
v 0.340600 -0.027291 0.152948
v 0.338329 -0.010259 -0.152300
v 0.337573 -0.002689 0.152838
v 0.337951 0.009990 -0.152494
v 0.343098 0.011996 0.152814
v 0.341249 0.029158 -0.152304
v 0.339238 0.032207 0.153228
v 0.338471 0.048076 -0.151907
v 0.340600 0.049467 0.152248
v 0.338708 0.068467 -0.152140
v 0.343439 0.064682 0.151182
v 0.341168 0.090230 -0.152568
v 0.342871 0.095339 0.152163
v 0.337478 0.106694 -0.153055
v 0.345142 0.104423 0.152418
v 0.338140 0.123726 -0.152842
v 0.341168 0.118049 0.152791
v 0.338443 0.143483 -0.152089
v 0.342304 0.138487 0.153141
v 0.339465 0.165370 -0.147802
v 0.338528 0.169524 0.146876
v 0.340600 0.178184 -0.127763
v 0.334923 0.179264 -0.115858
v 0.333362 0.180735 -0.085200
v 0.332652 0.181837 -0.058880
v 0.330949 0.182931 -0.027291
v 0.331658 0.183211 -0.005433
v 0.331517 0.182625 0.038566
v 0.333220 0.182269 0.049353
v 0.339155 0.181557 0.065957
v 0.333220 0.180328 0.090797
v 0.339465 0.179513 0.102153
v 0.338208 0.177724 0.125027
v 0.333788 0.175835 0.138487
v 0.358241 -0.177197 -0.140444
v 0.358100 -0.180718 -0.126627
v 0.358362 -0.182360 -0.107176
v 0.359292 -0.183776 -0.086161
v 0.358593 -0.185084 -0.067644
v 0.359181 -0.185172 -0.050620
v 0.358617 -0.185491 -0.030773
v 0.360357 -0.185675 -0.008597
v 0.358369 -0.186704 0.009187
v 0.359229 -0.186728 0.028930
v 0.359297 -0.185895 0.049718
v 0.358959 -0.186232 0.068545
v 0.356705 -0.185906 0.085284
v 0.357860 -0.183348 0.106391
v 0.359020 -0.180985 0.125846
v 0.359273 -0.176564 0.139894
v 0.362163 -0.167337 -0.147942
v 0.355848 -0.166056 0.147328
v 0.365581 -0.144623 -0.153071
v 0.367000 -0.136296 0.151056
v 0.363310 -0.120400 -0.153607
v 0.360282 -0.111316 -0.153529
v 0.363310 -0.113587 0.150911
v 0.358768 -0.086903 -0.152450
v 0.353658 -0.095419 0.150605
v 0.358768 -0.071120 -0.151785
v 0.360152 -0.065673 0.150008
v 0.356497 -0.048703 -0.151333
v 0.357659 -0.050577 0.151761
v 0.358768 -0.029562 -0.151338
v 0.361106 -0.031699 0.152741
v 0.359904 -0.010421 -0.151353
v 0.357529 -0.007472 0.152819
v 0.358390 0.007152 -0.151912
v 0.357559 0.009440 0.151161
v 0.358484 0.029766 -0.152279
v 0.359020 0.026454 0.153418
v 0.359903 0.047650 -0.151801
v 0.359273 0.051435 0.151453
v 0.359904 0.066385 -0.151863
v 0.362931 0.065250 0.150996
v 0.358484 0.089662 -0.152110
v 0.363026 0.083701 0.151695
v 0.360471 0.109154 -0.152531
v 0.357519 0.125770 -0.152820
v 0.363310 0.133945 0.153024
v 0.362175 0.149842 -0.151749
v 0.362742 0.145300 0.153010
v 0.361688 0.167710 -0.146495
v 0.354321 0.166010 0.148618
v 0.363310 0.175619 -0.138567
v 0.358058 0.177936 -0.127555
v 0.353280 0.179524 -0.107152
v 0.356213 0.180375 -0.088417
v 0.353198 0.182010 -0.047653
v 0.351955 0.182748 -0.025020
v 0.357159 0.182909 -0.008367
v 0.356213 0.182899 0.011315
v 0.356875 0.182658 0.026454
v 0.359194 0.182021 0.048786
v 0.359679 0.181647 0.059282
v 0.363594 0.179593 0.096475
v 0.364161 0.178510 0.112371
v 0.362742 0.177217 0.128225
v 0.358200 0.175594 0.138487
v 0.376889 -0.177585 -0.140176
v 0.376390 -0.180715 -0.128402
v 0.377188 -0.182985 -0.107279
v 0.378260 -0.183228 -0.085579
v 0.377645 -0.186241 -0.067254
v 0.379658 -0.186024 -0.050268
v 0.378877 -0.185611 -0.028899
v 0.378517 -0.185971 -0.009383
v 0.376200 -0.186258 0.009234
v 0.376547 -0.186353 0.028626
v 0.376222 -0.186453 0.049947
v 0.376974 -0.186513 0.067499
v 0.377801 -0.185390 0.085830
v 0.377179 -0.183775 0.104261
v 0.376122 -0.180524 0.127873
v 0.381761 -0.176879 0.139703
v 0.376676 -0.165197 -0.148969
v 0.377118 -0.168094 0.146421
v 0.376368 -0.145380 -0.153045
v 0.379348 -0.147651 0.150934
v 0.377314 -0.125699 -0.153611
v 0.374948 -0.104787 -0.153502
v 0.382613 -0.112451 0.150885
v 0.375232 -0.082362 -0.152782
v 0.384695 -0.087850 0.150436
v 0.372393 -0.067032 -0.151711
v 0.374452 -0.064717 0.150688
v 0.376935 -0.045270 -0.151024
v 0.377632 -0.051028 0.152778
v 0.375119 -0.027518 -0.150620
v 0.376228 -0.029024 0.150524
v 0.377747 -0.007340 -0.150653
v 0.378864 -0.010838 0.151459
v 0.376367 0.010747 -0.151728
v 0.376935 0.010098 0.153376
v 0.379660 0.030390 -0.151550
v 0.378302 0.032974 0.152809
v 0.380017 0.050894 -0.151907
v 0.376493 0.047665 0.150664
v 0.381931 0.067180 -0.152573
v 0.381477 0.074901 0.151404
v 0.377908 0.086093 -0.152700
v 0.379206 0.104650 -0.152711
v 0.383748 0.109533 0.152416
v 0.377692 0.125618 -0.152750
v 0.380886 0.123513 0.152756
v 0.374475 0.143029 -0.152277
v 0.379490 0.141515 0.152879
v 0.370123 0.156655 -0.150907
v 0.379547 0.170264 0.146198
v 0.376935 0.175490 -0.138567
v 0.371637 0.177363 -0.130756
v 0.374854 0.179155 -0.106774
v 0.383748 0.180137 -0.084065
v 0.370175 0.181717 -0.048678
v 0.374664 0.182311 -0.027291
v 0.385736 0.182451 -0.004582
v 0.381193 0.182532 0.009328
v 0.383748 0.182307 0.024940
v 0.383399 0.181728 0.048186
v 0.378639 0.180982 0.067710
v 0.374665 0.179942 0.087817
v 0.376368 0.179183 0.099881
v 0.382613 0.176976 0.127133
v 0.398079 -0.177417 -0.140059
v 0.397758 -0.181011 -0.126025
v 0.396895 -0.182317 -0.105889
v 0.399039 -0.184046 -0.086790
v 0.397020 -0.185471 -0.071575
v 0.396282 -0.185665 -0.049567
v 0.397332 -0.186105 -0.030068
v 0.398043 -0.185865 -0.009215
v 0.398056 -0.186339 0.009438
v 0.397857 -0.187212 0.028954
v 0.397627 -0.186406 0.048523
v 0.397717 -0.186428 0.069903
v 0.395893 -0.185739 0.084775
v 0.397900 -0.184102 0.105594
v 0.397580 -0.181043 0.127999
v 0.394346 -0.176566 0.140406
v 0.397681 -0.165931 -0.148590
v 0.398623 -0.165703 0.147590
v 0.397232 -0.145380 -0.152857
v 0.398509 -0.138567 0.151140
v 0.392453 -0.127970 -0.153535
v 0.406458 -0.128348 0.151134
v 0.395671 -0.104957 -0.153834
v 0.390939 -0.105260 0.150807
v 0.395671 -0.086903 -0.153389
v 0.398509 -0.089174 0.150600
v 0.396725 -0.067844 -0.152814
v 0.396148 -0.067423 0.150538
v 0.396996 -0.048297 -0.151823
v 0.394021 -0.051596 0.150691
v 0.393400 -0.032117 -0.151145
v 0.395009 -0.031407 0.149510
v 0.400023 -0.005717 -0.150994
v 0.392290 -0.009471 0.149340
v 0.393967 0.011088 -0.150902
v 0.392455 0.008456 0.150822
v 0.396920 0.031299 -0.151100
v 0.392585 0.028412 0.150533
v 0.399645 0.046515 -0.151530
v 0.395330 0.049353 0.150561
v 0.395481 0.068333 -0.153181
v 0.390182 0.066858 0.151162
v 0.396975 0.087797 -0.154352
v 0.397090 0.094488 0.152069
v 0.397500 0.106442 -0.153298
v 0.396806 0.131674 -0.152738
v 0.399456 0.144543 -0.152130
v 0.396522 0.147571 0.152819
v 0.399872 0.167318 -0.146459
v 0.395292 0.162609 0.149955
v 0.401916 0.175266 -0.138567
v 0.398307 0.177401 -0.128147
v 0.403051 0.180512 -0.067033
v 0.396000 0.181375 -0.046411
v 0.396303 0.181904 -0.027638
v 0.388858 0.182300 -0.014801
v 0.395954 0.182202 0.013586
v 0.393400 0.182076 0.027211
v 0.395118 0.181764 0.039390
v 0.388290 0.181230 0.059004
v 0.394961 0.178454 0.105843
v 0.393558 0.177079 0.125276
v 0.390561 0.175302 0.138487
v 0.417055 -0.177386 -0.139881
v 0.418039 -0.180490 -0.125850
v 0.417848 -0.182207 -0.106527
v 0.417163 -0.183916 -0.086173
v 0.418064 -0.184304 -0.068673
v 0.416109 -0.184759 -0.046821
v 0.418089 -0.186093 -0.028796
v 0.418273 -0.186280 -0.008564
v 0.416492 -0.185893 0.008677
v 0.417188 -0.186660 0.029611
v 0.418596 -0.185824 0.049507
v 0.416760 -0.185565 0.068632
v 0.416006 -0.185576 0.087189
v 0.417331 -0.183533 0.106365
v 0.417474 -0.181523 0.124624
v 0.409864 -0.176449 0.140260
v 0.417236 -0.170462 -0.146611
v 0.419704 -0.165889 0.148003
v 0.418153 -0.143563 -0.152704
v 0.408729 -0.122670 -0.153045
v 0.423915 -0.118696 0.151244
v 0.417245 -0.105354 -0.153045
v 0.415187 -0.097974 0.151002
v 0.416298 -0.085957 -0.152863
v 0.415087 -0.070439 -0.152749
v 0.417103 -0.064761 0.150695
v 0.416298 -0.050379 -0.152419
v 0.413270 -0.044323 0.150496
v 0.414974 -0.033110 -0.151855
v 0.417244 -0.024736 0.150538
v 0.416109 -0.011963 -0.151427
v 0.418664 -0.006001 0.150508
v 0.418569 0.010558 -0.151178
v 0.418948 0.011315 0.150583
v 0.417954 0.032889 -0.151288
v 0.416298 0.030239 0.150763
v 0.414216 0.047650 -0.151560
v 0.414122 0.049069 0.151054
v 0.416487 0.068183 -0.152518
v 0.417812 0.063546 0.151444
v 0.417131 0.089435 -0.153197
v 0.413696 0.077740 0.151752
v 0.418039 0.104423 -0.153057
v 0.418380 0.113507 0.152643
v 0.415258 0.125997 -0.152818
v 0.420840 0.128646 0.152901
v 0.421786 0.152113 -0.151576
v 0.424625 0.138487 0.152950
v 0.421503 0.164419 -0.148156
v 0.421673 0.167577 0.147668
v 0.420631 0.176933 -0.130064
v 0.421503 0.178111 -0.113587
v 0.419799 0.179495 -0.085200
v 0.423490 0.180235 -0.063910
v 0.416110 0.180915 -0.048014
v 0.415085 0.181521 -0.025990
v 0.414709 0.181764 -0.007564
v 0.417302 0.181733 0.007530
v 0.413870 0.181505 0.030231
v 0.413270 0.180953 0.049921
v 0.410290 0.180523 0.062411
v 0.416038 0.179070 0.088811
v 0.413696 0.177885 0.111172
v 0.416926 0.176710 0.127147
v 0.437342 -0.177035 -0.140309
v 0.435474 -0.181129 -0.125910
v 0.435665 -0.182307 -0.106613
v 0.436359 -0.184372 -0.087660
v 0.435374 -0.184415 -0.067562
v 0.435980 -0.184374 -0.046878
v 0.436250 -0.185221 -0.027282
v 0.436875 -0.185374 -0.009309
v 0.436539 -0.184929 0.009608
v 0.434642 -0.185971 0.029482
v 0.435958 -0.185065 0.050283
v 0.435980 -0.185511 0.068088
v 0.435526 -0.184187 0.086710
v 0.435980 -0.183169 0.106946
v 0.434425 -0.181139 0.125870
v 0.436737 -0.176447 0.140251
v 0.435980 -0.163641 -0.149496
v 0.433936 -0.165327 0.147747
v 0.442793 -0.139703 -0.152804
v 0.437683 -0.145002 0.151174
v 0.443929 -0.120968 -0.152884
v 0.434844 -0.107152 -0.152753
v 0.439954 -0.116142 0.151398
v 0.431438 -0.084065 -0.152298
v 0.436548 -0.069304 -0.152144
v 0.439954 -0.069303 0.151148
v 0.435412 -0.049149 -0.152036
v 0.432006 -0.041059 0.150976
v 0.435980 -0.034104 -0.151960
v 0.442793 -0.034104 0.151169
v 0.432573 -0.015936 -0.151761
v 0.435696 -0.004582 0.151016
v 0.432858 0.007340 -0.151548
v 0.437115 0.012166 0.151141
v 0.436926 0.030996 -0.151630
v 0.428031 0.038566 0.151177
v 0.435412 0.048028 -0.151529
v 0.441089 0.043676 0.151457
v 0.435601 0.066196 -0.151906
v 0.436453 0.065060 0.151692
v 0.434087 0.088905 -0.152672
v 0.431154 0.092217 0.152196
v 0.439103 0.112371 -0.153027
v 0.436831 0.125429 -0.152888
v 0.428031 0.121455 0.152781
v 0.432195 0.147571 -0.151895
v 0.430870 0.147571 0.152653
v 0.434033 0.166929 -0.146230
v 0.432411 0.167377 0.147150
v 0.440522 0.174535 -0.138567
v 0.438305 0.176919 -0.126230
v 0.443360 0.178058 -0.109045
v 0.441373 0.179222 -0.082361
v 0.439528 0.180221 -0.051136
v 0.435128 0.181076 -0.015937
v 0.431438 0.180945 0.031753
v 0.437257 0.180233 0.049920
v 0.433425 0.179668 0.068372
v 0.439386 0.178800 0.085688
v 0.435271 0.178098 0.102152
v 0.438251 0.175819 0.133945
v 0.426896 0.175013 0.138487
v 0.451294 -0.176833 -0.140747
v 0.454973 -0.180755 -0.125767
v 0.454490 -0.182003 -0.104284
v 0.454671 -0.183629 -0.086860
v 0.454766 -0.184495 -0.068374
v 0.454652 -0.185177 -0.051010
v 0.453996 -0.184635 -0.030773
v 0.453996 -0.183795 -0.008821
v 0.453012 -0.184581 0.009271
v 0.453011 -0.185096 0.029104
v 0.454152 -0.185083 0.050279
v 0.453978 -0.185162 0.068563
v 0.455913 -0.183691 0.086003
v 0.454322 -0.182538 0.105821
v 0.453488 -0.181228 0.124772
v 0.449605 -0.176468 0.140242
v 0.453769 -0.165162 -0.148983
v 0.453769 -0.163738 0.148569
v 0.458784 -0.147651 -0.152501
v 0.461528 -0.140838 0.151348
v 0.458310 -0.123049 -0.152686
v 0.454904 -0.106017 -0.152439
v 0.463799 -0.113019 0.151536
v 0.454147 -0.087850 -0.152147
v 0.449889 -0.088607 0.151415
v 0.458689 -0.061355 -0.152492
v 0.456986 -0.066749 0.151382
v 0.459824 -0.053406 -0.152546
v 0.451876 -0.045459 0.151278
v 0.456986 -0.030982 -0.152388
v 0.457554 -0.031691 0.151396
v 0.453012 -0.016504 -0.152239
v 0.462095 -0.002879 0.151556
v 0.453580 0.002515 -0.152071
v 0.454147 0.000812 0.151386
v 0.453769 0.024183 -0.152007
v 0.460392 0.025650 0.151635
v 0.453012 0.049164 -0.151598
v 0.456986 0.043676 0.151660
v 0.456607 0.064682 -0.151718
v 0.455850 0.065249 0.151857
v 0.450741 0.087959 -0.152510
v 0.458121 0.085972 0.152177
v 0.455708 0.107120 -0.153031
v 0.454431 0.108681 0.152462
v 0.456481 0.126754 -0.152896
v 0.449321 0.124862 0.152686
v 0.455094 0.147571 -0.151652
v 0.456418 0.145754 0.152479
v 0.460203 0.165015 -0.146144
v 0.460989 0.165376 0.148235
v 0.457246 0.176391 -0.128885
v 0.462095 0.177836 -0.109045
v 0.450741 0.178619 -0.093716
v 0.446199 0.179573 -0.068168
v 0.447192 0.180305 -0.038646
v 0.455141 0.180327 0.023805
v 0.452018 0.179686 0.055598
v 0.460818 0.178552 0.083417
v 0.458147 0.177586 0.107315
v 0.461148 0.176555 0.124661
v 0.463231 0.174599 0.138487
v 0.476005 -0.177588 -0.140475
v 0.472542 -0.180844 -0.126985
v 0.474540 -0.182478 -0.105525
v 0.475040 -0.183557 -0.087395
v 0.473126 -0.184430 -0.066870
v 0.474853 -0.185018 -0.049733
v 0.474478 -0.184517 -0.031076
v 0.476431 -0.183643 -0.009408
v 0.474941 -0.184143 0.010463
v 0.477141 -0.184177 0.027637
v 0.475797 -0.184064 0.050526
v 0.475064 -0.184312 0.067729
v 0.474051 -0.183885 0.087725
v 0.470549 -0.182305 0.104312
v 0.474183 -0.180614 0.127381
v 0.471937 -0.177146 0.139674
v 0.476005 -0.165027 -0.149185
v 0.474459 -0.167000 0.147175
v 0.474940 -0.144670 -0.152651
v 0.478985 -0.146515 0.151262
v 0.470115 -0.125368 -0.152751
v 0.467773 -0.127780 0.151452
v 0.465502 -0.113587 -0.152533
v 0.467773 -0.106206 0.151602
v 0.471818 -0.086903 -0.152485
v 0.472882 -0.094284 0.151731
v 0.469476 -0.064761 -0.152614
v 0.473450 -0.058517 0.151713
v 0.477424 -0.040349 -0.152653
v 0.481682 -0.008556 -0.152602
v 0.477424 -0.015085 0.151938
v 0.475721 0.013586 -0.152301
v 0.476857 0.043959 -0.152070
v 0.470044 0.039701 0.151881
v 0.472315 0.067804 -0.151885
v 0.472315 0.063546 0.152061
v 0.473072 0.091176 -0.152125
v 0.471861 0.109192 -0.152372
v 0.473805 0.108752 0.152525
v 0.474207 0.127889 -0.152171
v 0.475012 0.129971 0.152666
v 0.475437 0.144732 -0.151516
v 0.480476 0.145300 0.152331
v 0.474586 0.167261 -0.145662
v 0.475153 0.170074 0.144220
v 0.476228 0.176381 -0.127121
v 0.470896 0.177684 -0.110181
v 0.469050 0.178368 -0.091871
v 0.470966 0.178824 -0.073987
v 0.476857 0.179083 -0.056813
v 0.474727 0.179669 -0.027859
v 0.470611 0.179951 -0.013666
v 0.467205 0.179995 0.019263
v 0.468199 0.179763 0.033456
v 0.472882 0.179360 0.047082
v 0.472693 0.178810 0.068467
v 0.481398 0.177840 0.093636
v 0.475094 0.177466 0.105958
v 0.474018 0.175998 0.129404
v 0.497749 -0.177675 -0.140692
v 0.494458 -0.181177 -0.125983
v 0.494834 -0.182286 -0.107102
v 0.493888 -0.182977 -0.088890
v 0.494198 -0.183989 -0.069613
v 0.494645 -0.183639 -0.050190
v 0.494089 -0.183374 -0.029829
v 0.495024 -0.183354 -0.010487
v 0.495024 -0.183649 0.010369
v 0.494890 -0.184233 0.029883
v 0.495024 -0.184597 0.049467
v 0.495024 -0.183519 0.067709
v 0.495478 -0.183369 0.086407
v 0.495044 -0.182623 0.103818
v 0.494236 -0.180870 0.123197
v 0.494646 -0.176578 0.140521
v 0.489772 -0.165368 -0.148978
v 0.498809 -0.167264 0.147518
v 0.492470 -0.149922 -0.152732
v 0.498998 -0.146515 0.151426
v 0.497011 -0.103935 -0.153058
v 0.493888 -0.115858 0.151856
v 0.491617 -0.084774 -0.152903
v 0.494314 -0.087329 0.152057
v 0.485940 -0.070439 -0.152752
v 0.499566 -0.066275 0.152179
v 0.499566 -0.047730 -0.152865
v 0.485940 -0.043188 0.152027
v 0.484805 -0.026156 -0.152714
v 0.499566 -0.028711 0.152312
v 0.496302 -0.011678 -0.152869
v 0.495449 -0.001175 0.152347
v 0.497295 0.018128 0.152425
v 0.489347 0.031895 -0.152421
v 0.487076 0.034592 0.152234
v 0.488140 0.051198 0.152256
v 0.490482 0.065817 -0.152237
v 0.487076 0.072630 0.152335
v 0.490198 0.082282 -0.152203
v 0.492327 0.085688 0.152479
v 0.491712 0.107451 -0.152198
v 0.490482 0.114075 0.152603
v 0.490482 0.129403 -0.152003
v 0.495450 0.140758 -0.151678
v 0.499566 0.152113 0.151666
v 0.493540 0.165966 -0.145122
v 0.491078 0.164558 0.148130
v 0.497295 0.175157 -0.134025
v 0.494297 0.177244 -0.109901
v 0.493321 0.177888 -0.089174
v 0.500701 0.178353 -0.058517
v 0.497295 0.178742 -0.043188
v 0.499566 0.178873 -0.026723
v 0.499566 0.178961 -0.015937
v 0.492186 0.179235 0.006205
v 0.498998 0.178748 0.034308
v 0.497295 0.178472 0.054463
v 0.491050 0.178440 0.064397
v 0.498999 0.177646 0.084765
v 0.486238 0.177249 0.107115
v 0.489063 0.176037 0.127132
v 0.515179 -0.177365 -0.141247
v 0.512036 -0.181350 -0.127235
v 0.513369 -0.181760 -0.105592
v 0.513194 -0.181872 -0.085452
v 0.516030 -0.182462 -0.067036
v 0.513759 -0.182790 -0.047162
v 0.514057 -0.181800 -0.028636
v 0.513181 -0.182151 -0.007911
v 0.513488 -0.182536 0.009352
v 0.512435 -0.183171 0.029482
v 0.512572 -0.183124 0.049301
v 0.511747 -0.183169 0.068088
v 0.512588 -0.181998 0.087387
v 0.512973 -0.182260 0.105572
v 0.513873 -0.180482 0.127132
v 0.513381 -0.176574 0.140504
v 0.515235 -0.164974 -0.149438
v 0.513873 -0.165071 0.148080
v 0.514043 -0.143563 -0.153182
v 0.517733 -0.148787 0.151441
v 0.516031 -0.130618 -0.153469
v 0.522275 -0.131754 0.151988
v 0.514516 -0.107720 -0.153465
v 0.522275 -0.115858 0.152178
v 0.514895 -0.089174 -0.153451
v 0.521707 -0.090309 0.152367
v 0.510920 -0.070155 -0.153140
v 0.514327 -0.054826 -0.153139
v 0.506379 -0.034672 -0.153009
v 0.515462 -0.014233 -0.153319
v 0.520004 -0.002311 0.152711
v 0.509785 0.008665 -0.153155
v 0.517733 0.029482 -0.153311
v 0.522275 0.026644 0.152800
v 0.512056 0.066101 -0.152914
v 0.508366 0.064966 0.152574
v 0.517734 0.090513 -0.152977
v 0.514327 0.093068 0.152697
v 0.513192 0.107262 -0.152699
v 0.505385 0.104707 0.152642
v 0.513192 0.122591 -0.152481
v 0.507940 0.129688 0.152531
v 0.514256 0.145300 -0.151400
v 0.514554 0.145754 0.151911
v 0.516495 0.166568 -0.144469
v 0.514771 0.165512 0.146006
v 0.515689 0.175712 -0.126758
v 0.514553 0.176907 -0.107257
v 0.514327 0.177474 -0.081794
v 0.520004 0.177414 -0.072710
v 0.512813 0.178116 -0.047635
v 0.516598 0.178164 -0.030698
v 0.514327 0.178364 -0.016504
v 0.515463 0.178324 0.008476
v 0.509786 0.178437 0.025224
v 0.514327 0.177835 0.051056
v 0.511583 0.177594 0.068016
v 0.516563 0.176858 0.092445
v 0.512428 0.176625 0.106500
v 0.513097 0.175683 0.125997
v 0.533691 -0.177148 -0.139595
v 0.533913 -0.179802 -0.127969
v 0.533062 -0.180969 -0.105922
v 0.530740 -0.180758 -0.087161
v 0.531278 -0.181291 -0.068209
v 0.531155 -0.181172 -0.049138
v 0.532332 -0.180898 -0.027778
v 0.530941 -0.181179 -0.007988
v 0.534766 -0.181051 0.007341
v 0.531227 -0.181388 0.027756
v 0.530205 -0.181444 0.047148
v 0.533324 -0.181293 0.066491
v 0.530980 -0.180560 0.089851
v 0.530354 -0.180474 0.106680
v 0.533764 -0.179063 0.130413
v 0.535232 -0.176812 0.138338
v 0.533511 -0.166700 -0.147846
v 0.535804 -0.167249 0.145851
v 0.532008 -0.146353 -0.152970
v 0.532598 -0.145999 0.151398
v 0.532873 -0.132890 -0.153442
v 0.533630 -0.122671 0.151972
v 0.531359 -0.107058 -0.153554
v 0.538172 -0.112451 0.151947
v 0.534766 -0.088039 -0.153582
v 0.533630 -0.088444 0.152311
v 0.530508 -0.073846 -0.153477
v 0.530602 -0.063626 0.152488
v 0.534766 -0.054542 -0.153427
v 0.531359 -0.056813 0.152454
v 0.534198 -0.013382 -0.153610
v 0.529088 -0.008745 0.152728
v 0.527953 0.013018 -0.153617
v 0.538172 0.027211 -0.153570
v 0.533630 0.025697 0.152804
v 0.524546 0.043392 -0.153418
v 0.533630 0.064682 -0.153355
v 0.534279 0.068250 0.152765
v 0.532116 0.089662 -0.153129
v 0.530905 0.094772 0.152818
v 0.531359 0.108397 -0.152899
v 0.530981 0.107073 0.152696
v 0.532116 0.124104 -0.152485
v 0.533306 0.125348 0.152331
v 0.533156 0.144322 -0.151041
v 0.533360 0.144569 0.151231
v 0.533343 0.166449 -0.143343
v 0.534417 0.173733 -0.133910
v 0.535901 0.173942 0.132431
v 0.533373 0.165899 0.144263
v 0.533488 0.175256 -0.124090
v 0.532148 0.176359 -0.104809
v 0.533630 0.176637 -0.087471
v 0.532824 0.176837 -0.069793
v 0.531359 0.177212 -0.046594
v 0.531363 0.177338 -0.032461
v 0.533403 0.177288 -0.012530
v 0.531460 0.177413 0.009730
v 0.532494 0.177167 0.027779
v 0.532726 0.176726 0.055796
v 0.531359 0.176484 0.073198
v 0.534766 0.176049 0.085972
v 0.533630 0.175639 0.110100
v 0.531359 0.175018 0.125619
v 0.542439 -0.175707 -0.138260
v 0.545407 -0.176688 -0.128452
v 0.547257 -0.177425 -0.105332
v 0.547800 -0.177832 -0.089272
v 0.547892 -0.177478 -0.073624
v 0.547381 -0.177379 -0.048054
v 0.546827 -0.177987 -0.031904
v 0.547948 -0.177718 -0.008698
v 0.548054 -0.177951 0.007341
v 0.547731 -0.177870 0.032402
v 0.547956 -0.177812 0.048502
v 0.546773 -0.178284 0.067804
v 0.547706 -0.177379 0.089706
v 0.546854 -0.177324 0.107830
v 0.545234 -0.177223 0.126171
v 0.551530 -0.164962 -0.142760
v 0.556266 -0.168456 -0.128298
v 0.557899 -0.169254 -0.105122
v 0.557469 -0.170594 -0.088152
v 0.556880 -0.170917 -0.064383
v 0.557592 -0.170335 -0.046757
v 0.557311 -0.171218 -0.028174
v 0.558161 -0.170306 -0.006399
v 0.557068 -0.171658 0.010179
v 0.557100 -0.171606 0.028347
v 0.556932 -0.171551 0.047893
v 0.556853 -0.171479 0.070197
v 0.557783 -0.169624 0.090797
v 0.558122 -0.169031 0.109938
v 0.556680 -0.168994 0.128717
v 0.551293 -0.164704 0.142826
v 0.553056 -0.146749 -0.148695
v 0.553811 -0.147071 0.147390
v 0.554987 -0.128348 -0.149334
v 0.553680 -0.126834 0.148303
v 0.554410 -0.109613 -0.149604
v 0.549388 -0.102445 0.150368
v 0.553508 -0.086984 -0.150227
v 0.553746 -0.089742 0.149744
v 0.552362 -0.069758 -0.150412
v 0.554458 -0.069514 0.148867
v 0.555163 -0.048978 -0.149421
v 0.554587 -0.054045 0.149417
v 0.549289 -0.027149 -0.152254
v 0.553673 -0.028994 0.149096
v 0.550724 -0.005528 -0.151582
v 0.552647 -0.008272 0.150471
v 0.555681 0.004857 -0.149389
v 0.552382 0.009328 0.149700
v 0.549840 0.027779 -0.151845
v 0.544228 0.035444 0.152252
v 0.554469 0.055669 -0.149354
v 0.557773 0.043392 0.147964
v 0.553196 0.068466 -0.150001
v 0.552998 0.066574 0.149688
v 0.553422 0.088851 -0.149896
v 0.551686 0.087139 0.149990
v 0.554977 0.107489 -0.148961
v 0.552034 0.107310 0.149812
v 0.552983 0.124516 -0.148657
v 0.551567 0.126244 0.149180
v 0.554102 0.145368 -0.145200
v 0.551816 0.146201 0.147202
v 0.551636 0.162708 -0.140390
v 0.554487 0.168120 -0.127875
v 0.556843 0.169973 -0.107155
v 0.557000 0.170460 -0.089907
v 0.559067 0.170179 -0.069871
v 0.558345 0.171143 -0.044181
v 0.558679 0.170965 -0.028048
v 0.558395 0.171427 -0.008556
v 0.558569 0.170890 0.010558
v 0.559143 0.170242 0.030239
v 0.558072 0.170902 0.044244
v 0.556815 0.171527 0.069129
v 0.556522 0.171255 0.090343
v 0.556479 0.170068 0.108718
v 0.553475 0.169444 0.128361
v 0.551278 0.162782 0.141467
v 0.542714 0.174904 -0.118129
v 0.544985 0.175083 -0.106774
v 0.544985 0.175693 -0.078671
v 0.551798 0.174393 -0.068168
v 0.547256 0.175632 -0.049244
v 0.547256 0.175955 -0.019911
v 0.546121 0.176012 -0.009549
v 0.547256 0.175719 0.013207
v 0.551798 0.174429 0.040837
v 0.544985 0.175606 0.060139
v 0.544985 0.175117 0.088101
v 0.544985 0.174674 0.107829
v 0.542714 0.174610 0.118049
v 0.562281 -0.156735 -0.127969
v 0.562195 -0.159006 -0.109045
v 0.562426 -0.159086 -0.088588
v 0.562551 -0.158188 -0.069283
v 0.562590 -0.158482 -0.046973
v 0.562782 -0.158377 -0.026155
v 0.562939 -0.158448 -0.010638
v 0.563007 -0.158761 0.010179
v 0.562999 -0.158781 0.051435
v 0.562872 -0.159581 0.068088
v 0.562971 -0.158891 0.088527
v 0.562868 -0.159557 0.107063
v 0.563012 -0.158186 0.127369
v 0.562297 -0.156560 0.138366
v 0.563038 -0.146762 -0.138519
v 0.563453 -0.147065 -0.131430
v 0.563479 -0.146420 -0.106017
v 0.563882 -0.147103 -0.085861
v 0.563722 -0.146213 -0.071088
v 0.564069 -0.144855 -0.048557
v 0.564431 -0.143109 -0.036375
v 0.564175 -0.145664 -0.015085
v 0.564258 -0.146743 0.008874
v 0.564668 -0.140081 0.027968
v 0.564429 -0.145380 0.049164
v 0.564472 -0.146515 0.069649
v 0.564767 -0.144244 0.088527
v 0.565152 -0.143563 0.108057
v 0.564847 -0.147651 0.129151
v 0.563473 -0.148636 0.139239
v 0.562931 -0.131174 -0.140786
v 0.564190 -0.131754 -0.126077
v 0.564232 -0.126455 -0.111316
v 0.564358 -0.127591 -0.087282
v 0.564541 -0.126361 -0.068736
v 0.564782 -0.123806 -0.046594
v 0.564737 -0.127212 -0.037510
v 0.564728 -0.125509 -0.006096
v 0.564969 -0.124752 0.011126
v 0.565240 -0.123805 0.028914
v 0.565323 -0.128348 0.052476
v 0.565156 -0.129057 0.071495
v 0.565311 -0.122670 0.088527
v 0.565662 -0.124941 0.104650
v 0.565551 -0.128632 0.130539
v 0.563977 -0.131754 0.139896
v 0.562933 -0.107909 -0.140949
v 0.564444 -0.107909 -0.123806
v 0.564685 -0.106774 -0.105449
v 0.565028 -0.103367 -0.088607
v 0.564966 -0.106207 -0.070723
v 0.565125 -0.109840 -0.051023
v 0.565015 -0.107152 -0.032590
v 0.565037 -0.104219 -0.006285
v 0.565113 -0.107909 0.011126
v 0.565560 -0.109613 0.030996
v 0.565579 -0.103822 0.047877
v 0.565605 -0.105638 0.066385
v 0.565612 -0.102800 0.084553
v 0.565762 -0.107228 0.106240
v 0.565753 -0.107098 0.129403
v 0.563227 -0.109045 0.141085
v 0.562799 -0.084917 -0.142420
v 0.564522 -0.084916 -0.126644
v 0.564906 -0.084632 -0.109045
v 0.565172 -0.086714 -0.086147
v 0.565177 -0.089742 -0.065897
v 0.565211 -0.089364 -0.053785
v 0.565109 -0.095987 -0.037510
v 0.565316 -0.086336 -0.007421
v 0.565350 -0.087471 0.011315
v 0.565433 -0.090877 0.027779
v 0.565779 -0.084443 0.047460
v 0.565916 -0.085767 0.066385
v 0.565910 -0.089458 0.085404
v 0.565936 -0.088607 0.106694
v 0.565789 -0.090310 0.125997
v 0.563578 -0.095419 0.141525
v 0.563122 -0.066181 -0.141103
v 0.564668 -0.067174 -0.125509
v 0.565263 -0.067316 -0.104787
v 0.565312 -0.072426 -0.083071
v 0.565328 -0.062775 -0.067033
v 0.565516 -0.064762 -0.040917
v 0.565430 -0.071291 -0.035523
v 0.565500 -0.067979 -0.008178
v 0.565764 -0.068282 0.011088
v 0.565829 -0.068168 0.032321
v 0.565797 -0.068168 0.048217
v 0.565925 -0.067601 0.067237
v 0.566078 -0.067789 0.089473
v 0.566129 -0.067789 0.104991
v 0.565888 -0.068817 0.127781
v 0.563548 -0.068168 0.141422
v 0.563625 -0.044324 -0.139955
v 0.564587 -0.049433 -0.129937
v 0.565111 -0.051420 -0.108193
v 0.565310 -0.047446 -0.087755
v 0.565512 -0.043188 -0.070439
v 0.565604 -0.047446 -0.049078
v 0.565753 -0.050649 -0.029075
v 0.565663 -0.051136 -0.010638
v 0.565684 -0.055110 0.005637
v 0.565886 -0.048724 0.030050
v 0.566071 -0.039781 0.054463
v 0.566111 -0.046026 0.069792
v 0.566073 -0.050568 0.085688
v 0.566057 -0.048439 0.105843
v 0.565856 -0.046935 0.125770
v 0.563328 -0.049717 0.142164
v 0.562327 -0.031833 -0.143624
v 0.564642 -0.026936 -0.127212
v 0.565034 -0.030130 -0.103652
v 0.565455 -0.028048 -0.088606
v 0.565434 -0.025446 -0.066891
v 0.565504 -0.031266 -0.047161
v 0.565588 -0.032401 -0.027291
v 0.565755 -0.032401 -0.007420
v 0.565805 -0.032116 0.005921
v 0.565959 -0.021117 0.034166
v 0.566012 -0.033536 0.045947
v 0.566103 -0.029789 0.066328
v 0.566047 -0.027291 0.086256
v 0.565918 -0.027859 0.102530
v 0.565936 -0.020478 0.120320
v 0.564845 -0.031833 0.138487
v 0.563675 -0.011820 -0.139965
v 0.564898 -0.000608 -0.124941
v 0.565170 -0.008556 -0.111032
v 0.565411 -0.005717 -0.085768
v 0.565418 -0.008745 -0.066654
v 0.565580 -0.009124 -0.050757
v 0.565836 -0.009975 -0.011465
v 0.565795 -0.011395 0.009044
v 0.565858 -0.009691 0.020398
v 0.566147 -0.001176 0.072630
v 0.566076 -0.013382 0.087391
v 0.566056 -0.006096 0.102531
v 0.565774 -0.008745 0.127889
v 0.563607 -0.001176 0.141308
v 0.562859 0.014153 -0.142548
v 0.564801 0.011741 -0.127212
v 0.565191 0.003366 -0.102232
v 0.565046 0.015857 -0.093716
v 0.565372 0.007151 -0.074035
v 0.565686 0.010889 -0.049433
v 0.565898 0.010369 -0.029941
v 0.565948 0.006773 -0.006853
v 0.566096 0.011599 0.009328
v 0.566065 0.012072 0.024183
v 0.565932 0.010321 0.041263
v 0.566124 0.010889 0.068940
v 0.566234 0.009990 0.089946
v 0.565996 0.013132 0.104877
v 0.565608 0.012734 0.131674
v 0.563720 0.003366 0.141851
v 0.563998 0.030050 -0.138567
v 0.564834 0.033456 -0.122670
v 0.564881 0.032510 -0.107153
v 0.564959 0.027211 -0.096555
v 0.565360 0.027968 -0.070628
v 0.565959 0.032889 -0.043471
v 0.566170 0.032746 -0.027291
v 0.566083 0.034591 -0.005718
v 0.566304 0.034781 0.007908
v 0.566318 0.032548 0.027665
v 0.566090 0.027211 0.066725
v 0.566524 0.029936 0.087391
v 0.566230 0.030759 0.104139
v 0.565616 0.033078 0.128078
v 0.563541 0.030759 0.141272
v 0.563147 0.052760 -0.141101
v 0.564678 0.044811 -0.130051
v 0.565022 0.049069 -0.102232
v 0.565562 0.049920 -0.063910
v 0.566321 0.050914 -0.031833
v 0.566016 0.048501 -0.013382
v 0.566168 0.047650 0.008902
v 0.566229 0.051056 0.028119
v 0.566277 0.049637 0.044527
v 0.566259 0.047271 0.070359
v 0.566416 0.049542 0.087391
v 0.566195 0.048407 0.112750
v 0.565756 0.050914 0.128268
v 0.564272 0.047224 0.140130
v 0.562841 0.065250 -0.142578
v 0.565219 0.066271 -0.124033
v 0.565335 0.069981 -0.110559
v 0.565559 0.068088 -0.072000
v 0.565991 0.064114 -0.045459
v 0.566215 0.068277 -0.032401
v 0.566031 0.066006 -0.008556
v 0.565962 0.067521 0.013869
v 0.566083 0.068088 0.036295
v 0.566296 0.069791 0.046798
v 0.566249 0.069791 0.065704
v 0.566319 0.069791 0.086823
v 0.566372 0.066385 0.106694
v 0.563611 0.071873 0.141419
v 0.562897 0.093353 -0.142763
v 0.565172 0.086965 -0.126928
v 0.565557 0.093068 -0.106774
v 0.565568 0.086539 -0.090877
v 0.565713 0.090797 -0.070439
v 0.565982 0.090324 -0.050000
v 0.566214 0.090798 -0.025020
v 0.566198 0.082849 -0.009691
v 0.566230 0.086823 0.002231
v 0.566177 0.081714 0.038566
v 0.566315 0.085121 0.051056
v 0.566358 0.085120 0.062411
v 0.566574 0.096759 0.080720
v 0.566498 0.084269 0.108586
v 0.565901 0.080294 0.131674
v 0.563666 0.109533 -0.140681
v 0.565349 0.105559 -0.127212
v 0.565834 0.110100 -0.105639
v 0.565832 0.113507 -0.087471
v 0.566121 0.111236 -0.064477
v 0.566123 0.103003 -0.048298
v 0.566243 0.107148 -0.029108
v 0.566369 0.104423 -0.010543
v 0.566375 0.101017 0.001096
v 0.566441 0.103004 0.030334
v 0.566470 0.104991 0.045379
v 0.566636 0.109722 0.066953
v 0.566492 0.110101 0.085688
v 0.566522 0.106316 0.108208
v 0.566073 0.104423 0.128268
v 0.563208 0.105133 0.142039
v 0.563309 0.124046 -0.140497
v 0.565243 0.124861 -0.129029
v 0.565990 0.126565 -0.106774
v 0.566077 0.130539 -0.087850
v 0.566195 0.127889 -0.064761
v 0.566345 0.123158 -0.042620
v 0.566236 0.122874 -0.025872
v 0.566212 0.125808 -0.009881
v 0.566402 0.130539 0.010747
v 0.566507 0.123159 0.023237
v 0.566529 0.122969 0.050110
v 0.566394 0.127890 0.068088
v 0.566418 0.121077 0.089283
v 0.566292 0.124294 0.109533
v 0.566036 0.123158 0.125619
v 0.563565 0.125316 0.140716
v 0.562823 0.141740 -0.137773
v 0.564272 0.144828 -0.127301
v 0.565399 0.144732 -0.106916
v 0.565930 0.143710 -0.084519
v 0.566114 0.144846 -0.067032
v 0.566357 0.140758 -0.046878
v 0.566353 0.144846 -0.030697
v 0.566360 0.145754 -0.012757
v 0.566355 0.148479 0.008590
v 0.566575 0.145300 0.027211
v 0.566301 0.143597 0.047650
v 0.566149 0.146435 0.065249
v 0.566306 0.147117 0.085575
v 0.566141 0.146057 0.107451
v 0.565148 0.146567 0.127647
v 0.563020 0.145936 0.138568
v 0.563122 0.156550 -0.124698
v 0.563213 0.160014 -0.110234
v 0.563438 0.161828 -0.089223
v 0.564134 0.160995 -0.072483
v 0.563573 0.164103 -0.044702
v 0.564273 0.162367 -0.025020
v 0.563666 0.163804 -0.009975
v 0.565435 0.158169 0.006016
v 0.564011 0.162144 0.023237
v 0.564109 0.161436 0.049353
v 0.564594 0.160687 0.069980
v 0.563708 0.162649 0.087391
v 0.564213 0.160360 0.105840
v 0.563040 0.159592 0.125930
vt 0.710313 0.187020
vt 0.710330 0.170551
vt 0.710325 0.145104
vt 0.710357 0.122653
vt 0.710340 0.110672
vt 0.719406 0.278105
vt 0.756521 0.312624
vt 0.754971 0.299112
vt 0.718079 0.246336
vt 0.717576 0.231334
vt 0.716917 0.216763
vt 0.717848 0.205816
vt 0.717440 0.191599
vt 0.717286 0.176288
vt 0.716323 0.167090
vt 0.718621 0.151206
vt 0.712142 0.146602
vt 0.719752 0.129253
vt 0.717435 0.112629
vt 0.716577 0.099429
vt 0.570756 0.120029
vt 0.678137 0.407050
vt 0.728638 0.269225
vt 0.728163 0.255384
vt 0.728913 0.242188
vt 0.727246 0.231306
vt 0.730665 0.218992
vt 0.729793 0.204665
vt 0.728137 0.191873
vt 0.728307 0.180088
vt 0.731102 0.166182
vt 0.728387 0.151002
vt 0.729908 0.140625
vt 0.726875 0.129036
vt 0.726891 0.112977
vt 0.728852 0.101062
vt 0.557655 0.134271
vt 0.666262 0.455133
vt 0.742170 0.265998
vt 0.742516 0.253181
vt 0.740532 0.240480
vt 0.738365 0.225902
vt 0.736383 0.213187
vt 0.743887 0.203828
vt 0.741730 0.192049
vt 0.739666 0.179987
vt 0.741360 0.170541
vt 0.742962 0.153336
vt 0.743137 0.140126
vt 0.746708 0.126421
vt 0.742415 0.115292
vt 0.746417 0.101769
vt 0.742047 0.091273
vt 0.760033 0.278284
vt 0.755560 0.269236
vt 0.756093 0.256282
vt 0.755723 0.239339
vt 0.754285 0.231304
vt 0.756061 0.218775
vt 0.757838 0.205685
vt 0.750941 0.191105
vt 0.756385 0.176141
vt 0.758518 0.152580
vt 0.757439 0.140430
vt 0.754931 0.130152
vt 0.758315 0.116321
vt 0.757397 0.100256
vt 0.749907 0.092385
vt 0.678522 0.455185
vt 0.765624 0.270235
vt 0.763239 0.252042
vt 0.762157 0.237837
vt 0.768587 0.230604
vt 0.768933 0.216146
vt 0.764993 0.209418
vt 0.767532 0.195906
vt 0.770696 0.182488
vt 0.764697 0.168562
vt 0.768534 0.155564
vt 0.766852 0.137120
vt 0.762792 0.125660
vt 0.766812 0.101234
vt 0.766921 0.092276
vt 0.773283 0.281651
vt 0.780045 0.268861
vt 0.778899 0.255997
vt 0.780212 0.234085
vt 0.779128 0.218380
vt 0.775895 0.200060
vt 0.782147 0.191454
vt 0.783033 0.180234
vt 0.778199 0.171264
vt 0.777115 0.152940
vt 0.778778 0.141844
vt 0.774235 0.126955
vt 0.777680 0.115797
vt 0.778609 0.102206
vt 0.782434 0.094192
vt 0.788278 0.279800
vt 0.790554 0.269418
vt 0.788985 0.257264
vt 0.791837 0.239592
vt 0.786106 0.224171
vt 0.795042 0.217245
vt 0.790025 0.204348
vt 0.794311 0.196305
vt 0.791974 0.179479
vt 0.788388 0.164897
vt 0.790661 0.153022
vt 0.788731 0.139466
vt 0.793281 0.126747
vt 0.791031 0.112163
vt 0.788156 0.102443
vt 0.792167 0.094938
vt 0.803679 0.278966
vt 0.805002 0.272220
vt 0.798635 0.242859
vt 0.805047 0.203401
vt 0.806469 0.190685
vt 0.804197 0.180466
vt 0.806450 0.160020
vt 0.806711 0.144872
vt 0.801958 0.128606
vt 0.805692 0.115634
vt 0.802279 0.099525
vt 0.797825 0.094156
vt 0.816029 0.278762
vt 0.812959 0.266226
vt 0.816889 0.257618
vt 0.809905 0.246590
vt 0.814363 0.227326
vt 0.815430 0.217602
vt 0.812200 0.203768
vt 0.816487 0.195912
vt 0.816571 0.139641
vt 0.816196 0.126807
vt 0.818357 0.114121
vt 0.815352 0.102630
vt 0.809643 0.094134
vt 0.828027 0.280242
vt 0.826922 0.272200
vt 0.832989 0.256479
vt 0.831097 0.241147
vt 0.829738 0.220581
vt 0.829015 0.209363
vt 0.827928 0.186927
vt 0.825418 0.177207
vt 0.827917 0.167482
vt 0.824201 0.152471
vt 0.830958 0.143717
vt 0.832914 0.125210
vt 0.823606 0.112119
vt 0.827182 0.105005
vt 0.839837 0.278226
vt 0.843500 0.270681
vt 0.842290 0.255721
vt 0.845124 0.228792
vt 0.842966 0.213090
vt 0.839496 0.193212
vt 0.840174 0.156770
vt 0.838640 0.137552
vt 0.849981 0.278043
vt 0.854615 0.242617
vt 0.849408 0.217570
vt 0.849395 0.200745
vt 0.851894 0.191769
vt 0.850814 0.178682
vt 0.852773 0.160545
vt 0.856525 0.142780
vt 0.866787 0.276226
vt 0.866631 0.269158
vt 0.869468 0.252691
vt 0.863986 0.234160
vt 0.862397 0.216163
vt 0.868706 0.193249
vt 0.862969 0.165959
vt 0.881687 0.276611
vt 0.877062 0.270979
vt 0.880004 0.253422
vt 0.876351 0.243689
vt 0.882320 0.228751
vt 0.873703 0.177915
vt 0.889567 0.276590
vt 0.888806 0.269093
vt 0.888536 0.254651
vt 0.888763 0.241079
vt 0.883754 0.233983
vt 0.883745 0.219779
vt 0.882664 0.207630
vt 0.889091 0.193605
vt 0.898973 0.266814
vt 0.896159 0.256132
vt 0.547649 0.918847
vt 0.742620 0.783120
vt 0.757145 0.847114
vt 0.765790 0.846504
vt 0.765849 0.753909
vt 0.774760 0.749153
vt 0.790089 0.782989
vt 0.807244 0.818812
vt 0.846352 0.970018
vt 0.822199 0.812643
vt 0.844252 0.855439
vt 0.834970 0.763882
vt 0.843003 0.761584
vt 0.857750 0.780304
vt 0.840262 0.657579
vt 0.544576 0.546782
vt 0.517199 0.826309
vt 0.713435 0.273853
vt 0.280963 0.295067
vt 0.470689 0.927696
vt 0.217008 0.381202
vt 0.441867 0.973966
vt 0.359253 0.375331
vt 0.429077 0.973761
vt 0.188869 0.237224
vt 0.460390 0.888753
vt 0.341881 0.476916
vt 0.403006 0.973170
vt 0.360377 0.355171
vt 0.549445 0.699538
vt 0.316157 0.182101
vt 0.498935 0.776412
vt 0.275570 0.226572
vt 0.474150 0.798657
vt 0.510866 0.275189
vt 0.543525 0.698150
vt 0.833632 0.098629
vt 0.518288 0.303592
vt 0.508521 0.742371
vt 0.839357 0.116601
vt 0.840435 0.101628
vt 0.500918 0.177681
vt 0.461641 0.801767
vt 0.856527 0.125576
vt 0.849020 0.112858
vt 0.852784 0.100512
vt 0.625599 0.149435
vt 0.453850 0.801023
vt 0.864035 0.134363
vt 0.863388 0.116351
vt 0.869902 0.101884
vt 0.581297 0.162943
vt 0.447310 0.800623
vt 0.876551 0.144825
vt 0.879413 0.127816
vt 0.882283 0.112120
vt 0.879380 0.103146
vt 0.571477 0.435002
vt 0.391242 0.857729
vt 0.889261 0.178930
vt 0.884423 0.159960
vt 0.883347 0.150240
vt 0.889424 0.146123
vt 0.891207 0.132669
vt 0.892103 0.116422
vt 0.891307 0.102752
vt 0.605667 0.164170
vt 0.523796 0.701917
vt 0.903454 0.270887
vt 0.905201 0.259356
vt 0.903780 0.242936
vt 0.901274 0.233221
vt 0.905199 0.213782
vt 0.899471 0.207804
vt 0.899463 0.195092
vt 0.901597 0.176396
vt 0.902305 0.166113
vt 0.901585 0.157046
vt 0.903720 0.141436
vt 0.903353 0.129290
vt 0.904133 0.114926
vt 0.901684 0.100351
vt 0.527913 0.186620
vt 0.591176 0.664950
vt 0.913572 0.269478
vt 0.915022 0.256582
vt 0.914144 0.245061
vt 0.914059 0.228545
vt 0.912343 0.215721
vt 0.914107 0.203303
vt 0.913811 0.185352
vt 0.913744 0.178170
vt 0.912464 0.164711
vt 0.912498 0.154051
vt 0.913078 0.140793
vt 0.915831 0.128684
vt 0.913425 0.115152
vt 0.913414 0.101246
vt 0.615725 0.190691
vt 0.508081 0.925790
vt 0.720015 0.766915
vt 0.734855 0.705986
vt 0.676137 0.816977
vt 0.707267 0.716013
vt 0.664957 0.785963
vt 0.730783 0.623788
vt 0.754984 0.543158
vt 0.648145 0.755117
vt 0.683898 0.655128
vt 0.692125 0.619875
vt 0.679809 0.623420
vt 0.628184 0.705292
vt 0.669331 0.604486
vt 0.624008 0.670543
vt 0.624566 0.516763
vt 0.522258 0.031527
vt 0.524289 0.041856
vt 0.691586 0.596863
vt 0.816145 0.961818
vt 0.829207 0.961459
vt 0.840362 0.961636
vt 0.854914 0.960765
vt 0.865399 0.959201
vt 0.875768 0.958561
vt 0.887591 0.956659
vt 0.901340 0.957846
vt 0.913353 0.957814
vt 0.509729 0.962593
vt 0.664429 0.759582
vt 0.627193 0.439921
vt 0.637710 0.456193
vt 0.683104 0.595239
vt 0.803617 0.967567
vt 0.816374 0.968644
vt 0.825201 0.968092
vt 0.835598 0.968920
vt 0.916449 0.963697
vt 0.401583 0.475597
vt 0.463411 0.960893
vt 0.175758 0.334575
vt 0.451887 0.960206
vt 0.050564 0.279771
vt 0.440437 0.958679
vt 0.063352 0.279160
vt 0.427534 0.960685
vt 0.079391 0.276489
vt 0.420228 0.961316
vt 0.089504 0.279657
vt 0.400651 0.955090
vt 0.393113 0.961429
vt 0.379495 0.959624
vt 0.096981 0.308677
vt 0.365049 0.962404
vt 0.146749 0.312861
vt 0.355457 0.960267
vt 0.268551 0.239935
vt 0.343314 0.961433
vt 0.163339 0.278178
vt 0.327291 0.961122
vt 0.169124 0.275473
vt 0.176136 0.279721
vt 0.317877 0.962615
vt 0.368563 0.616269
vt 0.186866 0.279425
vt 0.305003 0.961153
vt 0.373853 0.609611
vt 0.386046 0.611603
vt 0.292543 0.962044
vt 0.309623 0.443064
vt 0.410298 0.613538
vt 0.279676 0.961433
vt 0.315928 0.439073
vt 0.419387 0.618292
vt 0.268443 0.961786
vt 0.218923 0.252074
vt 0.501677 0.919019
vt 0.665874 0.890009
vt 0.652308 0.887487
vt 0.641382 0.887750
vt 0.631032 0.890504
vt 0.617130 0.886924
vt 0.609821 0.887757
vt 0.593775 0.887567
vt 0.579871 0.886129
vt 0.564903 0.888436
vt 0.550609 0.889217
vt 0.546921 0.888051
vt 0.532373 0.888338
vt 0.519806 0.888616
vt 0.504762 0.889450
vt 0.462516 0.620793
vt 0.586683 0.098204
vt 0.528736 0.027829
vt 0.558630 0.277000
vt 0.594854 0.557374
vt 0.641036 0.505782
vt 0.751683 0.717187
vt 0.745691 0.677176
vt 0.824412 0.871691
vt 0.864195 0.948667
vt 0.876600 0.946103
vt 0.887632 0.945357
vt 0.900751 0.945934
vt 0.920614 0.931573
vt 0.920538 0.945871
vt 0.477105 0.948161
vt 0.674606 0.549913
vt 0.551438 0.049490
vt 0.523606 0.023522
vt 0.176065 0.401194
vt 0.461434 0.946681
vt 0.156208 0.309078
vt 0.450080 0.948175
vt 0.358267 0.269507
vt 0.440836 0.948577
vt 0.065081 0.293778
vt 0.431534 0.950908
vt 0.413437 0.951518
vt 0.086349 0.292569
vt 0.403299 0.948771
vt 0.102677 0.290636
vt 0.388534 0.948075
vt 0.382485 0.948095
vt 0.125521 0.294442
vt 0.370113 0.947669
vt 0.354348 0.945208
vt 0.147584 0.285372
vt 0.338564 0.946991
vt 0.164294 0.287447
vt 0.323372 0.946791
vt 0.178054 0.285587
vt 0.314572 0.949609
vt 0.183323 0.283962
vt 0.305342 0.947852
vt 0.332152 0.504492
vt 0.294202 0.948580
vt 0.411015 0.614013
vt 0.280702 0.949581
vt 0.335009 0.476292
vt 0.267848 0.951562
vt 0.266565 0.243599
vt 0.467156 0.913033
vt 0.665188 0.878549
vt 0.653619 0.875959
vt 0.639033 0.877835
vt 0.628338 0.875619
vt 0.617762 0.874891
vt 0.608370 0.872672
vt 0.589715 0.874937
vt 0.566130 0.875729
vt 0.543381 0.876781
vt 0.531858 0.876568
vt 0.521450 0.876564
vt 0.505358 0.877850
vt 0.483711 0.506829
vt 0.773472 0.357811
vt 0.600043 0.103200
vt 0.540068 0.024431
vt 0.563711 0.138474
vt 0.618761 0.565739
vt 0.626342 0.675735
vt 0.640871 0.678557
vt 0.580772 0.288119
vt 0.629544 0.309159
vt 0.660669 0.387953
vt 0.830698 0.817877
vt 0.887637 0.932983
vt 0.900155 0.934007
vt 0.912363 0.932903
vt 0.920034 0.926647
vt 0.476203 0.934414
vt 0.682691 0.548816
vt 0.030164 0.304785
vt 0.463551 0.933693
vt 0.039651 0.342640
vt 0.451464 0.935032
vt 0.357752 0.279141
vt 0.438596 0.936848
vt 0.430799 0.940551
vt 0.413968 0.936576
vt 0.089692 0.305795
vt 0.397028 0.929112
vt 0.100270 0.304021
vt 0.384586 0.934714
vt 0.124226 0.306316
vt 0.366786 0.935320
vt 0.355390 0.935913
vt 0.424529 0.400313
vt 0.340412 0.929637
vt 0.575537 0.458882
vt 0.325744 0.937492
vt 0.169097 0.300110
vt 0.314807 0.940879
vt 0.183304 0.297281
vt 0.291281 0.933753
vt 0.508409 0.730780
vt 0.280620 0.936355
vt 0.222013 0.302589
vt 0.267065 0.937463
vt 0.268677 0.281974
vt 0.228912 0.295275
vt 0.467169 0.895977
vt 0.667060 0.862313
vt 0.654691 0.863611
vt 0.640621 0.865563
vt 0.627613 0.866689
vt 0.616440 0.865462
vt 0.605505 0.864485
vt 0.590878 0.859670
vt 0.573728 0.864359
vt 0.554692 0.861614
vt 0.539904 0.864636
vt 0.534899 0.860187
vt 0.512674 0.860654
vt 0.506140 0.862053
vt 0.369176 0.581126
vt 0.775666 0.368492
vt 0.618104 0.121773
vt 0.552686 0.023399
vt 0.554836 0.033441
vt 0.556621 0.045790
vt 0.580540 0.223931
vt 0.622277 0.515668
vt 0.579787 0.205422
vt 0.567779 0.097976
vt 0.569148 0.110633
vt 0.777218 0.662970
vt 0.886417 0.920855
vt 0.899131 0.920591
vt 0.912454 0.920628
vt 0.919285 0.919304
vt 0.506291 0.873657
vt 0.714763 0.490964
vt 0.117791 0.378794
vt 0.464195 0.921787
vt 0.038216 0.317612
vt 0.452022 0.920516
vt 0.485318 0.364809
vt 0.438606 0.925754
vt 0.432216 0.925006
vt 0.077806 0.318887
vt 0.413707 0.921174
vt 0.090175 0.317991
vt 0.402235 0.921925
vt 0.102056 0.318771
vt 0.390076 0.921883
vt 0.376024 0.926559
vt 0.363320 0.925977
vt 0.559354 0.450441
vt 0.350722 0.921426
vt 0.340397 0.924432
vt 0.578075 0.460053
vt 0.329231 0.924101
vt 0.174169 0.316151
vt 0.316139 0.917463
vt 0.189848 0.311345
vt 0.305030 0.923369
vt 0.291120 0.920566
vt 0.466532 0.643945
vt 0.278389 0.921949
vt 0.226530 0.313099
vt 0.273409 0.924773
vt 0.235738 0.316919
vt 0.229449 0.316347
vt 0.673827 0.845483
vt 0.661388 0.849847
vt 0.655415 0.851053
vt 0.630453 0.854032
vt 0.617728 0.850197
vt 0.602453 0.850621
vt 0.589794 0.850364
vt 0.576600 0.851135
vt 0.561266 0.851917
vt 0.551989 0.850453
vt 0.544853 0.849730
vt 0.526562 0.856124
vt 0.520019 0.852853
vt 0.502763 0.855867
vt 0.410202 0.668837
vt 0.777662 0.382001
vt 0.661873 0.187083
vt 0.565498 0.019240
vt 0.567896 0.030561
vt 0.569760 0.042838
vt 0.571512 0.055817
vt 0.574808 0.069026
vt 0.577274 0.081620
vt 0.580152 0.094747
vt 0.582834 0.107900
vt 0.784853 0.660358
vt 0.887360 0.907767
vt 0.899524 0.907063
vt 0.911071 0.908776
vt 0.919380 0.908073
vt 0.502785 0.866045
vt 0.782543 0.380723
vt 0.177128 0.364544
vt 0.462846 0.908053
vt 0.310287 0.419760
vt 0.454294 0.906528
vt 0.053675 0.330841
vt 0.443618 0.907232
vt 0.150111 0.239501
vt 0.428142 0.908131
vt 0.136004 0.264641
vt 0.413660 0.907347
vt 0.089054 0.329769
vt 0.399017 0.910292
vt 0.101248 0.328968
vt 0.391665 0.914634
vt 0.377417 0.911064
vt 0.602053 0.553535
vt 0.367444 0.910962
vt 0.488847 0.497674
vt 0.353194 0.912489
vt 0.571136 0.456336
vt 0.341380 0.909831
vt 0.156950 0.330014
vt 0.327636 0.909606
vt 0.171765 0.331267
vt 0.314682 0.909847
vt 0.183020 0.333763
vt 0.303735 0.906986
vt 0.199383 0.331241
vt 0.200598 0.323254
vt 0.294014 0.911626
vt 0.463706 0.641207
vt 0.281180 0.911704
vt 0.225538 0.329773
vt 0.268046 0.909563
vt 0.232598 0.328469
vt 0.229756 0.328546
vt 0.443920 0.879002
vt 0.665438 0.842720
vt 0.640733 0.838452
vt 0.629018 0.841375
vt 0.611172 0.836179
vt 0.602615 0.839543
vt 0.589060 0.838635
vt 0.575505 0.838477
vt 0.561957 0.841954
vt 0.556050 0.833683
vt 0.543565 0.836327
vt 0.530121 0.836091
vt 0.516984 0.841637
vt 0.504811 0.837587
vt 0.495134 0.836291
vt 0.779428 0.394862
vt 0.677351 0.210314
vt 0.576804 0.016238
vt 0.577852 0.028461
vt 0.582021 0.040506
vt 0.584000 0.053643
vt 0.585564 0.066585
vt 0.588831 0.079367
vt 0.591353 0.092119
vt 0.624352 0.193038
vt 0.808568 0.711414
vt 0.886355 0.895947
vt 0.898567 0.895467
vt 0.911178 0.894042
vt 0.919236 0.893277
vt 0.568483 0.753702
vt 0.785231 0.393087
vt 0.227746 0.227644
vt 0.462533 0.898578
vt 0.290363 0.298119
vt 0.452339 0.896120
vt 0.235500 0.327306
vt 0.439727 0.897293
vt 0.176753 0.214381
vt 0.426904 0.895442
vt 0.223298 0.395224
vt 0.416570 0.895061
vt 0.087578 0.341558
vt 0.402084 0.896047
vt 0.101215 0.341734
vt 0.391213 0.896945
vt 0.119315 0.343451
vt 0.376682 0.896073
vt 0.313962 0.476228
vt 0.367480 0.897018
vt 0.361427 0.502458
vt 0.351513 0.895458
vt 0.339711 0.896664
vt 0.160310 0.340464
vt 0.328847 0.896768
vt 0.316075 0.902216
vt 0.306053 0.894357
vt 0.199728 0.344919
vt 0.292513 0.897641
vt 0.385726 0.545875
vt 0.278388 0.897662
vt 0.350496 0.495188
vt 0.268388 0.893807
vt 0.234206 0.338047
vt 0.467053 0.857044
vt 0.666875 0.829447
vt 0.654937 0.826925
vt 0.619373 0.831141
vt 0.565850 0.827325
vt 0.525903 0.831169
vt 0.519057 0.825300
vt 0.504531 0.828017
vt 0.392891 0.631089
vt 0.780392 0.407332
vt 0.723721 0.307360
vt 0.607713 0.061328
vt 0.589684 0.025748
vt 0.591288 0.039183
vt 0.595446 0.051697
vt 0.598159 0.065101
vt 0.600111 0.077155
vt 0.602472 0.089518
vt 0.663210 0.276279
vt 0.841303 0.786759
vt 0.886126 0.882609
vt 0.899153 0.881799
vt 0.911392 0.883397
vt 0.919312 0.881598
vt 0.546250 0.778020
vt 0.786269 0.404190
vt 0.257690 0.260636
vt 0.462922 0.889101
vt 0.161839 0.213407
vt 0.451520 0.885434
vt 0.194100 0.179517
vt 0.441182 0.886427
vt 0.191063 0.196602
vt 0.427516 0.882681
vt 0.151428 0.255801
vt 0.413862 0.888322
vt 0.405408 0.887129
vt 0.287037 0.558089
vt 0.392203 0.885045
vt 0.377239 0.883861
vt 0.366610 0.884677
vt 0.141462 0.354673
vt 0.354840 0.882724
vt 0.150154 0.358871
vt 0.338853 0.884634
vt 0.574499 0.539536
vt 0.329996 0.885788
vt 0.178375 0.347732
vt 0.316715 0.883856
vt 0.188488 0.353379
vt 0.306208 0.883230
vt 0.292453 0.885592
vt 0.279445 0.883506
vt 0.225757 0.352241
vt 0.271689 0.881244
vt 0.242505 0.255012
vt 0.466886 0.850655
vt 0.665446 0.812792
vt 0.640068 0.816315
vt 0.626142 0.816885
vt 0.612213 0.811963
vt 0.602583 0.816449
vt 0.589734 0.815352
vt 0.576890 0.816868
vt 0.566179 0.814657
vt 0.558325 0.814676
vt 0.540115 0.815565
vt 0.528571 0.807306
vt 0.521146 0.806583
vt 0.509125 0.812774
vt 0.496122 0.809881
vt 0.782097 0.420884
vt 0.748278 0.369088
vt 0.628717 0.084364
vt 0.603333 0.023136
vt 0.606169 0.036344
vt 0.607836 0.049435
vt 0.610103 0.061821
vt 0.612300 0.073417
vt 0.614939 0.086536
vt 0.640504 0.169781
vt 0.735531 0.534418
vt 0.885971 0.869225
vt 0.898391 0.869328
vt 0.910477 0.869802
vt 0.919313 0.870304
vt 0.589246 0.711311
vt 0.788255 0.418374
vt 0.259063 0.259517
vt 0.462984 0.874495
vt 0.183102 0.191975
vt 0.451268 0.873138
vt 0.440995 0.117650
vt 0.440967 0.873533
vt 0.364757 0.136611
vt 0.426461 0.872637
vt 0.343294 0.261959
vt 0.414810 0.871012
vt 0.086876 0.362851
vt 0.401850 0.869271
vt 0.285160 0.565006
vt 0.390915 0.871753
vt 0.383324 0.668115
vt 0.376196 0.871411
vt 0.366667 0.871163
vt 0.138105 0.372526
vt 0.354330 0.872629
vt 0.151829 0.369185
vt 0.339726 0.873644
vt 0.577466 0.539293
vt 0.328653 0.873125
vt 0.174754 0.362168
vt 0.189866 0.366649
vt 0.303344 0.872750
vt 0.200718 0.363018
vt 0.292398 0.873052
vt 0.211081 0.359770
vt 0.280003 0.872497
vt 0.219973 0.361372
vt 0.266730 0.868966
vt 0.250934 0.227632
vt 0.397657 0.842881
vt 0.669750 0.802597
vt 0.654652 0.803071
vt 0.639697 0.793669
vt 0.625411 0.800394
vt 0.619700 0.803755
vt 0.600415 0.799030
vt 0.586848 0.797471
vt 0.576491 0.795256
vt 0.563288 0.798639
vt 0.553828 0.800526
vt 0.541856 0.799439
vt 0.530399 0.796115
vt 0.517529 0.794661
vt 0.505357 0.794696
vt 0.443675 0.712679
vt 0.782945 0.432981
vt 0.754869 0.389534
vt 0.646234 0.103481
vt 0.615128 0.021153
vt 0.617358 0.031773
vt 0.619674 0.046848
vt 0.622977 0.058930
vt 0.625222 0.070847
vt 0.627879 0.084144
vt 0.654211 0.221070
vt 0.824578 0.720662
vt 0.885979 0.856422
vt 0.899296 0.856562
vt 0.910541 0.855913
vt 0.919586 0.857371
vt 0.615999 0.672023
vt 0.789025 0.429059
vt 0.212118 0.387717
vt 0.462394 0.859589
vt 0.073805 0.372304
vt 0.450782 0.856851
vt 0.185703 0.249552
vt 0.439532 0.858886
vt 0.279355 0.044212
vt 0.426243 0.858862
vt 0.267156 0.093748
vt 0.414105 0.858105
vt 0.090813 0.374949
vt 0.403040 0.859344
vt 0.279630 0.572982
vt 0.390197 0.861236
vt 0.324392 0.617623
vt 0.377705 0.860351
vt 0.131354 0.378634
vt 0.364857 0.860992
vt 0.352176 0.858810
vt 0.151432 0.381592
vt 0.343253 0.858921
vt 0.580811 0.538887
vt 0.329435 0.860082
vt 0.176436 0.376272
vt 0.311656 0.864999
vt 0.305063 0.860706
vt 0.597190 0.351292
vt 0.291148 0.861124
vt 0.613109 0.372116
vt 0.280174 0.860310
vt 0.218397 0.382872
vt 0.269467 0.860066
vt 0.311748 0.265898
vt 0.508377 0.819296
vt 0.666408 0.792155
vt 0.653017 0.791793
vt 0.633083 0.790506
vt 0.616107 0.785494
vt 0.605388 0.782250
vt 0.593612 0.786555
vt 0.580755 0.784623
vt 0.567897 0.782972
vt 0.552534 0.781890
vt 0.541726 0.783408
vt 0.530649 0.781945
vt 0.518219 0.786454
vt 0.506937 0.786344
vt 0.445933 0.633924
vt 0.784974 0.445793
vt 0.772052 0.447048
vt 0.695127 0.238152
vt 0.626471 0.017742
vt 0.629208 0.029914
vt 0.631535 0.043879
vt 0.633877 0.056768
vt 0.636462 0.068417
vt 0.639159 0.081270
vt 0.746422 0.521860
vt 0.844728 0.779755
vt 0.885726 0.844190
vt 0.898561 0.844501
vt 0.910626 0.844210
vt 0.919324 0.843347
vt 0.582490 0.712711
vt 0.189687 0.392566
vt 0.464475 0.847243
vt 0.125624 0.277960
vt 0.450361 0.846388
vt 0.160249 0.290128
vt 0.439455 0.846428
vt 0.268803 0.150645
vt 0.425377 0.847114
vt 0.198847 0.200816
vt 0.414180 0.845512
vt 0.089721 0.391257
vt 0.404104 0.844505
vt 0.103956 0.394191
vt 0.388939 0.849548
vt 0.404704 0.502598
vt 0.377391 0.846073
vt 0.232750 0.317001
vt 0.369713 0.846951
vt 0.140059 0.394084
vt 0.354269 0.848473
vt 0.153558 0.395778
vt 0.340616 0.847001
vt 0.162059 0.396282
vt 0.329945 0.847031
vt 0.380986 0.368313
vt 0.316864 0.845959
vt 0.183644 0.388094
vt 0.306411 0.848426
vt 0.294239 0.845869
vt 0.449605 0.429958
vt 0.278665 0.844264
vt 0.225167 0.389219
vt 0.263953 0.850681
vt 0.416155 0.405180
vt 0.231372 0.391759
vt 0.535902 0.798183
vt 0.665084 0.776581
vt 0.651933 0.774265
vt 0.639683 0.778008
vt 0.628236 0.770285
vt 0.615731 0.770395
vt 0.561106 0.780378
vt 0.546071 0.769599
vt 0.525335 0.773380
vt 0.500997 0.780529
vt 0.495642 0.774166
vt 0.785897 0.458256
vt 0.773468 0.459881
vt 0.718848 0.310627
vt 0.651735 0.065383
vt 0.640764 0.027283
vt 0.643875 0.040351
vt 0.645600 0.053371
vt 0.647651 0.066272
vt 0.650026 0.078994
vt 0.668675 0.379138
vt 0.874606 0.832059
vt 0.884949 0.832203
vt 0.898935 0.832527
vt 0.910634 0.831752
vt 0.919125 0.829797
vt 0.706068 0.566324
vt 0.198026 0.467950
vt 0.462790 0.833091
vt 0.173652 0.184539
vt 0.451632 0.833104
vt 0.226589 0.211207
vt 0.438772 0.837997
vt 0.309754 0.165187
vt 0.424134 0.836494
vt 0.118809 0.326046
vt 0.414163 0.834896
vt 0.089738 0.405868
vt 0.402938 0.835472
vt 0.103686 0.406913
vt 0.385888 0.835009
vt 0.410840 0.358098
vt 0.376320 0.833226
vt 0.256106 0.510543
vt 0.363747 0.834533
vt 0.376004 0.387007
vt 0.353882 0.834150
vt 0.375426 0.405694
vt 0.339871 0.833728
vt 0.284122 0.476722
vt 0.332055 0.833598
vt 0.488204 0.359897
vt 0.317625 0.832338
vt 0.486819 0.356395
vt 0.300800 0.830721
vt 0.200810 0.403341
vt 0.292942 0.835048
vt 0.450753 0.437963
vt 0.280059 0.835917
vt 0.316154 0.417012
vt 0.267896 0.833858
vt 0.588650 0.556577
vt 0.509069 0.791972
vt 0.666865 0.761314
vt 0.656835 0.760085
vt 0.641099 0.761596
vt 0.600888 0.758020
vt 0.578214 0.762442
vt 0.560357 0.764344
vt 0.542892 0.760189
vt 0.528163 0.761809
vt 0.505722 0.761119
vt 0.493679 0.761467
vt 0.795246 0.472853
vt 0.786821 0.472340
vt 0.774496 0.473458
vt 0.746864 0.412069
vt 0.664410 0.070269
vt 0.652803 0.024708
vt 0.655550 0.039005
vt 0.657857 0.051531
vt 0.660390 0.063540
vt 0.662684 0.075942
vt 0.726349 0.359615
vt 0.874564 0.818494
vt 0.885465 0.818955
vt 0.898578 0.819150
vt 0.911167 0.819063
vt 0.701923 0.716955
vt 0.531438 0.764063
vt 0.052941 0.408372
vt 0.458807 0.820141
vt 0.159169 0.209170
vt 0.453372 0.819532
vt 0.314214 0.186897
vt 0.440925 0.820104
vt 0.335578 0.200664
vt 0.424311 0.821579
vt 0.192875 0.280761
vt 0.414240 0.823066
vt 0.166576 0.240131
vt 0.402020 0.821151
vt 0.201171 0.397587
vt 0.393184 0.820386
vt 0.335220 0.414452
vt 0.379013 0.821596
vt 0.261160 0.516259
vt 0.365163 0.821232
vt 0.443648 0.476391
vt 0.351431 0.820727
vt 0.267362 0.348178
vt 0.339774 0.820897
vt 0.284478 0.394826
vt 0.329483 0.818682
vt 0.176749 0.416964
vt 0.318660 0.820203
vt 0.191548 0.413590
vt 0.304341 0.820500
vt 0.204951 0.411364
vt 0.289910 0.823173
vt 0.452852 0.453180
vt 0.278088 0.822356
vt 0.229115 0.414387
vt 0.268899 0.819160
vt 0.416555 0.444360
vt 0.673386 0.744389
vt 0.666849 0.748137
vt 0.651596 0.750674
vt 0.636077 0.746497
vt 0.628212 0.748560
vt 0.616776 0.750441
vt 0.609636 0.754835
vt 0.592004 0.749239
vt 0.576760 0.749019
vt 0.565687 0.750533
vt 0.556391 0.749061
vt 0.548154 0.743670
vt 0.529573 0.754345
vt 0.504722 0.745951
vt 0.451479 0.611202
vt 0.796056 0.482662
vt 0.788494 0.484848
vt 0.778668 0.414860
vt 0.755628 0.455318
vt 0.683088 0.118000
vt 0.665328 0.021363
vt 0.668002 0.035330
vt 0.670316 0.048800
vt 0.673061 0.060421
vt 0.681639 0.121978
vt 0.743238 0.470705
vt 0.862219 0.780848
vt 0.886484 0.805040
vt 0.898834 0.805390
vt 0.911294 0.805424
vt 0.701726 0.710564
vt 0.557818 0.728210
vt 0.053532 0.425445
vt 0.463130 0.809334
vt 0.122728 0.282062
vt 0.451202 0.808186
vt 0.141603 0.254689
vt 0.438987 0.806116
vt 0.138217 0.286899
vt 0.426879 0.811141
vt 0.174841 0.190951
vt 0.414487 0.810631
vt 0.131087 0.328836
vt 0.402692 0.807142
vt 0.407590 0.596111
vt 0.389074 0.808319
vt 0.260248 0.407777
vt 0.376170 0.808022
vt 0.535965 0.366111
vt 0.365870 0.808082
vt 0.380638 0.442035
vt 0.352749 0.806196
vt 0.484498 0.421842
vt 0.340527 0.808330
vt 0.300389 0.520289
vt 0.329128 0.806735
vt 0.505877 0.516492
vt 0.314451 0.809510
vt 0.191220 0.428396
vt 0.302164 0.812041
vt 0.198977 0.430768
vt 0.280654 0.808515
vt 0.409485 0.462435
vt 0.266098 0.811204
vt 0.236463 0.433420
vt 0.550766 0.758537
vt 0.666017 0.734960
vt 0.654670 0.736774
vt 0.644975 0.740704
vt 0.628671 0.733016
vt 0.578882 0.736518
vt 0.563869 0.734682
vt 0.541098 0.733094
vt 0.530958 0.736340
vt 0.519148 0.739259
vt 0.510184 0.736296
vt 0.445340 0.674581
vt 0.766422 0.359244
vt 0.789714 0.497928
vt 0.775954 0.498607
vt 0.763891 0.500421
vt 0.708401 0.214555
vt 0.676995 0.019687
vt 0.679314 0.033300
vt 0.682190 0.046407
vt 0.683927 0.058228
vt 0.698327 0.209721
vt 0.788772 0.622469
vt 0.874418 0.792982
vt 0.885799 0.793476
vt 0.899829 0.792908
vt 0.912187 0.793372
vt 0.919429 0.794443
vt 0.588239 0.595236
vt 0.304918 0.457118
vt 0.459341 0.794399
vt 0.095276 0.349437
vt 0.448842 0.795870
vt 0.116996 0.315936
vt 0.437993 0.795229
vt 0.302517 0.066015
vt 0.427231 0.796014
vt 0.161550 0.207425
vt 0.415228 0.794494
vt 0.468404 0.574809
vt 0.402023 0.794489
vt 0.363287 0.585936
vt 0.389213 0.795389
vt 0.180049 0.422990
vt 0.376045 0.795644
vt 0.129648 0.467315
vt 0.366662 0.795212
vt 0.294386 0.451541
vt 0.352967 0.795045
vt 0.147673 0.443299
vt 0.339884 0.795400
vt 0.392078 0.494704
vt 0.329520 0.794404
vt 0.508343 0.522747
vt 0.316182 0.797985
vt 0.261056 0.352425
vt 0.302590 0.795594
vt 0.200217 0.443126
vt 0.291715 0.794881
vt 0.210520 0.442097
vt 0.282514 0.795291
vt 0.229905 0.445439
vt 0.267876 0.797748
vt 0.242417 0.439731
vt 0.467573 0.764475
vt 0.663981 0.727994
vt 0.654660 0.719888
vt 0.605303 0.724347
vt 0.590296 0.724372
vt 0.576717 0.724025
vt 0.568143 0.726280
vt 0.558114 0.717206
vt 0.518206 0.723634
vt 0.505239 0.724924
vt 0.453482 0.678965
vt 0.719892 0.577887
vt 0.791653 0.510217
vt 0.778481 0.512294
vt 0.764634 0.511982
vt 0.730656 0.335487
vt 0.689454 0.017899
vt 0.691787 0.029710
vt 0.695100 0.043918
vt 0.697309 0.055181
vt 0.706115 0.190910
vt 0.787525 0.608898
vt 0.874951 0.779385
vt 0.886447 0.779424
vt 0.899208 0.780234
vt 0.911991 0.779487
vt 0.920029 0.782098
vt 0.513268 0.752146
vt 0.213427 0.395221
vt 0.466059 0.782285
vt 0.188804 0.423339
vt 0.449620 0.781659
vt 0.168669 0.365314
vt 0.438300 0.781815
vt 0.414790 0.331230
vt 0.425700 0.782633
vt 0.246307 0.250392
vt 0.414236 0.783723
vt 0.243746 0.505136
vt 0.399967 0.784663
vt 0.140294 0.467661
vt 0.390544 0.782320
vt 0.147775 0.479645
vt 0.377310 0.784066
vt 0.228472 0.578364
vt 0.366537 0.783125
vt 0.323398 0.542591
vt 0.353686 0.785769
vt 0.152658 0.451115
vt 0.342741 0.784922
vt 0.162101 0.453259
vt 0.330580 0.784681
vt 0.482736 0.427131
vt 0.315704 0.784343
vt 0.307342 0.785360
vt 0.206052 0.454985
vt 0.292829 0.784029
vt 0.458632 0.495084
vt 0.276973 0.785769
vt 0.458387 0.493579
vt 0.268871 0.783366
vt 0.241387 0.453382
vt 0.673958 0.711785
vt 0.667125 0.708052
vt 0.638187 0.713289
vt 0.626557 0.711908
vt 0.616721 0.711644
vt 0.606707 0.707556
vt 0.590981 0.706463
vt 0.582421 0.716179
vt 0.550235 0.712883
vt 0.542053 0.709136
vt 0.530527 0.707325
vt 0.504083 0.711063
vt 0.422551 0.637034
vt 0.694495 0.606347
vt 0.791572 0.523563
vt 0.779424 0.525907
vt 0.766119 0.527173
vt 0.736429 0.362648
vt 0.712017 0.144048
vt 0.704505 0.027378
vt 0.707922 0.041009
vt 0.709290 0.052193
vt 0.713160 0.202756
vt 0.771466 0.561756
vt 0.875215 0.764973
vt 0.886461 0.766030
vt 0.898956 0.766517
vt 0.911911 0.767167
vt 0.920281 0.770868
vt 0.459914 0.625714
vt 0.261139 0.470560
vt 0.460257 0.771070
vt 0.061501 0.460930
vt 0.449099 0.770444
vt 0.209237 0.383580
vt 0.439371 0.770617
vt 0.250183 0.201544
vt 0.428304 0.770072
vt 0.131348 0.258878
vt 0.418103 0.770806
vt 0.135418 0.288949
vt 0.400782 0.770789
vt 0.113451 0.427765
vt 0.389804 0.769048
vt 0.383496 0.520316
vt 0.377360 0.769304
vt 0.407591 0.681230
vt 0.366786 0.769326
vt 0.195659 0.452795
vt 0.352007 0.770819
vt 0.153525 0.468910
vt 0.341855 0.771951
vt 0.165016 0.470378
vt 0.330520 0.769053
vt 0.183716 0.470778
vt 0.315801 0.772374
vt 0.308775 0.326299
vt 0.303542 0.769721
vt 0.274920 0.369753
vt 0.292372 0.773927
vt 0.211996 0.465176
vt 0.278364 0.769351
vt 0.220243 0.469199
vt 0.228913 0.462114
vt 0.268197 0.772040
vt 0.323111 0.532093
vt 0.536557 0.722377
vt 0.653685 0.698150
vt 0.618843 0.693170
vt 0.591681 0.697321
vt 0.580960 0.697899
vt 0.566189 0.700786
vt 0.550925 0.700193
vt 0.493773 0.696461
vt 0.637130 0.506527
vt 0.792914 0.536031
vt 0.778322 0.537423
vt 0.766844 0.538991
vt 0.755709 0.540361
vt 0.726031 0.224209
vt 0.715729 0.024919
vt 0.718063 0.037831
vt 0.721014 0.050260
vt 0.718938 0.270951
vt 0.806487 0.628631
vt 0.874571 0.753500
vt 0.887442 0.753878
vt 0.899393 0.754273
vt 0.911841 0.754766
vt 0.920870 0.756009
vt 0.565083 0.683520
vt 0.115421 0.429041
vt 0.463458 0.757327
vt 0.055854 0.472160
vt 0.450344 0.758000
vt 0.197900 0.404867
vt 0.439489 0.755382
vt 0.112408 0.332237
vt 0.427000 0.758324
vt 0.129773 0.301409
vt 0.414197 0.755869
vt 0.118399 0.145200
vt 0.401237 0.755852
vt 0.115300 0.330564
vt 0.388775 0.757335
vt 0.292736 0.524908
vt 0.376842 0.757991
vt 0.294721 0.533791
vt 0.366024 0.758999
vt 0.397055 0.499426
vt 0.355244 0.758251
vt 0.152868 0.480150
vt 0.343979 0.754374
vt 0.329847 0.755441
vt 0.172357 0.480344
vt 0.317444 0.756473
vt 0.192566 0.480888
vt 0.302727 0.753693
vt 0.291074 0.756105
vt 0.209137 0.480947
vt 0.282643 0.756548
vt 0.225197 0.482933
vt 0.227829 0.475091
vt 0.268390 0.754530
vt 0.673886 0.685877
vt 0.663937 0.682831
vt 0.658206 0.682094
vt 0.638969 0.684482
vt 0.629480 0.687461
vt 0.613830 0.689073
vt 0.604775 0.689834
vt 0.576649 0.684844
vt 0.566634 0.683742
vt 0.555546 0.684882
vt 0.543344 0.684903
vt 0.536208 0.684916
vt 0.515774 0.684953
vt 0.506974 0.686188
vt 0.497820 0.691331
vt 0.790571 0.421473
vt 0.794134 0.548428
vt 0.781422 0.550539
vt 0.768504 0.551316
vt 0.756358 0.552212
vt 0.738483 0.364106
vt 0.726680 0.022214
vt 0.728714 0.035811
vt 0.731677 0.048044
vt 0.724261 0.325781
vt 0.825469 0.671297
vt 0.875925 0.741725
vt 0.885980 0.741636
vt 0.900867 0.742437
vt 0.912528 0.741676
vt 0.701139 0.677144
vt 0.595568 0.606672
vt 0.047611 0.484795
vt 0.462086 0.744332
vt 0.060677 0.485107
vt 0.450886 0.744514
vt 0.321276 0.632011
vt 0.439328 0.744448
vt 0.292966 0.427970
vt 0.426433 0.746895
vt 0.109184 0.390972
vt 0.415274 0.745889
vt 0.133480 0.269435
vt 0.401803 0.746266
vt 0.194055 0.366610
vt 0.390198 0.744785
vt 0.268067 0.441087
vt 0.377492 0.745381
vt 0.411220 0.482471
vt 0.400838 0.726936
vt 0.568602 0.596420
vt 0.457188 0.688878
vt 0.153759 0.487154
vt 0.340744 0.744839
vt 0.166087 0.491340
vt 0.329087 0.746727
vt 0.182665 0.488564
vt 0.316711 0.744684
vt 0.302282 0.745611
vt 0.281140 0.388896
vt 0.292661 0.742674
vt 0.278846 0.745014
vt 0.267272 0.745795
vt 0.402006 0.615847
vt 0.509318 0.703349
vt 0.668242 0.672745
vt 0.646737 0.672036
vt 0.639051 0.674289
vt 0.615236 0.671344
vt 0.602365 0.671739
vt 0.591641 0.671382
vt 0.579480 0.666363
vt 0.563752 0.671429
vt 0.505338 0.673334
vt 0.459037 0.646801
vt 0.695985 0.423484
vt 0.768793 0.512398
vt 0.781909 0.564013
vt 0.768183 0.565815
vt 0.757018 0.566020
vt 0.777451 0.444409
vt 0.739602 0.020138
vt 0.742523 0.032017
vt 0.742363 0.080519
vt 0.709981 0.425994
vt 0.796076 0.669012
vt 0.842931 0.709317
vt 0.887010 0.727292
vt 0.900057 0.728397
vt 0.911990 0.728148
vt 0.479951 0.612881
vt 0.526214 0.568491
vt 0.134081 0.412377
vt 0.462236 0.733018
vt 0.059132 0.498723
vt 0.450199 0.732060
vt 0.324691 0.593018
vt 0.439604 0.730704
vt 0.161283 0.551551
vt 0.427488 0.732065
vt 0.124110 0.266891
vt 0.414326 0.735406
vt 0.125609 0.275545
vt 0.401229 0.730405
vt 0.391089 0.731899
vt 0.378020 0.732585
vt 0.328122 0.741521
vt 0.366734 0.732659
vt 0.537597 0.536525
vt 0.353645 0.732045
vt 0.340497 0.732681
vt 0.167594 0.501748
vt 0.331588 0.732875
vt 0.181962 0.507866
vt 0.315337 0.734056
vt 0.192477 0.498277
vt 0.305207 0.730979
vt 0.203183 0.508336
vt 0.294436 0.731623
vt 0.211020 0.498907
vt 0.281145 0.730150
vt 0.228179 0.502088
vt 0.268691 0.736176
vt 0.378002 0.608284
vt 0.673454 0.660781
vt 0.663438 0.655957
vt 0.646724 0.660092
vt 0.628110 0.665350
vt 0.548004 0.658202
vt 0.525048 0.663374
vt 0.502061 0.653984
vt 0.494765 0.665938
vt 0.558603 0.131721
vt 0.708904 0.416005
vt 0.782436 0.575777
vt 0.770261 0.577682
vt 0.758571 0.578435
vt 0.766299 0.456115
vt 0.750368 0.097164
vt 0.755516 0.027878
vt 0.747696 0.139083
vt 0.709345 0.473757
vt 0.776095 0.649633
vt 0.791956 0.667400
vt 0.887587 0.715005
vt 0.900292 0.715054
vt 0.913158 0.715524
vt 0.479617 0.612959
vt 0.489541 0.635020
vt 0.174637 0.428095
vt 0.465503 0.719844
vt 0.405915 0.431551
vt 0.450925 0.719246
vt 0.328191 0.472296
vt 0.439391 0.718066
vt 0.211775 0.425233
vt 0.428459 0.716230
vt 0.127869 0.319426
vt 0.414991 0.718129
vt 0.143488 0.040663
vt 0.402285 0.719077
vt 0.116885 0.363383
vt 0.390447 0.717431
vt 0.119140 0.522225
vt 0.377544 0.717942
vt 0.129699 0.516731
vt 0.365830 0.715450
vt 0.411404 0.387784
vt 0.353157 0.719196
vt 0.343232 0.719578
vt 0.426389 0.376313
vt 0.326976 0.717181
vt 0.315837 0.716980
vt 0.192734 0.515287
vt 0.304546 0.720292
vt 0.205931 0.519356
vt 0.290469 0.720389
vt 0.337802 0.390242
vt 0.280413 0.723032
vt 0.594885 0.543776
vt 0.268143 0.722027
vt 0.238525 0.514830
vt 0.536177 0.670085
vt 0.666781 0.646867
vt 0.651010 0.649634
vt 0.638864 0.652641
vt 0.622362 0.648938
vt 0.605193 0.648687
vt 0.590887 0.645443
vt 0.539363 0.649255
vt 0.517846 0.650596
vt 0.506673 0.646802
vt 0.496213 0.645769
vt 0.538667 0.126939
vt 0.736002 0.482304
vt 0.784852 0.588733
vt 0.771810 0.589460
vt 0.760162 0.591408
vt 0.748665 0.592996
vt 0.757119 0.176138
vt 0.765846 0.027466
vt 0.741785 0.286521
vt 0.697070 0.597303
vt 0.765559 0.643581
vt 0.875833 0.702990
vt 0.888372 0.700999
vt 0.901091 0.703096
vt 0.913520 0.702771
vt 0.567653 0.632700
vt 0.483393 0.641374
vt 0.198084 0.406945
vt 0.462428 0.706136
vt 0.284500 0.441366
vt 0.449609 0.705926
vt 0.138496 0.433399
vt 0.437206 0.705509
vt 0.158812 0.508858
vt 0.426798 0.705896
vt 0.124576 0.346802
vt 0.414232 0.708163
vt 0.112108 0.286198
vt 0.400610 0.706278
vt 0.104616 0.534865
vt 0.390114 0.706891
vt 0.116623 0.533768
vt 0.379223 0.706715
vt 0.366996 0.707683
vt 0.144316 0.536645
vt 0.352462 0.704599
vt 0.556499 0.325291
vt 0.340080 0.706852
vt 0.433391 0.386997
vt 0.329223 0.706485
vt 0.181620 0.523921
vt 0.315228 0.706870
vt 0.358839 0.591179
vt 0.305350 0.702198
vt 0.201721 0.530757
vt 0.291704 0.705022
vt 0.362255 0.375032
vt 0.279306 0.704432
vt 0.527990 0.478882
vt 0.263591 0.704700
vt 0.240764 0.531464
vt 0.673173 0.631378
vt 0.665323 0.631599
vt 0.656721 0.635440
vt 0.640963 0.635841
vt 0.628067 0.633648
vt 0.613760 0.636635
vt 0.603028 0.634413
vt 0.590516 0.635739
vt 0.578720 0.638184
vt 0.566556 0.637082
vt 0.555818 0.635603
vt 0.543638 0.634128
vt 0.531452 0.637132
vt 0.517006 0.632484
vt 0.500557 0.628211
vt 0.452792 0.615160
vt 0.524270 0.123617
vt 0.704451 0.442976
vt 0.785376 0.600606
vt 0.772024 0.602650
vt 0.760153 0.602903
vt 0.749502 0.603494
vt 0.791560 0.446823
vt 0.799865 0.277615
vt 0.743048 0.444698
vt 0.698582 0.609478
vt 0.772928 0.647959
vt 0.876470 0.689799
vt 0.888125 0.690428
vt 0.901308 0.691026
vt 0.913706 0.690233
vt 0.526422 0.574198
vt 0.486786 0.597730
vt 0.042934 0.534779
vt 0.464849 0.693084
vt 0.117447 0.652661
vt 0.452999 0.694060
vt 0.134457 0.379543
vt 0.435204 0.695276
vt 0.147905 0.330268
vt 0.427008 0.695265
vt 0.125728 0.356748
vt 0.416048 0.694358
vt 0.098126 0.543567
vt 0.401247 0.696645
vt 0.106696 0.546271
vt 0.388667 0.693614
vt 0.120510 0.543272
vt 0.376231 0.693362
vt 0.366043 0.693880
vt 0.145558 0.543267
vt 0.353625 0.690560
vt 0.428683 0.639172
vt 0.343519 0.692749
vt 0.540679 0.525779
vt 0.329131 0.695439
vt 0.436722 0.627446
vt 0.319163 0.692635
vt 0.193061 0.541913
vt 0.304796 0.693015
vt 0.291391 0.694778
vt 0.284680 0.690415
vt 0.232383 0.541650
vt 0.268485 0.692689
vt 0.513563 0.364801
vt 0.590404 0.635985
vt 0.662441 0.615645
vt 0.638226 0.616443
vt 0.580122 0.619421
vt 0.560810 0.623648
vt 0.551414 0.616433
vt 0.495136 0.621225
vt 0.510490 0.119732
vt 0.695487 0.442211
vt 0.786819 0.612961
vt 0.774059 0.615707
vt 0.761899 0.615658
vt 0.750878 0.616274
vt 0.776413 0.688918
vt 0.768222 0.682061
vt 0.745695 0.640374
vt 0.719639 0.632483
vt 0.782809 0.651158
vt 0.878103 0.676890
vt 0.888500 0.676629
vt 0.900731 0.676648
vt 0.884339 0.651766
vt 0.369522 0.407622
vt 0.484430 0.586092
vt 0.042019 0.546946
vt 0.463561 0.682157
vt 0.050544 0.543639
vt 0.449789 0.680589
vt 0.078651 0.391865
vt 0.439332 0.682565
vt 0.228570 0.218466
vt 0.426968 0.681345
vt 0.102987 0.197522
vt 0.414632 0.678037
vt 0.319050 0.772466
vt 0.404151 0.681170
vt 0.414533 0.545053
vt 0.390767 0.679331
vt 0.120502 0.556035
vt 0.376235 0.680013
vt 0.134204 0.555445
vt 0.366043 0.682206
vt 0.144757 0.552911
vt 0.353701 0.680934
vt 0.153681 0.554855
vt 0.342429 0.679224
vt 0.339657 0.613461
vt 0.329092 0.679522
vt 0.180348 0.557436
vt 0.316277 0.679712
vt 0.193080 0.556524
vt 0.303450 0.684452
vt 0.200435 0.553174
vt 0.293727 0.682684
vt 0.213597 0.553975
vt 0.279820 0.682926
vt 0.226995 0.552618
vt 0.266812 0.679568
vt 0.389317 0.480082
vt 0.508974 0.640986
vt 0.667106 0.607421
vt 0.656164 0.613790
vt 0.622321 0.613849
vt 0.613732 0.613490
vt 0.602285 0.613134
vt 0.592630 0.612589
vt 0.579399 0.613168
vt 0.567948 0.611689
vt 0.559358 0.611701
vt 0.544315 0.612093
vt 0.531227 0.612669
vt 0.512239 0.612507
vt 0.503641 0.611023
vt 0.494180 0.608896
vt 0.487154 0.336922
vt 0.642718 0.374331
vt 0.787372 0.627779
vt 0.775069 0.627990
vt 0.763719 0.630506
vt 0.751960 0.630475
vt 0.739789 0.632120
vt 0.726649 0.633360
vt 0.714466 0.634467
vt 0.701645 0.636025
vt 0.778971 0.649538
vt 0.877812 0.662508
vt 0.889349 0.663085
vt 0.902594 0.663920
vt 0.692679 0.475069
vt 0.250071 0.360479
vt 0.476494 0.670027
vt 0.044807 0.562421
vt 0.463088 0.668509
vt 0.141851 0.706192
vt 0.450521 0.669108
vt 0.063354 0.566314
vt 0.437600 0.666346
vt 0.079832 0.558144
vt 0.427700 0.668327
vt 0.085200 0.561966
vt 0.414853 0.666479
vt 0.496310 0.314688
vt 0.402871 0.666644
vt 0.389281 0.664044
vt 0.122783 0.571694
vt 0.376719 0.667529
vt 0.132361 0.565861
vt 0.363671 0.667647
vt 0.144369 0.564765
vt 0.352263 0.666688
vt 0.158793 0.566917
vt 0.340088 0.668175
vt 0.329210 0.668284
vt 0.317353 0.665290
vt 0.305737 0.668418
vt 0.293429 0.667401
vt 0.594750 0.389986
vt 0.278904 0.666808
vt 0.478027 0.449722
vt 0.265088 0.673569
vt 0.235279 0.571257
vt 0.398875 0.647903
vt 0.670531 0.594347
vt 0.656678 0.596615
vt 0.642710 0.599160
vt 0.628746 0.599278
vt 0.601551 0.598202
vt 0.590461 0.595043
vt 0.577946 0.596740
vt 0.567931 0.598993
vt 0.553256 0.600661
vt 0.544296 0.599395
vt 0.527800 0.598667
vt 0.516666 0.597185
vt 0.505335 0.594955
vt 0.469961 0.109080
vt 0.591667 0.401041
vt 0.788208 0.639091
vt 0.775536 0.640843
vt 0.763693 0.640900
vt 0.752454 0.642906
vt 0.739665 0.643489
vt 0.726320 0.645454
vt 0.715049 0.646013
vt 0.716696 0.647898
vt 0.805101 0.627966
vt 0.852905 0.628011
vt 0.889688 0.650815
vt 0.903178 0.651835
vt 0.532382 0.340041
vt 0.244754 0.364783
vt 0.477781 0.538361
vt 0.219592 0.693193
vt 0.463720 0.656025
vt 0.451499 0.657251
vt 0.065291 0.579479
vt 0.438334 0.655738
vt 0.080488 0.578245
vt 0.426249 0.655595
vt 0.094003 0.580201
vt 0.416268 0.656887
vt 0.543571 0.286604
vt 0.403783 0.655932
vt 0.448135 0.357887
vt 0.389091 0.656757
vt 0.383899 0.410745
vt 0.376241 0.654791
vt 0.263798 0.496795
vt 0.364583 0.653287
vt 0.145263 0.579683
vt 0.352499 0.655754
vt 0.157289 0.582898
vt 0.341422 0.656186
vt 0.265367 0.489146
vt 0.328252 0.657043
vt 0.182269 0.577359
vt 0.314122 0.657045
vt 0.193108 0.578659
vt 0.302625 0.651801
vt 0.205081 0.578077
vt 0.291485 0.658707
vt 0.281058 0.656307
vt 0.230476 0.578418
vt 0.267451 0.657802
vt 0.305531 0.578031
vt 0.508928 0.612857
vt 0.664407 0.582603
vt 0.651650 0.587479
vt 0.642334 0.583949
vt 0.628642 0.586399
vt 0.615132 0.588006
vt 0.607976 0.587364
vt 0.573642 0.588157
vt 0.558525 0.577325
vt 0.543554 0.581094
vt 0.526337 0.579243
vt 0.507667 0.577954
vt 0.494271 0.582022
vt 0.457147 0.107101
vt 0.598467 0.338016
vt 0.789416 0.651854
vt 0.776121 0.652037
vt 0.765817 0.653608
vt 0.752124 0.654858
vt 0.740489 0.656917
vt 0.728221 0.657381
vt 0.715882 0.658301
vt 0.712331 0.658237
vt 0.684661 0.511458
vt 0.485988 0.284536
vt 0.821614 0.579809
vt 0.828014 0.578694
vt 0.424268 0.257884
vt 0.378308 0.226111
vt 0.474408 0.553031
vt 0.277236 0.681934
vt 0.464940 0.643658
vt 0.109485 0.665806
vt 0.449125 0.645134
vt 0.439070 0.644370
vt 0.427394 0.642670
vt 0.414994 0.646957
vt 0.443075 0.356388
vt 0.402675 0.641584
vt 0.594780 0.284374
vt 0.386888 0.644568
vt 0.278106 0.487390
vt 0.375526 0.643937
vt 0.131922 0.592969
vt 0.365196 0.642359
vt 0.226455 0.414901
vt 0.352341 0.641905
vt 0.245410 0.378710
vt 0.339985 0.639807
vt 0.277188 0.482965
vt 0.329211 0.641306
vt 0.568758 0.433492
vt 0.315681 0.644053
vt 0.188446 0.597533
vt 0.305621 0.645302
vt 0.207493 0.594040
vt 0.292563 0.641303
vt 0.219232 0.586246
vt 0.279615 0.641552
vt 0.482988 0.465064
vt 0.268513 0.639423
vt 0.292475 0.585913
vt 0.672867 0.570579
vt 0.666660 0.567486
vt 0.658064 0.566755
vt 0.640168 0.569955
vt 0.600093 0.574867
vt 0.587929 0.570962
vt 0.582919 0.568727
vt 0.566099 0.565945
vt 0.549995 0.573991
vt 0.530639 0.576344
vt 0.501912 0.574410
vt 0.491238 0.566558
vt 0.438432 0.102848
vt 0.557196 0.295527
vt 0.790595 0.665131
vt 0.777684 0.665743
vt 0.765567 0.667744
vt 0.754931 0.668198
vt 0.741807 0.669291
vt 0.728985 0.669956
vt 0.717479 0.670595
vt 0.672560 0.601540
vt 0.456998 0.260349
vt 0.362699 0.184732
vt 0.514016 0.319330
vt 0.472332 0.292692
vt 0.365072 0.218391
vt 0.222986 0.357908
vt 0.474494 0.582738
vt 0.223781 0.713665
vt 0.462805 0.629929
vt 0.112443 0.482857
vt 0.448963 0.632950
vt 0.061121 0.595620
vt 0.437935 0.630578
vt 0.171017 0.413628
vt 0.427351 0.628869
vt 0.088890 0.605630
vt 0.414382 0.631236
vt 0.423261 0.375189
vt 0.401369 0.631229
vt 0.638086 0.210149
vt 0.390008 0.629158
vt 0.241204 0.534793
vt 0.377324 0.628914
vt 0.326338 0.675305
vt 0.364587 0.629321
vt 0.237298 0.460769
vt 0.353395 0.627568
vt 0.415735 0.623930
vt 0.341511 0.633438
vt 0.427637 0.464316
vt 0.327235 0.631938
vt 0.567680 0.433330
vt 0.315262 0.629562
vt 0.193937 0.604408
vt 0.298318 0.624805
vt 0.292205 0.632302
vt 0.279908 0.630043
vt 0.231216 0.608360
vt 0.262070 0.628158
vt 0.283494 0.595921
vt 0.604517 0.569063
vt 0.664807 0.557792
vt 0.654446 0.557307
vt 0.626479 0.561762
vt 0.613672 0.562713
vt 0.605083 0.559365
vt 0.595785 0.560870
vt 0.579332 0.560889
vt 0.572174 0.558656
vt 0.558901 0.560910
vt 0.542094 0.560053
vt 0.530608 0.554209
vt 0.521993 0.556458
vt 0.495354 0.559966
vt 0.446822 0.304767
vt 0.610274 0.392153
vt 0.791778 0.677616
vt 0.778870 0.679474
vt 0.767294 0.680159
vt 0.755748 0.680951
vt 0.742469 0.682066
vt 0.729352 0.683818
vt 0.718195 0.684645
vt 0.556600 0.465589
vt 0.350093 0.174185
vt 0.351343 0.185970
vt 0.351336 0.196714
vt 0.352654 0.208913
vt 0.353690 0.220451
vt 0.277892 0.276629
vt 0.474506 0.568920
vt 0.136642 0.691792
vt 0.463054 0.615901
vt 0.049059 0.612725
vt 0.453108 0.614395
vt 0.058888 0.614165
vt 0.440052 0.615139
vt 0.189954 0.383895
vt 0.427003 0.618379
vt 0.202420 0.392666
vt 0.413599 0.617870
vt 0.297650 0.396494
vt 0.401911 0.616019
vt 0.422384 0.377927
vt 0.389242 0.616923
vt 0.216195 0.538774
vt 0.377572 0.617962
vt 0.143224 0.431730
vt 0.366134 0.616126
vt 0.191563 0.530774
vt 0.354712 0.616669
vt 0.322327 0.679746
vt 0.341418 0.615579
vt 0.360849 0.400633
vt 0.331363 0.612081
vt 0.185246 0.617969
vt 0.316279 0.618318
vt 0.303668 0.616387
vt 0.202402 0.616749
vt 0.291859 0.616548
vt 0.219429 0.614580
vt 0.281081 0.613540
vt 0.231817 0.615955
vt 0.267001 0.617877
vt 0.294085 0.601675
vt 0.672514 0.541354
vt 0.668110 0.542443
vt 0.636122 0.547467
vt 0.626538 0.540666
vt 0.617250 0.542840
vt 0.605065 0.541441
vt 0.590759 0.542951
vt 0.579315 0.544456
vt 0.565187 0.547270
vt 0.553545 0.546720
vt 0.541600 0.546232
vt 0.530598 0.544870
vt 0.517150 0.546747
vt 0.505555 0.546290
vt 0.495459 0.545517
vt 0.442745 0.349507
vt 0.616046 0.416012
vt 0.792210 0.689938
vt 0.779729 0.691023
vt 0.768356 0.692172
vt 0.757075 0.694231
vt 0.743142 0.694860
vt 0.731300 0.695586
vt 0.612909 0.545611
vt 0.359258 0.192357
vt 0.339409 0.174046
vt 0.340899 0.186014
vt 0.341024 0.197210
vt 0.342510 0.209588
vt 0.341370 0.221786
vt 0.243313 0.330137
vt 0.475929 0.603079
vt 0.028516 0.665280
vt 0.463182 0.601461
vt 0.045281 0.624076
vt 0.452033 0.604519
vt 0.059449 0.624608
vt 0.440889 0.603137
vt 0.072343 0.627623
vt 0.425443 0.603628
vt 0.081863 0.628479
vt 0.413812 0.604774
vt 0.240464 0.385931
vt 0.401517 0.604873
vt 0.333160 0.467274
vt 0.392302 0.606486
vt 0.256313 0.570192
vt 0.378878 0.603634
vt 0.095917 0.648843
vt 0.363598 0.604799
vt 0.290161 0.474213
vt 0.353051 0.602836
vt 0.273212 0.660577
vt 0.340283 0.603985
vt 0.221762 0.576702
vt 0.328207 0.604585
vt 0.644976 0.575637
vt 0.314663 0.602332
vt 0.193227 0.632173
vt 0.303715 0.604007
vt 0.206094 0.629593
vt 0.293305 0.605681
vt 0.219811 0.632724
vt 0.279173 0.605542
vt 0.231979 0.630109
vt 0.267621 0.602467
vt 0.299520 0.606348
vt 0.536980 0.560398
vt 0.667061 0.530659
vt 0.647670 0.537651
vt 0.637993 0.527954
vt 0.574291 0.530267
vt 0.539905 0.526183
vt 0.528968 0.529085
vt 0.515486 0.531428
vt 0.504379 0.530454
vt 0.495984 0.532373
vt 0.437821 0.342304
vt 0.504424 0.274293
vt 0.773368 0.674532
vt 0.780611 0.702986
vt 0.768429 0.705333
vt 0.758567 0.705820
vt 0.745309 0.708146
vt 0.731986 0.708301
vt 0.635748 0.523623
vt 0.327014 0.164493
vt 0.327971 0.175397
vt 0.329087 0.187192
vt 0.328224 0.198964
vt 0.330425 0.211409
vt 0.331475 0.222487
vt 0.199398 0.404339
vt 0.479077 0.592034
vt 0.036481 0.641840
vt 0.467864 0.594149
vt 0.051670 0.632817
vt 0.447993 0.592361
vt 0.054248 0.636018
vt 0.439100 0.589265
vt 0.075372 0.638288
vt 0.427273 0.590764
vt 0.083343 0.636406
vt 0.414100 0.591139
vt 0.097608 0.644912
vt 0.401511 0.592133
vt 0.189925 0.546547
vt 0.389551 0.589879
vt 0.118351 0.639414
vt 0.376273 0.588483
vt 0.313044 0.621631
vt 0.367540 0.588846
vt 0.520441 0.644684
vt 0.353780 0.590591
vt 0.404891 0.679157
vt 0.342173 0.591464
vt 0.264028 0.421609
vt 0.329099 0.592580
vt 0.562235 0.658636
vt 0.314149 0.590782
vt 0.305345 0.592389
vt 0.201847 0.640209
vt 0.292772 0.593307
vt 0.608572 0.744379
vt 0.280011 0.592264
vt 0.266726 0.591189
vt 0.286408 0.618549
vt 0.673709 0.522102
vt 0.662424 0.524563
vt 0.651605 0.513743
vt 0.630107 0.519001
vt 0.620077 0.515653
vt 0.601466 0.514554
vt 0.590378 0.516713
vt 0.566543 0.522940
vt 0.555670 0.525052
vt 0.547789 0.525431
vt 0.500412 0.524336
vt 0.494600 0.523587
vt 0.415433 0.273625
vt 0.426596 0.177679
vt 0.661523 0.528108
vt 0.780655 0.716164
vt 0.770374 0.718731
vt 0.758973 0.719101
vt 0.746964 0.719920
vt 0.733398 0.722406
vt 0.569603 0.418485
vt 0.315986 0.164368
vt 0.317373 0.175014
vt 0.316948 0.187699
vt 0.317406 0.199159
vt 0.319870 0.212485
vt 0.319991 0.223198
vt 0.144805 0.479897
vt 0.478150 0.578653
vt 0.190712 0.473075
vt 0.461242 0.579071
vt 0.044606 0.649564
vt 0.452639 0.578645
vt 0.438541 0.577855
vt 0.071813 0.651330
vt 0.425284 0.577636
vt 0.084079 0.653360
vt 0.414236 0.577301
vt 0.144085 0.580044
vt 0.401881 0.577109
vt 0.184023 0.702756
vt 0.390276 0.577937
vt 0.403186 0.561296
vt 0.375060 0.577618
vt 0.548940 0.570374
vt 0.364888 0.579105
vt 0.464503 0.695127
vt 0.354031 0.576847
vt 0.425162 0.621569
vt 0.342008 0.577586
vt 0.321159 0.567767
vt 0.328380 0.577925
vt 0.326091 0.488826
vt 0.315612 0.576384
vt 0.306982 0.580824
vt 0.206317 0.659181
vt 0.295302 0.580372
vt 0.572545 0.559610
vt 0.280238 0.578064
vt 0.364388 0.405114
vt 0.266586 0.580888
vt 0.286183 0.628268
vt 0.570743 0.527400
vt 0.664587 0.507927
vt 0.638701 0.511893
vt 0.626205 0.508875
vt 0.612921 0.509964
vt 0.605554 0.504133
vt 0.590723 0.501118
vt 0.578258 0.505473
vt 0.562101 0.509730
vt 0.554393 0.502823
vt 0.539701 0.503297
vt 0.515487 0.505643
vt 0.504713 0.502657
vt 0.495638 0.509007
vt 0.422016 0.326193
vt 0.356710 0.097496
vt 0.542491 0.376321
vt 0.782875 0.729011
vt 0.771718 0.729841
vt 0.760425 0.730659
vt 0.746494 0.732644
vt 0.734468 0.733903
vt 0.576531 0.533192
vt 0.305093 0.166148
vt 0.305042 0.178889
vt 0.306733 0.189405
vt 0.307696 0.200233
vt 0.308443 0.212658
vt 0.309369 0.223632
vt 0.238879 0.338982
vt 0.477380 0.566397
vt 0.031627 0.664416
vt 0.463064 0.566461
vt 0.309569 0.715396
vt 0.452520 0.566399
vt 0.051700 0.666966
vt 0.439106 0.566584
vt 0.064483 0.667002
vt 0.430129 0.567145
vt 0.279688 0.356371
vt 0.414343 0.566150
vt 0.182843 0.526404
vt 0.403417 0.566718
vt 0.280565 0.688214
vt 0.389561 0.567363
vt 0.221284 0.643276
vt 0.377363 0.566396
vt 0.567586 0.602261
vt 0.364210 0.567622
vt 0.325960 0.639039
vt 0.354402 0.566356
vt 0.156688 0.674377
vt 0.340764 0.564974
vt 0.364641 0.559113
vt 0.327828 0.564423
vt 0.539414 0.505046
vt 0.315906 0.564081
vt 0.304601 0.567324
vt 0.293704 0.564713
vt 0.214246 0.664509
vt 0.281249 0.563098
vt 0.234179 0.668764
vt 0.266787 0.564981
vt 0.419311 0.707853
vt 0.467823 0.535482
vt 0.652308 0.498053
vt 0.612900 0.492505
vt 0.606968 0.488452
vt 0.586420 0.488422
vt 0.579927 0.489700
vt 0.564593 0.492637
vt 0.531269 0.498349
vt 0.514761 0.495552
vt 0.503265 0.491943
vt 0.495737 0.492561
vt 0.403613 0.284402
vt 0.339329 0.095415
vt 0.381835 0.314857
vt 0.783514 0.741624
vt 0.772586 0.741020
vt 0.761198 0.742461
vt 0.747780 0.744760
vt 0.735482 0.745310
vt 0.633830 0.622296
vt 0.374311 0.274728
vt 0.296218 0.178955
vt 0.296926 0.189262
vt 0.296495 0.200712
vt 0.297845 0.212681
vt 0.298173 0.224692
vt 0.241943 0.321940
vt 0.476612 0.552651
vt 0.370928 0.571911
vt 0.462389 0.549907
vt 0.439975 0.743068
vt 0.449167 0.553656
vt 0.060541 0.680380
vt 0.438749 0.553841
vt 0.067835 0.678067
vt 0.427038 0.553054
vt 0.074948 0.677964
vt 0.414203 0.553484
vt 0.148462 0.588259
vt 0.405347 0.554035
vt 0.202172 0.653851
vt 0.392794 0.554323
vt 0.206458 0.686500
vt 0.378231 0.552316
vt 0.364739 0.554536
vt 0.312560 0.693255
vt 0.353100 0.553376
vt 0.150179 0.689033
vt 0.342790 0.553767
vt 0.405602 0.681961
vt 0.327927 0.551169
vt 0.182047 0.679836
vt 0.316703 0.553589
vt 0.264412 0.546224
vt 0.303419 0.553205
vt 0.437631 0.524263
vt 0.289195 0.555053
vt 0.412815 0.729734
vt 0.280193 0.552788
vt 0.348195 0.470124
vt 0.269201 0.551264
vt 0.352322 0.678623
vt 0.673532 0.480458
vt 0.665025 0.482951
vt 0.642611 0.476966
vt 0.630078 0.482772
vt 0.618141 0.480360
vt 0.602275 0.481488
vt 0.591863 0.479956
vt 0.579543 0.479433
vt 0.570669 0.478718
vt 0.542730 0.480222
vt 0.531970 0.477235
vt 0.516902 0.483031
vt 0.504685 0.477241
vt 0.495746 0.480726
vt 0.385787 0.252597
vt 0.326649 0.094322
vt 0.405688 0.221656
vt 0.682789 0.613539
vt 0.773427 0.754700
vt 0.760811 0.756972
vt 0.748124 0.758485
vt 0.737082 0.758681
vt 0.583894 0.567199
vt 0.284058 0.167242
vt 0.283479 0.178686
vt 0.283637 0.190356
vt 0.285064 0.202178
vt 0.286142 0.214061
vt 0.285805 0.226532
vt 0.220552 0.347804
vt 0.477612 0.538592
vt 0.435455 0.689994
vt 0.463539 0.538666
vt 0.405588 0.709517
vt 0.450965 0.541663
vt 0.516706 0.620605
vt 0.438492 0.541290
vt 0.426460 0.541660
vt 0.271251 0.367374
vt 0.414225 0.540983
vt 0.238861 0.426274
vt 0.403343 0.539219
vt 0.085675 0.689409
vt 0.391079 0.540045
vt 0.114617 0.691303
vt 0.377455 0.539664
vt 0.128624 0.694435
vt 0.363569 0.543069
vt 0.302037 0.543806
vt 0.353349 0.541561
vt 0.149980 0.624762
vt 0.340059 0.540887
vt 0.410206 0.610543
vt 0.324264 0.534131
vt 0.497285 0.699334
vt 0.317167 0.540298
vt 0.368006 0.533270
vt 0.304443 0.540392
vt 0.298404 0.611670
vt 0.291419 0.538947
vt 0.282128 0.542050
vt 0.347750 0.526895
vt 0.453441 0.687174
vt 0.535990 0.492079
vt 0.666618 0.471644
vt 0.652998 0.473031
vt 0.629355 0.472503
vt 0.611455 0.473084
vt 0.567976 0.467418
vt 0.554370 0.472465
vt 0.537701 0.466210
vt 0.522062 0.469761
vt 0.503228 0.468265
vt 0.495458 0.468746
vt 0.354245 0.190970
vt 0.312042 0.090883
vt 0.365037 0.185278
vt 0.655799 0.590161
vt 0.773495 0.768122
vt 0.764563 0.769863
vt 0.751267 0.771655
vt 0.737647 0.772156
vt 0.485922 0.446977
vt 0.270778 0.168636
vt 0.272825 0.180437
vt 0.273551 0.191562
vt 0.273511 0.202259
vt 0.274906 0.214256
vt 0.275397 0.227538
vt 0.227669 0.327051
vt 0.477646 0.525034
vt 0.089568 0.577336
vt 0.462921 0.525182
vt 0.465821 0.720826
vt 0.451236 0.526305
vt 0.522622 0.625843
vt 0.438933 0.528177
vt 0.060583 0.701448
vt 0.428167 0.527428
vt 0.075870 0.696976
vt 0.413704 0.528174
vt 0.144799 0.611982
vt 0.401421 0.527618
vt 0.237630 0.556310
vt 0.389455 0.527564
vt 0.259485 0.313156
vt 0.377426 0.526833
vt 0.117351 0.710645
vt 0.365640 0.526991
vt 0.305257 0.592957
vt 0.352520 0.526928
vt 0.261053 0.435197
vt 0.342223 0.524869
vt 0.408434 0.735452
vt 0.326430 0.527245
vt 0.382168 0.690875
vt 0.316029 0.526246
vt 0.470767 0.593440
vt 0.305861 0.526104
vt 0.432673 0.750060
vt 0.205973 0.705213
vt 0.291380 0.527709
vt 0.219714 0.705882
vt 0.279758 0.526929
vt 0.266696 0.566658
vt 0.325594 0.520634
vt 0.307479 0.431470
vt 0.674357 0.459171
vt 0.663025 0.455281
vt 0.651511 0.451000
vt 0.637940 0.451764
vt 0.630242 0.455787
vt 0.615029 0.461314
vt 0.601666 0.457528
vt 0.592124 0.455450
vt 0.578289 0.454680
vt 0.566356 0.452069
vt 0.555971 0.451822
vt 0.544685 0.452943
vt 0.529740 0.454812
vt 0.519323 0.460790
vt 0.505294 0.457049
vt 0.495928 0.456541
vt 0.372650 0.252724
vt 0.296658 0.088285
vt 0.294654 0.105298
vt 0.566855 0.485255
vt 0.776504 0.780565
vt 0.764771 0.781687
vt 0.751644 0.783428
vt 0.739641 0.782892
vt 0.530993 0.520536
vt 0.261007 0.169085
vt 0.262466 0.180926
vt 0.263154 0.191538
vt 0.286216 0.182266
vt 0.263952 0.215314
vt 0.264347 0.228116
vt 0.160997 0.439574
vt 0.475492 0.516262
vt 0.161025 0.425075
vt 0.463305 0.515184
vt 0.310215 0.757777
vt 0.451089 0.515938
vt 0.439770 0.514466
vt 0.429309 0.515196
vt 0.211829 0.503720
vt 0.413035 0.514696
vt 0.126584 0.612563
vt 0.402628 0.516693
vt 0.080637 0.689786
vt 0.392229 0.515204
vt 0.112612 0.720339
vt 0.377337 0.514699
vt 0.366145 0.515344
vt 0.163358 0.644844
vt 0.351038 0.513287
vt 0.273619 0.391519
vt 0.341345 0.515053
vt 0.366561 0.740755
vt 0.326099 0.514652
vt 0.318014 0.643214
vt 0.316954 0.514167
vt 0.347659 0.629129
vt 0.527965 0.659436
vt 0.302294 0.515979
vt 0.311741 0.688941
vt 0.476139 0.816531
vt 0.290474 0.515335
vt 0.468934 0.491784
vt 0.280503 0.515125
vt 0.483247 0.379980
vt 0.319007 0.505731
vt 0.481819 0.701319
vt 0.675112 0.443106
vt 0.663738 0.442397
vt 0.617169 0.446090
vt 0.606785 0.436760
vt 0.500348 0.440228
vt 0.496092 0.440035
vt 0.363500 0.246927
vt 0.282871 0.086829
vt 0.279138 0.104680
vt 0.487361 0.394936
vt 0.776587 0.792351
vt 0.765419 0.793785
vt 0.753721 0.795518
vt 0.673409 0.709911
vt 0.409854 0.371156
vt 0.249518 0.169524
vt 0.251534 0.181900
vt 0.252197 0.192576
vt 0.251968 0.203995
vt 0.253704 0.216046
vt 0.252379 0.227469
vt 0.157688 0.431289
vt 0.477396 0.500887
vt 0.086256 0.594203
vt 0.463971 0.501862
vt 0.038333 0.725707
vt 0.453358 0.500823
vt 0.053022 0.722110
vt 0.439120 0.501959
vt 0.068420 0.731381
vt 0.428532 0.501591
vt 0.399925 0.546641
vt 0.415430 0.504215
vt 0.339466 0.509680
vt 0.401258 0.502249
vt 0.081642 0.695659
vt 0.389963 0.502344
vt 0.110842 0.728057
vt 0.377725 0.502185
vt 0.118982 0.728789
vt 0.362352 0.502531
vt 0.162629 0.652956
vt 0.356971 0.502528
vt 0.221795 0.510863
vt 0.339926 0.502324
vt 0.571099 0.751182
vt 0.331069 0.499092
vt 0.316319 0.501166
vt 0.390707 0.702714
vt 0.303157 0.502836
vt 0.272087 0.678658
vt 0.108099 0.520607
vt 0.292026 0.501721
vt 0.516417 0.452312
vt 0.278379 0.499068
vt 0.649277 0.358231
vt 0.325720 0.492595
vt 0.371571 0.580222
vt 0.674204 0.432972
vt 0.664825 0.432590
vt 0.650220 0.427845
vt 0.640555 0.431451
vt 0.630768 0.427866
vt 0.617161 0.428252
vt 0.601771 0.426583
vt 0.592110 0.427150
vt 0.580304 0.431640
vt 0.567059 0.426973
vt 0.553810 0.428562
vt 0.539117 0.427159
vt 0.525683 0.426508
vt 0.520469 0.432387
vt 0.504669 0.429299
vt 0.496506 0.427890
vt 0.362610 0.253717
vt 0.267281 0.085215
vt 0.265434 0.102190
vt 0.438695 0.344208
vt 0.641253 0.627155
vt 0.765593 0.806256
vt 0.754868 0.808085
vt 0.670022 0.715471
vt 0.239375 0.158253
vt 0.240117 0.171219
vt 0.239577 0.182669
vt 0.240158 0.193369
vt 0.241182 0.203923
vt 0.241510 0.216433
vt 0.242984 0.229066
vt 0.179597 0.379507
vt 0.475361 0.490721
vt 0.025003 0.733225
vt 0.464056 0.489947
vt 0.039842 0.741988
vt 0.450773 0.488087
vt 0.049524 0.736549
vt 0.439420 0.490081
vt 0.057524 0.734299
vt 0.428704 0.490737
vt 0.417096 0.490742
vt 0.343197 0.584357
vt 0.403406 0.489248
vt 0.345674 0.718866
vt 0.390324 0.489872
vt 0.325603 0.728663
vt 0.376783 0.488756
vt 0.118367 0.745241
vt 0.366127 0.488503
vt 0.207236 0.708869
vt 0.351062 0.489798
vt 0.406888 0.452802
vt 0.341554 0.489413
vt 0.345196 0.600804
vt 0.328366 0.489054
vt 0.553478 0.397968
vt 0.315100 0.488419
vt 0.380497 0.695958
vt 0.576798 0.718044
vt 0.303609 0.491132
vt 0.336522 0.737933
vt 0.206351 0.737741
vt 0.291909 0.490311
vt 0.220820 0.743582
vt 0.281277 0.490588
vt 0.232874 0.744303
vt 0.402616 0.466376
vt 0.296188 0.676228
vt 0.674029 0.419085
vt 0.664635 0.413123
vt 0.618586 0.416671
vt 0.605343 0.412573
vt 0.589957 0.414450
vt 0.582085 0.412212
vt 0.564191 0.413336
vt 0.543417 0.421928
vt 0.516159 0.412952
vt 0.507543 0.412948
vt 0.496246 0.418073
vt 0.340539 0.224271
vt 0.251729 0.082580
vt 0.249649 0.098388
vt 0.249100 0.112721
vt 0.558685 0.533734
vt 0.767781 0.821448
vt 0.754841 0.821007
vt 0.682170 0.742977
vt 0.328390 0.292585
vt 0.227186 0.171302
vt 0.227358 0.183519
vt 0.229474 0.195124
vt 0.229600 0.205379
vt 0.230517 0.217467
vt 0.231573 0.230077
vt 0.232417 0.239056
vt 0.475325 0.476815
vt 0.207196 0.727736
vt 0.465491 0.477399
vt 0.452381 0.480225
vt 0.438846 0.475821
vt 0.056189 0.750510
vt 0.427031 0.475397
vt 0.286104 0.614762
vt 0.414824 0.475528
vt 0.406353 0.544328
vt 0.401910 0.476533
vt 0.332288 0.596151
vt 0.391099 0.476664
vt 0.105014 0.754371
vt 0.375850 0.474599
vt 0.113625 0.754374
vt 0.364766 0.476035
vt 0.458730 0.444129
vt 0.352569 0.478511
vt 0.478539 0.403955
vt 0.339556 0.476349
vt 0.507224 0.383368
vt 0.329721 0.476481
vt 0.502439 0.412659
vt 0.319338 0.475141
vt 0.424512 0.640749
vt 0.403029 0.838122
vt 0.303630 0.477169
vt 0.229149 0.766565
vt 0.410789 0.835364
vt 0.293522 0.475276
vt 0.218877 0.755387
vt 0.280604 0.474117
vt 0.301411 0.811815
vt 0.265139 0.479118
vt 0.245117 0.754234
vt 0.673695 0.406889
vt 0.641077 0.404787
vt 0.625743 0.399107
vt 0.617865 0.399488
vt 0.608559 0.400242
vt 0.575644 0.410720
vt 0.550937 0.404181
vt 0.541262 0.401937
vt 0.524769 0.400249
vt 0.513289 0.399496
vt 0.503220 0.401482
vt 0.496877 0.409947
vt 0.361794 0.267427
vt 0.238072 0.080458
vt 0.236987 0.097553
vt 0.345578 0.256249
vt 0.624116 0.628953
vt 0.768702 0.832087
vt 0.755036 0.832589
vt 0.710608 0.791035
vt 0.290626 0.256452
vt 0.217095 0.172270
vt 0.217507 0.184245
vt 0.216496 0.194355
vt 0.218305 0.206220
vt 0.219646 0.216849
vt 0.220785 0.230563
vt 0.223242 0.238355
vt 0.476902 0.462733
vt 0.166024 0.744001
vt 0.463483 0.463363
vt 0.035776 0.756840
vt 0.451285 0.463293
vt 0.045650 0.757728
vt 0.438561 0.464720
vt 0.427071 0.463880
vt 0.412247 0.464445
vt 0.368883 0.570163
vt 0.401439 0.465292
vt 0.445646 0.519688
vt 0.390188 0.462371
vt 0.103264 0.772069
vt 0.378509 0.463078
vt 0.371019 0.558198
vt 0.365493 0.464317
vt 0.372825 0.616478
vt 0.354736 0.465542
vt 0.445436 0.556812
vt 0.339672 0.466145
vt 0.496181 0.409471
vt 0.329685 0.464654
vt 0.311683 0.626009
vt 0.312910 0.463724
vt 0.322029 0.798101
vt 0.303712 0.461960
vt 0.386197 0.605057
vt 0.293118 0.464877
vt 0.405784 0.578202
vt 0.279318 0.463137
vt 0.133421 0.716691
vt 0.325856 0.453346
vt 0.318320 0.745920
vt 0.673743 0.393165
vt 0.665182 0.390097
vt 0.656560 0.391228
vt 0.640261 0.388938
vt 0.617147 0.387813
vt 0.604977 0.389972
vt 0.593166 0.387084
vt 0.578500 0.392040
vt 0.567764 0.392041
vt 0.553082 0.389050
vt 0.533762 0.387259
vt 0.516340 0.388099
vt 0.505855 0.392512
vt 0.496712 0.392001
vt 0.341292 0.240013
vt 0.224564 0.080013
vt 0.224697 0.097320
vt 0.266652 0.166606
vt 0.620309 0.636501
vt 0.769631 0.844291
vt 0.756359 0.845083
vt 0.714424 0.807776
vt 0.332072 0.322938
vt 0.205887 0.172238
vt 0.206558 0.184887
vt 0.206939 0.195420
vt 0.207927 0.206291
vt 0.208275 0.219039
vt 0.209091 0.232395
vt 0.209677 0.240600
vt 0.476879 0.451175
vt 0.028966 0.770332
vt 0.459628 0.448533
vt 0.034612 0.770964
vt 0.452691 0.445055
vt 0.047630 0.776836
vt 0.439437 0.450562
vt 0.062591 0.776325
vt 0.426894 0.452197
vt 0.069935 0.777728
vt 0.414946 0.451583
vt 0.366933 0.592572
vt 0.402017 0.453545
vt 0.376526 0.571596
vt 0.389121 0.451389
vt 0.488839 0.472553
vt 0.377481 0.451622
vt 0.327946 0.362904
vt 0.365916 0.452426
vt 0.354197 0.632684
vt 0.354990 0.449081
vt 0.262081 0.717849
vt 0.341424 0.451699
vt 0.283509 0.579225
vt 0.328131 0.451494
vt 0.426129 0.453844
vt 0.312937 0.451388
vt 0.426952 0.451626
vt 0.304343 0.448001
vt 0.208291 0.780223
vt 0.292746 0.450586
vt 0.220658 0.778534
vt 0.282826 0.450368
vt 0.469849 0.415776
vt 0.673275 0.381479
vt 0.657982 0.374038
vt 0.645799 0.378537
vt 0.630034 0.377808
vt 0.620004 0.373709
vt 0.599244 0.374847
vt 0.589944 0.380362
vt 0.579926 0.376350
vt 0.566687 0.382981
vt 0.543051 0.375877
vt 0.517239 0.377823
vt 0.505026 0.384724
vt 0.495812 0.375554
vt 0.348526 0.253883
vt 0.211489 0.080045
vt 0.208465 0.095794
vt 0.207593 0.108737
vt 0.541776 0.628370
vt 0.770515 0.858920
vt 0.757121 0.858764
vt 0.528589 0.653239
vt 0.240878 0.263751
vt 0.194513 0.173414
vt 0.195386 0.184800
vt 0.196220 0.196362
vt 0.196734 0.207627
vt 0.196833 0.220104
vt 0.197609 0.231955
vt 0.196612 0.240537
vt 0.475758 0.436037
vt 0.023172 0.787927
vt 0.463075 0.437370
vt 0.452676 0.436081
vt 0.443359 0.435349
vt 0.058076 0.788013
vt 0.425986 0.437427
vt 0.072733 0.786887
vt 0.411125 0.444353
vt 0.127034 0.845196
vt 0.401331 0.437884
vt 0.251422 0.688197
vt 0.389459 0.437455
vt 0.266973 0.700158
vt 0.376967 0.440739
vt 0.136932 0.798624
vt 0.365097 0.439682
vt 0.149389 0.796206
vt 0.352726 0.440323
vt 0.161031 0.791249
vt 0.340175 0.437424
vt 0.240138 0.732022
vt 0.327217 0.438033
vt 0.341778 0.573296
vt 0.312065 0.438296
vt 0.202489 0.794006
vt 0.304283 0.436964
vt 0.209874 0.790738
vt 0.295412 0.437505
vt 0.221860 0.798764
vt 0.206064 0.767666
vt 0.431669 0.410921
vt 0.226728 0.513351
vt 0.672392 0.368403
vt 0.666593 0.366987
vt 0.643645 0.371067
vt 0.627163 0.362494
vt 0.613197 0.363256
vt 0.577775 0.362154
vt 0.563462 0.362248
vt 0.555586 0.367522
vt 0.532069 0.370920
vt 0.505023 0.365757
vt 0.496891 0.367655
vt 0.294180 0.186641
vt 0.197984 0.078704
vt 0.196078 0.092592
vt 0.194376 0.107075
vt 0.571407 0.637681
vt 0.771814 0.870594
vt 0.760331 0.871116
vt 0.585200 0.667102
vt 0.183647 0.162103
vt 0.183443 0.173479
vt 0.184321 0.185402
vt 0.184677 0.196615
vt 0.184565 0.208139
vt 0.185463 0.220514
vt 0.185864 0.232979
vt 0.161180 0.321566
vt 0.473565 0.427819
vt 0.064089 0.659506
vt 0.459095 0.420374
vt 0.034413 0.794856
vt 0.453374 0.425865
vt 0.441017 0.425262
vt 0.426245 0.427150
vt 0.504885 0.820518
vt 0.414063 0.423054
vt 0.252015 0.837576
vt 0.401979 0.426799
vt 0.353904 0.680095
vt 0.389051 0.424332
vt 0.242185 0.695459
vt 0.377311 0.426727
vt 0.136254 0.807392
vt 0.366170 0.425672
vt 0.137323 0.728665
vt 0.350324 0.427243
vt 0.452513 0.543264
vt 0.339489 0.425344
vt 0.422762 0.695875
vt 0.328456 0.426074
vt 0.184207 0.802821
vt 0.314950 0.426718
vt 0.202719 0.808796
vt 0.304938 0.426135
vt 0.208384 0.808701
vt 0.294019 0.424235
vt 0.217622 0.810763
vt 0.278590 0.428663
vt 0.233163 0.808650
vt 0.358546 0.408422
vt 0.263916 0.665119
vt 0.672235 0.355328
vt 0.665152 0.352449
vt 0.652236 0.353496
vt 0.645250 0.356494
vt 0.619277 0.347934
vt 0.603530 0.357661
vt 0.593751 0.355239
vt 0.577056 0.351696
vt 0.567754 0.353097
vt 0.553438 0.351693
vt 0.538546 0.353405
vt 0.526478 0.354291
vt 0.513659 0.353159
vt 0.494358 0.347896
vt 0.334180 0.240593
vt 0.183732 0.076634
vt 0.182606 0.092769
vt 0.182418 0.107138
vt 0.381151 0.371958
vt 0.773124 0.882620
vt 0.759661 0.883672
vt 0.481120 0.546438
vt 0.171927 0.161693
vt 0.172384 0.173484
vt 0.172897 0.186698
vt 0.172759 0.197374
vt 0.174007 0.208310
vt 0.173836 0.222011
vt 0.175873 0.233451
vt 0.121574 0.432781
vt 0.478322 0.416154
vt 0.020986 0.807637
vt 0.461954 0.413857
vt 0.190871 0.776544
vt 0.451927 0.416650
vt 0.441535 0.412183
vt 0.051216 0.810934
vt 0.424343 0.409219
vt 0.499242 0.761839
vt 0.412026 0.411026
vt 0.477951 0.738576
vt 0.400597 0.413722
vt 0.462526 0.705503
vt 0.390813 0.414219
vt 0.272016 0.557935
vt 0.377685 0.412108
vt 0.305683 0.594943
vt 0.361941 0.412476
vt 0.180154 0.743322
vt 0.352637 0.412964
vt 0.159790 0.822157
vt 0.367825 0.364352
vt 0.402516 0.739121
vt 0.331350 0.411290
vt 0.184559 0.825376
vt 0.315572 0.413596
vt 0.561547 0.434550
vt 0.303532 0.413061
vt 0.214242 0.821176
vt 0.294391 0.418821
vt 0.223336 0.813995
vt 0.278234 0.411672
vt 0.233510 0.815672
vt 0.335987 0.398564
vt 0.297390 0.724140
vt 0.672769 0.341127
vt 0.666569 0.340773
vt 0.634932 0.334886
vt 0.613548 0.346820
vt 0.602570 0.339826
vt 0.590647 0.343475
vt 0.584386 0.340583
vt 0.562027 0.339930
vt 0.556301 0.335259
vt 0.541863 0.340609
vt 0.529085 0.334495
vt 0.523348 0.340467
vt 0.503405 0.340943
vt 0.495903 0.340054
vt 0.326197 0.232070
vt 0.169830 0.076182
vt 0.169522 0.089624
vt 0.166680 0.104890
vt 0.284150 0.265345
vt 0.727889 0.837750
vt 0.675223 0.788805
vt 0.219662 0.225519
vt 0.160822 0.163354
vt 0.160534 0.175080
vt 0.159539 0.186993
vt 0.162099 0.197677
vt 0.162285 0.209307
vt 0.162516 0.221816
vt 0.162131 0.234021
vt 0.125720 0.388983
vt 0.477221 0.395672
vt 0.132090 0.713360
vt 0.462883 0.399444
vt 0.359696 0.828337
vt 0.451403 0.398158
vt 0.440713 0.397618
vt 0.054025 0.825894
vt 0.428897 0.400061
vt 0.066591 0.826978
vt 0.414488 0.400547
vt 0.474083 0.726022
vt 0.403734 0.399748
vt 0.369071 0.775345
vt 0.390811 0.399867
vt 0.223094 0.695483
vt 0.377810 0.400282
vt 0.288843 0.767372
vt 0.365901 0.401242
vt 0.262218 0.650161
vt 0.367653 0.365487
vt 0.317569 0.613506
vt 0.339756 0.401825
vt 0.350722 0.719565
vt 0.328584 0.400021
vt 0.562428 0.435718
vt 0.315906 0.398719
vt 0.562953 0.437811
vt 0.306370 0.398573
vt 0.292555 0.401551
vt 0.603774 0.448761
vt 0.277261 0.397869
vt 0.235688 0.834004
vt 0.337920 0.387450
vt 0.295391 0.730798
vt 0.671962 0.326658
vt 0.666583 0.325877
vt 0.647911 0.322494
vt 0.612464 0.322354
vt 0.576333 0.322377
vt 0.567033 0.322003
vt 0.539405 0.328901
vt 0.517973 0.329628
vt 0.504008 0.331106
vt 0.497451 0.332961
vt 0.321085 0.226111
vt 0.155864 0.077122
vt 0.155019 0.088301
vt 0.153685 0.104606
vt 0.288398 0.286914
vt 0.664965 0.771313
vt 0.590101 0.693657
vt 0.149172 0.151504
vt 0.148210 0.161946
vt 0.148210 0.173591
vt 0.149378 0.186985
vt 0.243557 0.298925
vt 0.149335 0.209818
vt 0.150130 0.222001
vt 0.152274 0.235517
vt 0.282417 0.431911
vt 0.476655 0.387081
vt 0.339986 0.607429
vt 0.463344 0.387862
vt 0.482540 0.705031
vt 0.450018 0.386774
vt 0.501123 0.515871
vt 0.442174 0.385710
vt 0.466711 0.504100
vt 0.427353 0.385732
vt 0.068870 0.838131
vt 0.413343 0.387941
vt 0.267278 0.792661
vt 0.400350 0.388191
vt 0.513516 0.731045
vt 0.390929 0.386478
vt 0.530213 0.726427
vt 0.378174 0.387592
vt 0.512475 0.556984
vt 0.365419 0.387831
vt 0.225334 0.662893
vt 0.353344 0.385655
vt 0.522337 0.474429
vt 0.341421 0.387467
vt 0.174593 0.846262
vt 0.328575 0.387292
vt 0.184214 0.847957
vt 0.314869 0.385652
vt 0.570952 0.454755
vt 0.304489 0.388057
vt 0.572474 0.458303
vt 0.293758 0.387591
vt 0.603646 0.460982
vt 0.281297 0.387353
vt 0.603507 0.461305
vt 0.326303 0.376382
vt 0.330471 0.667972
vt 0.665468 0.314245
vt 0.657937 0.317997
vt 0.638596 0.319052
vt 0.621998 0.319541
vt 0.602086 0.320684
vt 0.588314 0.320226
vt 0.560593 0.320321
vt 0.553794 0.319198
vt 0.543327 0.315289
vt 0.527655 0.319180
vt 0.520487 0.315063
vt 0.506025 0.315871
vt 0.497440 0.318761
vt 0.280437 0.188763
vt 0.143849 0.074619
vt 0.143055 0.088307
vt 0.141627 0.102928
vt 0.141259 0.115745
vt 0.546918 0.494330
vt 0.430463 0.504812
vt 0.136350 0.151627
vt 0.137682 0.162552
vt 0.137427 0.174747
vt 0.137729 0.187649
vt 0.138312 0.199340
vt 0.140027 0.209686
vt 0.139919 0.222992
vt 0.139807 0.235335
vt 0.125506 0.311484
vt 0.477662 0.371778
vt 0.203047 0.651219
vt 0.462820 0.369572
vt 0.489839 0.525740
vt 0.447556 0.371099
vt 0.441837 0.373099
vt 0.498664 0.517676
vt 0.426446 0.374118
vt 0.378920 0.508517
vt 0.416498 0.374131
vt 0.194068 0.809493
vt 0.402382 0.375631
vt 0.365670 0.786296
vt 0.390332 0.374153
vt 0.236156 0.708288
vt 0.378288 0.373404
vt 0.191723 0.834809
vt 0.367220 0.374401
vt 0.139364 0.826691
vt 0.352976 0.374334
vt 0.492263 0.702302
vt 0.341709 0.373384
vt 0.363728 0.756184
vt 0.329910 0.373368
vt 0.327595 0.621042
vt 0.315254 0.374275
vt 0.196271 0.860510
vt 0.302982 0.372940
vt 0.292508 0.374851
vt 0.603333 0.475136
vt 0.277334 0.371738
vt 0.234673 0.859665
vt 0.383798 0.351529
vt 0.411296 0.764989
vt 0.672452 0.299271
vt 0.665332 0.302755
vt 0.652432 0.305926
vt 0.640611 0.304014
vt 0.614911 0.306034
vt 0.600647 0.306868
vt 0.590155 0.303453
vt 0.577759 0.304080
vt 0.568223 0.303645
vt 0.554154 0.302117
vt 0.547539 0.301794
vt 0.524078 0.299195
vt 0.514040 0.298807
vt 0.504017 0.299724
vt 0.497457 0.302694
vt 0.249342 0.163864
vt 0.131601 0.072898
vt 0.130534 0.087670
vt 0.129154 0.102538
vt 0.128865 0.115168
vt 0.476938 0.561930
vt 0.376619 0.452464
vt 0.125645 0.151257
vt 0.127149 0.162770
vt 0.127156 0.174828
vt 0.127657 0.188112
vt 0.127526 0.199068
vt 0.127398 0.210574
vt 0.128255 0.222188
vt 0.129551 0.237165
vt 0.126521 0.245289
vt 0.476143 0.362243
vt 0.132715 0.710388
vt 0.463281 0.362484
vt 0.491824 0.817101
vt 0.450878 0.361891
vt 0.437711 0.363470
vt 0.048722 0.867816
vt 0.423587 0.363301
vt 0.275744 0.642968
vt 0.413918 0.365185
vt 0.343505 0.712903
vt 0.400217 0.362210
vt 0.239641 0.792530
vt 0.389048 0.363403
vt 0.206989 0.748789
vt 0.376357 0.361679
vt 0.388153 0.889141
vt 0.364957 0.362599
vt 0.440935 0.814041
vt 0.352596 0.360419
vt 0.469709 0.876434
vt 0.339680 0.360164
vt 0.304088 0.631777
vt 0.329420 0.358893
vt 0.190973 0.872621
vt 0.317521 0.361515
vt 0.305847 0.360640
vt 0.212588 0.873729
vt 0.292642 0.361598
vt 0.474324 0.615120
vt 0.281667 0.363674
vt 0.481739 0.613956
vt 0.273027 0.366501
vt 0.494451 0.639257
vt 0.672430 0.290300
vt 0.667357 0.293811
vt 0.652184 0.291728
vt 0.637849 0.285903
vt 0.615548 0.294867
vt 0.602069 0.291931
vt 0.587763 0.284662
vt 0.579006 0.287653
vt 0.569174 0.285974
vt 0.554532 0.286199
vt 0.542227 0.289321
vt 0.529543 0.291919
vt 0.521931 0.290789
vt 0.504711 0.286650
vt 0.240081 0.158806
vt 0.117335 0.074166
vt 0.117545 0.088116
vt 0.115693 0.101166
vt 0.116568 0.111545
vt 0.372746 0.444467
vt 0.451730 0.557888
vt 0.114074 0.151417
vt 0.114141 0.163097
vt 0.114426 0.175302
vt 0.114805 0.187585
vt 0.115123 0.200989
vt 0.116531 0.210320
vt 0.115807 0.223520
vt 0.116585 0.237820
vt 0.118922 0.246171
vt 0.476616 0.348438
vt 0.284377 0.763284
vt 0.463254 0.348777
vt 0.031668 0.876704
vt 0.452290 0.351943
vt 0.428218 0.846392
vt 0.437805 0.349862
vt 0.268260 0.646120
vt 0.426443 0.349876
vt 0.062348 0.879408
vt 0.414445 0.349196
vt 0.306213 0.616946
vt 0.402132 0.349036
vt 0.309893 0.697826
vt 0.391945 0.351403
vt 0.098408 0.880277
vt 0.375336 0.347055
vt 0.196675 0.885427
vt 0.364758 0.351029
vt 0.286499 0.766405
vt 0.352039 0.349080
vt 0.347821 0.838075
vt 0.342461 0.347278
vt 0.330896 0.897967
vt 0.328693 0.349990
vt 0.334212 0.633470
vt 0.316464 0.348975
vt 0.203346 0.882579
vt 0.304748 0.348620
vt 0.288864 0.349036
vt 0.280763 0.347270
vt 0.236433 0.881640
vt 0.389932 0.325410
vt 0.246060 0.880685
vt 0.672385 0.273859
vt 0.665665 0.276263
vt 0.627098 0.273223
vt 0.614106 0.277883
vt 0.602279 0.277699
vt 0.594197 0.282604
vt 0.576321 0.277948
vt 0.567742 0.279628
vt 0.560071 0.278497
vt 0.547715 0.282979
vt 0.518171 0.278552
vt 0.505896 0.279452
vt 0.497484 0.281402
vt 0.231720 0.154579
vt 0.103898 0.074002
vt 0.103815 0.087333
vt 0.103957 0.101209
vt 0.103031 0.112915
vt 0.237318 0.292835
vt 0.234371 0.303109
vt 0.101944 0.151803
vt 0.103057 0.162705
vt 0.102793 0.175936
vt 0.102173 0.188522
vt 0.103605 0.200600
vt 0.104435 0.212306
vt 0.104055 0.224537
vt 0.104427 0.236210
vt 0.109495 0.246572
vt 0.479703 0.335579
vt 0.013346 0.888942
vt 0.462079 0.335037
vt 0.448939 0.341259
vt 0.432395 0.845981
vt 0.438032 0.335693
vt 0.432333 0.841073
vt 0.425829 0.336334
vt 0.416068 0.337141
vt 0.470704 0.465419
vt 0.403448 0.336359
vt 0.089426 0.891439
vt 0.392577 0.337235
vt 0.101384 0.895089
vt 0.379269 0.336493
vt 0.112946 0.897033
vt 0.365099 0.334877
vt 0.123687 0.898167
vt 0.351050 0.335269
vt 0.415454 0.844429
vt 0.341757 0.337712
vt 0.571737 0.814128
vt 0.328829 0.336206
vt 0.184272 0.896407
vt 0.315465 0.335765
vt 0.193077 0.893574
vt 0.306042 0.335146
vt 0.602935 0.511571
vt 0.292469 0.336938
vt 0.477499 0.641145
vt 0.276037 0.332600
vt 0.231057 0.900039
vt 0.267939 0.332747
vt 0.444697 0.773873
vt 0.666857 0.261568
vt 0.656443 0.261023
vt 0.638539 0.262184
vt 0.625116 0.259783
vt 0.615104 0.264655
vt 0.601233 0.265350
vt 0.589631 0.265609
vt 0.580127 0.263910
vt 0.565836 0.266168
vt 0.553435 0.266557
vt 0.545565 0.268509
vt 0.528922 0.264709
vt 0.514819 0.266226
vt 0.504733 0.264082
vt 0.248854 0.167211
vt 0.092424 0.073879
vt 0.092219 0.087076
vt 0.091615 0.099952
vt 0.092014 0.113368
vt 0.091380 0.126993
vt 0.091050 0.139734
vt 0.090615 0.151299
vt 0.090852 0.163386
vt 0.092198 0.176056
vt 0.091652 0.189299
vt 0.091923 0.200617
vt 0.092564 0.212482
vt 0.092736 0.225379
vt 0.094126 0.237466
vt 0.093089 0.247299
vt 0.474966 0.323285
vt 0.031005 0.769783
vt 0.459602 0.318868
vt 0.181995 0.856215
vt 0.447816 0.318159
vt 0.439140 0.324139
vt 0.043424 0.904833
vt 0.424622 0.326396
vt 0.415336 0.323056
vt 0.439448 0.837490
vt 0.402662 0.323813
vt 0.480405 0.462109
vt 0.393198 0.323447
vt 0.094228 0.911162
vt 0.381771 0.325686
vt 0.112936 0.908170
vt 0.367128 0.325499
vt 0.123264 0.910010
vt 0.352250 0.322818
vt 0.519112 0.571106
vt 0.341536 0.323803
vt 0.289333 0.493885
vt 0.330108 0.323663
vt 0.272067 0.633222
vt 0.315821 0.324637
vt 0.202283 0.904788
vt 0.301074 0.321319
vt 0.292862 0.322786
vt 0.220477 0.902440
vt 0.278921 0.325783
vt 0.391751 0.682014
vt 0.384130 0.303994
vt 0.423978 0.719658
vt 0.672374 0.248445
vt 0.664422 0.249941
vt 0.653555 0.246648
vt 0.636731 0.247996
vt 0.617058 0.249249
vt 0.594892 0.252176
vt 0.564872 0.254616
vt 0.553430 0.250783
vt 0.541808 0.253293
vt 0.530899 0.249361
vt 0.520521 0.252050
vt 0.500450 0.250050
vt 0.497521 0.257506
vt 0.283225 0.188669
vt 0.079695 0.073932
vt 0.276646 0.123113
vt 0.079862 0.100320
vt 0.079704 0.112679
vt 0.079690 0.124153
vt 0.080030 0.137406
vt 0.080038 0.151637
vt 0.080765 0.163293
vt 0.080970 0.176018
vt 0.080543 0.189583
vt 0.080968 0.201284
vt 0.080128 0.212493
vt 0.081524 0.225116
vt 0.082461 0.237230
vt 0.085223 0.247627
vt 0.475936 0.311598
vt 0.012942 0.911173
vt 0.464571 0.308354
vt 0.386147 0.676910
vt 0.449099 0.308721
vt 0.438399 0.310982
vt 0.044114 0.920480
vt 0.426980 0.311499
vt 0.439857 0.842220
vt 0.410325 0.308536
vt 0.073209 0.918589
vt 0.405328 0.307795
vt 0.086700 0.916437
vt 0.391231 0.309663
vt 0.094953 0.920876
vt 0.382128 0.312272
vt 0.112611 0.925402
vt 0.370168 0.311899
vt 0.115320 0.920444
vt 0.356542 0.311769
vt 0.130420 0.925860
vt 0.340834 0.312257
vt 0.465451 0.634791
vt 0.331080 0.309887
vt 0.185729 0.921162
vt 0.316435 0.313716
vt 0.198669 0.922419
vt 0.304396 0.310441
vt 0.212785 0.919771
vt 0.292064 0.309905
vt 0.222817 0.916270
vt 0.278957 0.310767
vt 0.478113 0.560338
vt 0.404775 0.283408
vt 0.465729 0.772223
vt 0.666083 0.237468
vt 0.653528 0.234321
vt 0.643879 0.241818
vt 0.627783 0.244841
vt 0.609186 0.244222
vt 0.569867 0.239031
vt 0.549853 0.241078
vt 0.532338 0.235278
vt 0.517285 0.237009
vt 0.506351 0.235011
vt 0.497546 0.233613
vt 0.222941 0.151583
vt 0.068254 0.073218
vt 0.067085 0.087770
vt 0.066815 0.099950
vt 0.068065 0.113628
vt 0.066963 0.124978
vt 0.067241 0.137235
vt 0.066127 0.151371
vt 0.067239 0.164277
vt 0.066103 0.175391
vt 0.067278 0.190090
vt 0.068046 0.201139
vt 0.094222 0.259646
vt 0.071577 0.224524
vt 0.069880 0.239430
vt 0.071547 0.247645
vt 0.475753 0.297007
vt 0.023870 0.775127
vt 0.462647 0.297767
vt 0.203035 0.800903
vt 0.450533 0.300979
vt 0.034737 0.922251
vt 0.443139 0.304024
vt 0.048137 0.923433
vt 0.426371 0.299916
vt 0.055274 0.927403
vt 0.412461 0.301462
vt 0.077460 0.929728
vt 0.397117 0.296257
vt 0.377133 0.293466
vt 0.104227 0.934687
vt 0.363212 0.297373
vt 0.344118 0.296620
vt 0.463284 0.922748
vt 0.329128 0.299585
vt 0.490736 0.915389
vt 0.314439 0.299068
vt 0.303116 0.299844
vt 0.213029 0.932388
vt 0.291373 0.298275
vt 0.528114 0.471309
vt 0.280777 0.297429
vt 0.531728 0.478417
vt 0.348425 0.283515
vt 0.543712 0.510096
vt 0.664924 0.224980
vt 0.654229 0.228531
vt 0.642694 0.229779
vt 0.631427 0.228546
vt 0.620606 0.224695
vt 0.602378 0.226126
vt 0.593444 0.228844
vt 0.572721 0.231098
vt 0.563788 0.230447
vt 0.555211 0.227367
vt 0.541752 0.227484
vt 0.525914 0.221749
vt 0.518154 0.225877
vt 0.503368 0.226544
vt 0.224062 0.152657
vt 0.054102 0.074112
vt 0.054049 0.086846
vt 0.054762 0.099040
vt 0.054683 0.111883
vt 0.054461 0.124746
vt 0.054925 0.138155
vt 0.054509 0.150838
vt 0.054775 0.164441
vt 0.055154 0.177097
vt 0.055425 0.189750
vt 0.055771 0.201523
vt 0.055867 0.213568
vt 0.119097 0.335073
vt 0.057486 0.237224
vt 0.057614 0.248832
vt 0.475965 0.287974
vt 0.016647 0.825639
vt 0.465881 0.286279
vt 0.202638 0.808582
vt 0.437043 0.283400
vt 0.040774 0.939856
vt 0.425021 0.286944
vt 0.058471 0.941696
vt 0.416022 0.290669
vt 0.280449 0.922729
vt 0.401753 0.281742
vt 0.086326 0.938676
vt 0.388196 0.291419
vt 0.389732 0.903103
vt 0.379099 0.283879
vt 0.111923 0.947151
vt 0.123815 0.949405
vt 0.351707 0.288431
vt 0.134576 0.943672
vt 0.497085 0.853494
vt 0.330388 0.287673
vt 0.543650 0.782259
vt 0.320044 0.287849
vt 0.543341 0.783076
vt 0.304235 0.286833
vt 0.216518 0.943192
vt 0.290449 0.287606
vt 0.283329 0.284329
vt 0.240387 0.948707
vt 0.369600 0.267486
vt 0.466511 0.788829
vt 0.669269 0.211097
vt 0.654013 0.213149
vt 0.640967 0.213828
vt 0.621661 0.209015
vt 0.612013 0.211271
vt 0.601648 0.209794
vt 0.594858 0.209803
vt 0.580927 0.214670
vt 0.563240 0.210201
vt 0.550559 0.211322
vt 0.544310 0.215425
vt 0.531497 0.210197
vt 0.517436 0.218557
vt 0.504827 0.216665
vt 0.262050 0.168237
vt 0.042799 0.073520
vt 0.042186 0.088007
vt 0.042450 0.101436
vt 0.040792 0.113712
vt 0.042387 0.126872
vt 0.042331 0.139124
vt 0.043134 0.152738
vt 0.043197 0.164042
vt 0.044236 0.177132
vt 0.044551 0.189999
vt 0.045478 0.202129
vt 0.045375 0.214589
vt 0.045634 0.226305
vt 0.045551 0.240170
vt 0.046098 0.249188
vt 0.475514 0.271306
vt 0.062915 0.821459
vt 0.461827 0.272207
vt 0.393973 0.704407
vt 0.453737 0.270942
vt 0.029413 0.957410
vt 0.439407 0.271943
vt 0.039287 0.958281
vt 0.427779 0.271698
vt 0.313475 0.755048
vt 0.415841 0.274301
vt 0.406213 0.272066
vt 0.393549 0.277274
vt 0.380707 0.271314
vt 0.109931 0.963027
vt 0.366315 0.275031
vt 0.353236 0.269812
vt 0.127796 0.966087
vt 0.330222 0.273525
vt 0.525463 0.783523
vt 0.314889 0.269794
vt 0.514197 0.594471
vt 0.304374 0.272765
vt 0.210834 0.952999
vt 0.294758 0.272756
vt 0.517736 0.483168
vt 0.280525 0.272015
vt 0.470940 0.638398
vt 0.415913 0.244221
vt 0.476968 0.671829
vt 0.664598 0.199036
vt 0.652319 0.199847
vt 0.636303 0.200031
vt 0.630584 0.196307
vt 0.614803 0.201061
vt 0.604138 0.198588
vt 0.595206 0.200095
vt 0.579484 0.199365
vt 0.568949 0.203106
vt 0.552692 0.200127
vt 0.542025 0.201933
vt 0.526665 0.198665
vt 0.517836 0.201373
vt 0.505586 0.200900
vt 0.194160 0.136228
vt 0.028799 0.073310
vt 0.029629 0.087962
vt 0.031236 0.100425
vt 0.031060 0.113053
vt 0.031290 0.125728
vt 0.030782 0.139905
vt 0.031952 0.152953
vt 0.029814 0.163090
vt 0.032431 0.176386
vt 0.033496 0.189018
vt 0.032052 0.201656
vt 0.034086 0.216697
vt 0.034968 0.227507
vt 0.033508 0.242743
vt 0.032670 0.248026
vt 0.476666 0.259338
vt 0.092457 0.830340
vt 0.463527 0.260542
vt 0.235639 0.856995
vt 0.455158 0.259979
vt 0.034458 0.965279
vt 0.438997 0.260935
vt 0.040566 0.968789
vt 0.427078 0.258687
vt 0.390539 0.490314
vt 0.418164 0.261468
vt 0.196626 0.707621
vt 0.406041 0.258668
vt 0.424685 0.719525
vt 0.380177 0.259030
vt 0.105459 0.968571
vt 0.363586 0.263115
vt 0.354671 0.256411
vt 0.126613 0.973405
vt 0.344497 0.265340
vt 0.331120 0.259376
vt 0.462195 0.817967
vt 0.315425 0.260370
vt 0.446518 0.741329
vt 0.303662 0.260873
vt 0.376252 0.845128
vt 0.293816 0.260390
vt 0.405873 0.779139
vt 0.281164 0.259710
vt 0.383865 0.840466
vt 0.420187 0.232286
vt 0.669083 0.186691
vt 0.501557 0.185951
vt 0.419118 0.617593
vt 0.662868 0.187386
vt 0.650769 0.188308
vt 0.639867 0.187342
vt 0.628745 0.187874
vt 0.614139 0.188856
vt 0.605239 0.188866
vt 0.592691 0.187540
vt 0.578682 0.188837
vt 0.567323 0.188165
vt 0.549691 0.188024
vt 0.538746 0.188934
vt 0.530712 0.186704
vt 0.515560 0.187477
vt 0.505840 0.188952
vt 0.022805 0.066341
vt 0.021218 0.073013
vt 0.020240 0.088430
vt 0.020097 0.099150
vt 0.020100 0.109592
vt 0.020650 0.126647
vt 0.021319 0.137377
vt 0.020926 0.152775
vt 0.021189 0.163355
vt 0.021896 0.179819
vt 0.022148 0.190381
vt 0.023496 0.202922
vt 0.023489 0.217170
vt 0.024646 0.228843
vt 0.026327 0.240470
vt 0.511068 0.231248
vt 0.598469 0.220742
vt 0.825582 0.282783
vt 0.772506 0.273340
vt 0.636128 0.249555
vt 0.804118 0.289414
vt 0.519760 0.238005
vt 0.551847 0.252126
vt 0.646806 0.272371
vt 0.669934 0.280771
vt 0.630250 0.279696
vt 0.620159 0.283669
vt 0.711016 0.301228
vt 0.603661 0.293829
vt 0.400898 0.278818
vt 0.189880 0.673555
vt 0.586908 0.267201
vt 0.284279 0.806496
vt 0.543202 0.261828
vt 0.204734 0.836966
vt 0.533579 0.264438
vt 0.046165 0.976758
vt 0.508244 0.264615
vt 0.477092 0.986772
vt 0.531864 0.274594
vt 0.533178 0.789166
vt 0.522600 0.276591
vt 0.369031 0.912961
vt 0.388834 0.249051
vt 0.271042 0.840291
vt 0.375248 0.247998
vt 0.104504 0.984046
vt 0.526014 0.291768
vt 0.255218 0.873891
vt 0.354314 0.248611
vt 0.387619 0.982430
vt 0.502813 0.301741
vt 0.305922 0.856676
vt 0.440967 0.285470
vt 0.517764 0.902401
vt 0.413740 0.281459
vt 0.491348 0.933668
vt 0.443401 0.296938
vt 0.477778 0.826479
vt 0.444610 0.304684
vt 0.441541 0.793906
vt 0.498227 0.331990
vt 0.392014 0.752976
vt 0.534994 0.298727
vt 0.796216 0.322528
vt 0.759606 0.295074
vt 0.748682 0.295111
vt 0.736075 0.294006
vt 0.693052 0.263665
vt 0.709682 0.294553
vt 0.654495 0.245086
vt 0.685331 0.294608
vt 0.672923 0.294076
vt 0.637304 0.263849
vt 0.594831 0.233789
vt 0.592179 0.246405
vt 0.633194 0.306968
vt 0.595680 0.279498
vt 0.488896 0.663801
vt 0.659143 0.181357
vt 0.652028 0.179849
vt 0.634338 0.179845
vt 0.627733 0.175257
vt 0.615805 0.178334
vt 0.597325 0.178382
vt 0.590804 0.179132
vt 0.576478 0.178391
vt 0.559075 0.175342
vt 0.546940 0.179940
vt 0.529347 0.179972
vt 0.516949 0.180011
vt 0.510557 0.181530
vt 0.986829 0.326036
vt 0.974965 0.324450
vt 0.962093 0.324354
vt 0.949919 0.324909
vt 0.935836 0.324691
vt 0.922696 0.324780
vt 0.912904 0.324755
vt 0.899779 0.324572
vt 0.873766 0.324609
vt 0.863269 0.324103
vt 0.850393 0.324600
vt 0.838726 0.324219
vt 0.826000 0.325277
vt 0.819122 0.326358
vt 0.993380 0.332585
vt 0.988960 0.332412
vt 0.973031 0.332784
vt 0.960353 0.332312
vt 0.951043 0.332866
vt 0.936829 0.333761
vt 0.929146 0.334927
vt 0.915719 0.333248
vt 0.900612 0.332560
vt 0.888583 0.336985
vt 0.875217 0.333511
vt 0.862310 0.332805
vt 0.850431 0.334355
vt 0.838162 0.334874
vt 0.824977 0.332266
vt 0.818658 0.331576
vt 0.994946 0.342782
vt 0.985610 0.342448
vt 0.976342 0.345936
vt 0.961228 0.345178
vt 0.949548 0.345983
vt 0.935594 0.347672
vt 0.929868 0.345426
vt 0.910068 0.346570
vt 0.899214 0.347087
vt 0.888004 0.347734
vt 0.873157 0.344770
vt 0.861181 0.344332
vt 0.850479 0.348574
vt 0.840341 0.347108
vt 0.824113 0.344699
vt 0.818145 0.342605
vt 0.995108 0.358114
vt 0.984201 0.358142
vt 0.972655 0.358901
vt 0.962057 0.361151
vt 0.950798 0.359281
vt 0.938388 0.356890
vt 0.926776 0.358670
vt 0.910203 0.360622
vt 0.899230 0.358203
vt 0.837749 0.440634
vt 0.876085 0.360940
vt 0.864430 0.359765
vt 0.853003 0.361657
vt 0.839362 0.358762
vt 0.824805 0.358850
vt 0.817176 0.357548
vt 0.996063 0.373266
vt 0.986006 0.373286
vt 0.974929 0.373490
vt 0.960514 0.372131
vt 0.947763 0.370142
vt 0.940136 0.370397
vt 0.929882 0.366035
vt 0.910932 0.372422
vt 0.899129 0.371688
vt 0.888756 0.369456
vt 0.876367 0.373720
vt 0.864451 0.372866
vt 0.852479 0.370451
vt 0.839085 0.371026
vt 0.826939 0.369908
vt 0.816997 0.366528
vt 0.995233 0.385619
vt 0.985308 0.384982
vt 0.972258 0.384908
vt 0.958584 0.381553
vt 0.948491 0.387927
vt 0.932043 0.386632
vt 0.928642 0.382329
vt 0.911421 0.384532
vt 0.899286 0.384348
vt 0.885914 0.384440
vt 0.875905 0.384454
vt 0.863930 0.384845
vt 0.849933 0.384736
vt 0.840166 0.384745
vt 0.825818 0.384074
vt 0.817008 0.384496
vt 0.994470 0.400035
vt 0.988115 0.396677
vt 0.974417 0.395386
vt 0.961549 0.398023
vt 0.950647 0.400844
vt 0.937192 0.398049
vt 0.924593 0.395950
vt 0.912981 0.395640
vt 0.902729 0.393031
vt 0.887359 0.397262
vt 0.871993 0.403178
vt 0.862337 0.399072
vt 0.852326 0.396088
vt 0.839638 0.397502
vt 0.827087 0.398502
vt 0.816518 0.396669
vt 0.996951 0.408271
vt 0.986418 0.411520
vt 0.971573 0.409432
vt 0.962097 0.410816
vt 0.948423 0.412547
vt 0.935995 0.408722
vt 0.923482 0.407987
vt 0.910968 0.408000
vt 0.902565 0.408196
vt 0.884787 0.415472
vt 0.877360 0.407290
vt 0.864529 0.409777
vt 0.851983 0.411438
vt 0.841733 0.411074
vt 0.830533 0.415952
vt 0.819041 0.408469
vt 0.994503 0.421481
vt 0.985003 0.428891
vt 0.976234 0.423658
vt 0.960324 0.425546
vt 0.948285 0.423562
vt 0.938274 0.423323
vt 0.913529 0.422787
vt 0.900614 0.421865
vt 0.893465 0.422997
vt 0.860581 0.428652
vt 0.851277 0.420613
vt 0.841747 0.425429
vt 0.825770 0.423697
vt 0.817107 0.428702
vt 0.996242 0.438617
vt 0.986441 0.437036
vt 0.970700 0.431528
vt 0.965344 0.439772
vt 0.952943 0.434042
vt 0.937451 0.436523
vt 0.925176 0.436192
vt 0.910635 0.433836
vt 0.900450 0.437030
vt 0.891096 0.437352
vt 0.880340 0.436209
vt 0.862914 0.436605
vt 0.849685 0.436030
vt 0.840282 0.438115
vt 0.823398 0.437872
vt 0.816829 0.431700
vt 0.993632 0.449112
vt 0.983592 0.451368
vt 0.973816 0.450751
vt 0.967138 0.447260
vt 0.950810 0.447773
vt 0.933709 0.451035
vt 0.923520 0.450952
vt 0.909938 0.452182
vt 0.901358 0.452316
vt 0.888918 0.450856
vt 0.864321 0.447367
vt 0.851311 0.449183
vt 0.840764 0.449741
vt 0.825681 0.451295
vt 0.817141 0.449780
vt 0.995348 0.464101
vt 0.988251 0.458860
vt 0.970721 0.461675
vt 0.946590 0.462253
vt 0.926391 0.462928
vt 0.914772 0.461349
vt 0.900741 0.460801
vt 0.888645 0.463061
vt 0.878314 0.462136
vt 0.862050 0.460596
vt 0.851329 0.462109
vt 0.835362 0.461390
vt 0.825588 0.463063
vt 0.818007 0.460643
vt 0.996306 0.472341
vt 0.984452 0.473022
vt 0.975965 0.475466
vt 0.951693 0.474226
vt 0.934980 0.471622
vt 0.926760 0.474376
vt 0.911746 0.472895
vt 0.897628 0.473908
vt 0.883509 0.474298
vt 0.876897 0.475427
vt 0.864997 0.475439
vt 0.851707 0.475457
vt 0.839198 0.473235
vt 0.817114 0.476904
vt 0.996430 0.490886
vt 0.986265 0.486669
vt 0.973580 0.490683
vt 0.963580 0.486382
vt 0.950720 0.489197
vt 0.937856 0.488900
vt 0.922129 0.489231
vt 0.912472 0.484001
vt 0.904968 0.486630
vt 0.882088 0.483283
vt 0.874227 0.485536
vt 0.867079 0.485542
vt 0.855566 0.493222
vt 0.838032 0.485022
vt 0.823495 0.482440
vt 0.995019 0.501565
vt 0.986425 0.498923
vt 0.972862 0.501898
vt 0.961447 0.504147
vt 0.946982 0.502671
vt 0.936793 0.497260
vt 0.924716 0.500009
vt 0.913023 0.498228
vt 0.905692 0.495990
vt 0.887281 0.497318
vt 0.877809 0.498634
vt 0.864231 0.501758
vt 0.852446 0.502012
vt 0.838294 0.499535
vt 0.825683 0.498324
vt 0.816726 0.498837
vt 0.994889 0.511126
vt 0.987545 0.511613
vt 0.973579 0.512725
vt 0.961700 0.515359
vt 0.947178 0.513645
vt 0.933238 0.510553
vt 0.922692 0.510383
vt 0.912624 0.512335
vt 0.899633 0.515472
vt 0.891759 0.510610
vt 0.874834 0.510490
vt 0.863513 0.513730
vt 0.850190 0.509237
vt 0.837478 0.511353
vt 0.827390 0.510629
vt 0.817724 0.512127
vt 0.993140 0.522768
vt 0.986481 0.524719
vt 0.973702 0.524667
vt 0.959628 0.524039
vt 0.948632 0.524815
vt 0.935939 0.522150
vt 0.925757 0.524869
vt 0.914457 0.525493
vt 0.901003 0.527316
vt 0.889263 0.525225
vt 0.876379 0.524104
vt 0.865286 0.525965
vt 0.852493 0.526378
vt 0.838767 0.525633
vt 0.826145 0.525968
vt 0.819182 0.525674
vt 0.984917 0.532428
vt 0.975882 0.534817
vt 0.962660 0.536134
vt 0.952111 0.535590
vt 0.934621 0.537790
vt 0.922210 0.536614
vt 0.912726 0.537662
vt 0.902636 0.533754
vt 0.891770 0.536561
vt 0.875292 0.536073
vt 0.862285 0.535465
vt 0.851303 0.536853
vt 0.839703 0.535166
vt 0.827088 0.534611
usemtl Material
f 453/453 387/387 452/452
f 388/388 387/387 453/453
f 452/452 387/387 451/451
f 516/516 455/455 454/454
f 515/515 454/454 514/514
f 454/454 453/453 514/514
f 516/516 454/454 515/515
f 309/309 324/324 386/386
f 310/310 324/324 309/309
f 385/385 323/323 401/401
f 308/308 323/323 385/385
f 310/310 309/309 386/386
f 387/387 310/310 386/386
f 388/388 310/310 387/387
f 390/390 389/389 454/454
f 387/387 386/386 451/451
f 514/514 453/453 513/513
f 453/453 452/452 513/513
f 580/580 516/516 579/579
f 578/578 515/515 577/577
f 515/515 514/514 577/577
f 579/579 516/516 578/578
f 516/516 515/515 578/578
f 511/511 510/510 573/573
f 574/574 511/511 573/573
f 576/576 513/513 575/575
f 646/646 578/578 577/577
f 579/579 578/578 646/646
f 648/648 580/580 647/647
f 580/580 579/579 647/647
f 650/650 582/582 649/649
f 582/582 581/581 649/649
f 642/642 574/574 641/641
f 574/574 573/573 641/641
f 644/644 576/576 643/643
f 576/576 575/575 643/643
f 644/644 645/645 577/577
f 704/704 646/646 703/703
f 646/646 645/645 703/703
f 706/706 648/648 705/705
f 648/648 647/647 705/705
f 707/707 649/649 706/706
f 649/649 648/648 706/706
f 701/701 643/643 700/700
f 643/643 642/642 700/700
f 702/702 644/644 701/701
f 644/644 643/643 701/701
f 645/645 644/644 702/702
f 703/703 645/645 702/702
f 767/767 705/705 704/704
f 765/765 703/703 764/764
f 703/703 702/702 764/764
f 769/769 707/707 768/768
f 707/707 706/706 768/768
f 770/770 708/708 769/769
f 708/708 707/707 769/769
f 762/762 700/700 761/761
f 829/829 763/763 828/828
f 763/763 762/762 828/828
f 765/765 764/764 831/831
f 832/832 766/766 831/831
f 766/766 765/765 831/831
f 769/769 834/834 835/835
f 830/830 764/764 829/829
f 764/764 763/763 829/829
f 897/897 832/832 896/896
f 832/832 831/831 896/896
f 898/898 833/833 897/897
f 833/833 832/832 897/897
f 899/899 834/834 898/898
f 834/834 833/833 898/898
f 900/900 835/835 899/899
f 835/835 834/834 899/899
f 955/955 894/894 893/893
f 958/958 896/896 957/957
f 896/896 895/895 957/957
f 959/959 897/897 958/958
f 897/897 896/896 958/958
f 956/956 894/894 955/955
f 1022/1022 959/959 1021/1021
f 959/959 958/958 1021/1021
f 1025/1025 962/962 1024/1024
f 962/962 961/961 1024/1024
f 1086/1086 1019/1019 1085/1085
f 1019/1019 1018/1018 1085/1085
f 1088/1088 1021/1021 1087/1087
f 1024/1024 1023/1023 1090/1090
f 1092/1092 1025/1025 1091/1091
f 1025/1025 1024/1024 1091/1091
f 1087/1087 1020/1020 1086/1086
f 1020/1020 1019/1019 1086/1086
f 1091/1091 1024/1024 1090/1090
f 1152/1152 1090/1090 1151/1151
f 1090/1090 1089/1089 1151/1151
f 1213/1213 1149/1149 1212/1212
f 1150/1150 1149/1149 1213/1213
f 1214/1214 1151/1151 1213/1213
f 1151/1151 1150/1150 1213/1213
f 1216/1216 1153/1153 1215/1215
f 1153/1153 1152/1152 1215/1215
f 1212/1212 1148/1148 1211/1211
f 1214/1214 1213/1213 1277/1277
f 1278/1278 1214/1214 1277/1277
f 1280/1280 1216/1216 1279/1279
f 1216/1216 1215/1215 1279/1279
f 1339/1339 1278/1278 1338/1338
f 1278/1278 1277/1277 1338/1338
f 1279/1279 1278/1278 1339/1339
f 1341/1341 1280/1280 1340/1340
f 1280/1280 1279/1279 1340/1340
f 1340/1340 1279/1279 1339/1339
f 1404/1404 1339/1339 1403/1403
f 1339/1339 1338/1338 1403/1403
f 1405/1405 1340/1340 1404/1404
f 1340/1340 1339/1339 1404/1404
f 1406/1406 1341/1341 1405/1405
f 1341/1341 1340/1340 1405/1405
f 1466/1466 1406/1406 1465/1465
f 1406/1406 1405/1405 1465/1465
f 1463/1463 1462/1462 1519/1519
f 1520/1520 1463/1463 1519/1519
f 1521/1521 1464/1464 1520/1520
f 1464/1464 1463/1463 1520/1520
f 1522/1522 1464/1464 1521/1521
f 1523/1523 1466/1466 1522/1522
f 1466/1466 1465/1465 1522/1522
f 1582/1582 1521/1521 1581/1581
f 1521/1521 1520/1520 1581/1581
f 1649/1649 1582/1582 1648/1648
f 1582/1582 1581/1581 1648/1648
f 1650/1650 1583/1583 1649/1649
f 1583/1583 1582/1582 1649/1649
f 324/324 323/323 308/308
f 399/399 322/322 321/321
f 400/400 322/322 399/399
f 401/401 323/323 322/322
f 401/401 322/322 400/400
f 385/385 324/324 308/308
f 386/386 324/324 385/385
f 385/385 401/401 400/400
f 385/385 400/400 384/384
f 454/454 388/388 453/453
f 454/454 389/389 388/388
f 456/456 390/390 455/455
f 449/449 385/385 384/384
f 450/450 385/385 449/449
f 451/451 386/386 385/385
f 451/451 385/385 450/450
f 455/455 390/390 454/454
f 519/519 458/458 457/457
f 519/519 457/457 518/518
f 513/513 452/452 451/451
f 513/513 451/451 512/512
f 516/516 456/456 455/455
f 511/511 450/450 449/449
f 511/511 449/449 510/510
f 451/451 450/450 511/511
f 517/517 456/456 516/516
f 518/518 457/457 456/456
f 518/518 456/456 517/517
f 512/512 451/451 511/511
f 580/580 517/517 516/516
f 581/581 518/518 517/517
f 581/581 517/517 580/580
f 519/519 518/518 581/581
f 575/575 512/512 511/511
f 575/575 511/511 574/574
f 575/575 513/513 512/512
f 577/577 514/514 513/513
f 577/577 513/513 576/576
f 582/582 519/519 581/581
f 575/575 574/574 642/642
f 577/577 576/576 644/644
f 645/645 646/646 577/577
f 647/647 579/579 646/646
f 649/649 581/581 580/580
f 649/649 580/580 648/648
f 643/643 575/575 642/642
f 643/643 642/642 574/574
f 643/643 574/574 642/642
f 705/705 647/647 646/646
f 705/705 646/646 704/704
f 700/700 642/642 641/641
f 700/700 641/641 699/699
f 766/766 704/704 703/703
f 766/766 703/703 765/765
f 767/767 704/704 766/766
f 768/768 706/706 705/705
f 768/768 705/705 767/767
f 763/763 701/701 700/700
f 763/763 700/700 762/762
f 763/763 702/702 701/701
f 764/764 702/702 763/763
f 834/834 768/768 767/767
f 769/769 768/768 834/834
f 831/831 764/764 830/830
f 833/833 767/767 766/766
f 833/833 766/766 832/832
f 834/834 767/767 833/833
f 896/896 831/831 830/830
f 896/896 830/830 895/895
f 894/894 829/829 828/828
f 894/894 828/828 893/893
f 895/895 830/830 829/829
f 895/895 829/829 894/894
f 962/962 900/900 899/899
f 960/960 897/897 959/959
f 960/960 898/898 897/897
f 961/961 899/899 898/898
f 961/961 898/898 960/960
f 962/962 899/899 961/961
f 957/957 895/895 894/894
f 957/957 894/894 956/956
f 1020/1020 957/957 956/956
f 1021/1021 958/958 957/957
f 1023/1023 960/960 959/959
f 1023/1023 959/959 1022/1022
f 1024/1024 961/961 960/960
f 1024/1024 960/960 1023/1023
f 1020/1020 1021/1021 957/957
f 1020/1020 956/956 1019/1019
f 1021/1021 1020/1020 1087/1087
f 1089/1089 1022/1022 1021/1021
f 1089/1089 1021/1021 1088/1088
f 1090/1090 1023/1023 1022/1022
f 1090/1090 1022/1022 1089/1089
f 1149/1149 1087/1087 1086/1086
f 1149/1149 1086/1086 1148/1148
f 1150/1150 1088/1088 1087/1087
f 1150/1150 1089/1089 1088/1088
f 1151/1151 1089/1089 1150/1150
f 1153/1153 1091/1091 1090/1090
f 1153/1153 1090/1090 1152/1152
f 1150/1150 1087/1087 1149/1149
f 1212/1212 1149/1149 1148/1148
f 1215/1215 1152/1152 1151/1151
f 1215/1215 1151/1151 1214/1214
f 1275/1275 1212/1212 1211/1211
f 1277/1277 1213/1213 1212/1212
f 1277/1277 1212/1212 1276/1276
f 1279/1279 1215/1215 1214/1214
f 1279/1279 1214/1214 1278/1278
f 1275/1275 1276/1276 1212/1212
f 1277/1277 1276/1276 1337/1337
f 1338/1338 1277/1277 1337/1337
f 1403/1403 1338/1338 1337/1337
f 1403/1403 1337/1337 1402/1402
f 1463/1463 1403/1403 1402/1402
f 1463/1463 1402/1402 1462/1462
f 1464/1464 1404/1404 1403/1403
f 1464/1464 1403/1403 1463/1463
f 1464/1464 1405/1405 1404/1404
f 1465/1465 1405/1405 1464/1464
f 1522/1522 1465/1465 1464/1464
f 1583/1583 1522/1522 1521/1521
f 1583/1583 1521/1521 1582/1582
f 384/384 400/400 449/449
f 400/400 399/399 464/464
f 449/449 400/400 464/464
f 448/448 449/449 464/464
f 509/509 448/448 525/525
f 448/448 464/464 525/525
f 449/449 448/448 509/509
f 510/510 449/449 509/509
f 525/525 524/524 588/588
f 509/509 525/525 588/588
f 572/572 509/509 588/588
f 572/572 588/588 656/656
f 573/573 572/572 640/640
f 641/641 573/573 640/640
f 572/572 656/656 640/640
f 700/700 699/699 761/761
f 760/760 698/698 776/776
f 698/698 714/714 776/776
f 761/761 698/698 760/760
f 761/761 699/699 698/698
f 760/760 776/776 775/775
f 776/776 760/760 775/775
f 827/827 761/761 760/760
f 828/828 762/762 827/827
f 762/762 761/761 827/827
f 826/826 760/760 842/842
f 760/760 776/776 842/842
f 891/891 826/826 841/841
f 891/891 841/841 906/906
f 1017/1017 954/954 1016/1016
f 954/954 953/953 1016/1016
f 1018/1018 955/955 1017/1017
f 955/955 954/954 1017/1017
f 1015/1015 968/968 1031/1031
f 1016/1016 953/953 1015/1015
f 953/953 968/968 1015/1015
f 1083/1083 1017/1017 1016/1016
f 1082/1082 1015/1015 1031/1031
f 1017/1017 1083/1083 1084/1084
f 1085/1085 1018/1018 1084/1084
f 1018/1018 1017/1017 1084/1084
f 1082/1082 1031/1031 1098/1098
f 1086/1086 1085/1085 1147/1147
f 1145/1145 1083/1083 1098/1098
f 1148/1148 1086/1086 1147/1147
f 1144/1144 1098/1098 1160/1160
f 1145/1145 1098/1098 1144/1144
f 1217/1217 1154/1154 1216/1216
f 1154/1154 1153/1153 1216/1216
f 1210/1210 1147/1147 1209/1209
f 1147/1147 1146/1146 1209/1209
f 1211/1211 1148/1148 1210/1210
f 1148/1148 1147/1147 1210/1210
f 1207/1207 1144/1144 1160/1160
f 1208/1208 1145/1145 1207/1207
f 1145/1145 1144/1144 1207/1207
f 1211/1211 1210/1210 1275/1275
f 1275/1275 1210/1210 1274/1274
f 1281/1281 1217/1217 1280/1280
f 1217/1217 1216/1216 1280/1280
f 1272/1272 1208/1208 1271/1271
f 1273/1273 1272/1272 1333/1333
f 1337/1337 1276/1276 1336/1336
f 1276/1276 1275/1275 1336/1336
f 1281/1281 1280/1280 1341/1341
f 1342/1342 1281/1281 1341/1341
f 1335/1335 1274/1274 1334/1334
f 1274/1274 1273/1273 1334/1334
f 1397/1397 1332/1332 1348/1348
f 1398/1398 1333/1333 1397/1397
f 1333/1333 1332/1332 1397/1397
f 1401/1401 1400/1400 1460/1460
f 1461/1461 1401/1401 1460/1460
f 1457/1457 1397/1397 1473/1473
f 1517/1517 1460/1460 1459/1459
f 1518/1518 1461/1461 1517/1517
f 1461/1461 1460/1460 1517/1517
f 1519/1519 1462/1462 1518/1518
f 1462/1462 1461/1461 1518/1518
f 1516/1516 1459/1459 1515/1515
f 1459/1459 1458/1458 1515/1515
f 1517/1517 1459/1459 1516/1516
f 1518/1518 1517/1517 1578/1578
f 1579/1579 1518/1518 1578/1578
f 1580/1580 1519/1519 1579/1579
f 1578/1578 1517/1517 1577/1577
f 1517/1517 1516/1516 1577/1577
f 1645/1645 1578/1578 1577/1577
f 1647/1647 1580/1580 1646/1646
f 1580/1580 1579/1579 1646/1646
f 1644/1644 1577/1577 1643/1643
f 1577/1577 1576/1576 1643/1643
f 1650/1650 1649/1649 1705/1705
f 1707/1707 1650/1650 1706/1706
f 1775/1775 1708/1708 1774/1774
f 1708/1708 1707/1707 1774/1774
f 1771/1771 1704/1704 1770/1770
f 1704/1704 1703/1703 1770/1770
f 1767/1767 1700/1700 1766/1766
f 1700/1700 1699/1699 1766/1766
f 1834/1834 1773/1773 1833/1833
f 1773/1773 1772/1772 1833/1833
f 1831/1831 1770/1770 1830/1830
f 1770/1770 1769/1769 1830/1830
f 1832/1832 1770/1770 1831/1831
f 1836/1836 1775/1775 1835/1835
f 1775/1775 1774/1774 1835/1835
f 1828/1828 1767/1767 1827/1827
f 1767/1767 1766/1766 1827/1827
f 1829/1829 1767/1767 1828/1828
f 1834/1834 1833/1833 1896/1896
f 1898/1898 1835/1835 1834/1834
f 1892/1892 1829/1829 1891/1891
f 1829/1829 1828/1828 1891/1891
f 1832/1832 1831/1831 1895/1895
f 1895/1895 1831/1831 1894/1894
f 1899/1899 1898/1898 1959/1959
f 1953/1953 1891/1891 1952/1952
f 1892/1892 1891/1891 1953/1953
f 1895/1895 1894/1894 1955/1955
f 1896/1896 1895/1895 1956/1956
f 1958/1958 1896/1896 1957/1957
f 1897/1897 1896/1896 1958/1958
f 1898/1898 1897/1897 1958/1958
f 1959/1959 1898/1898 1958/1958
f 2023/2023 1959/1959 1958/1958
f 2023/2023 1958/1958 2022/2022
f 2020/2020 1956/1956 2019/2019
f 1956/1956 1955/1955 2019/2019
f 2021/2021 1957/1957 2020/2020
f 1957/1957 1956/1956 2020/2020
f 2022/2022 1958/1958 2021/2021
f 1958/1958 1957/1957 2021/2021
f 2016/2016 1951/1951 2015/2015
f 1952/1952 1951/1951 2016/2016
f 2089/2089 2023/2023 2022/2022
f 2017/2017 2016/2016 2082/2082
f 2083/2083 2017/2017 2082/2082
f 2086/2086 2019/2019 2085/2085
f 2088/2088 2022/2022 2087/2087
f 2022/2022 2021/2021 2087/2087
f 2147/2147 2085/2085 2146/2146
f 2085/2085 2084/2084 2146/2146
f 2150/2150 2087/2087 2149/2149
f 2088/2088 2087/2087 2150/2150
f 2146/2146 2084/2084 2145/2145
f 2084/2084 2083/2083 2145/2145
f 2149/2149 2087/2087 2148/2148
f 2087/2087 2086/2086 2148/2148
f 2082/2082 2081/2081 2143/2143
f 2210/2210 2148/2148 2209/2209
f 2212/2212 2150/2150 2211/2211
f 2150/2150 2149/2149 2211/2211
f 2206/2206 2144/2144 2205/2205
f 2207/2207 2145/2145 2206/2206
f 2145/2145 2144/2144 2206/2206
f 2209/2209 2147/2147 2208/2208
f 2147/2147 2146/2146 2208/2208
f 2207/2207 2206/2206 2271/2271
f 2211/2211 2210/2210 2274/2274
f 2275/2275 2211/2211 2274/2274
f 2212/2212 2211/2211 2275/2275
f 2271/2271 2206/2206 2270/2270
f 2272/2272 2208/2208 2271/2271
f 2208/2208 2207/2207 2271/2271
f 2273/2273 2209/2209 2272/2272
f 2209/2209 2208/2208 2272/2272
f 2274/2274 2210/2210 2273/2273
f 2210/2210 2209/2209 2273/2273
f 2335/2335 2273/2273 2334/2334
f 2337/2337 2276/2276 2275/2275
f 2333/2333 2272/2272 2332/2332
f 2272/2272 2271/2271 2332/2332
f 2334/2334 2272/2272 2333/2333
f 2334/2334 2273/2273 2272/2272
f 2336/2336 2274/2274 2335/2335
f 2401/2401 2336/2336 2400/2400
f 2336/2336 2335/2335 2400/2400
f 2397/2397 2332/2332 2396/2396
f 2332/2332 2331/2331 2396/2396
f 2458/2458 2398/2398 2397/2397
f 2461/2461 2402/2402 2401/2401
f 2457/2457 2397/2397 2456/2456
f 2458/2458 2397/2397 2457/2457
f 2459/2459 2399/2399 2458/2458
f 2399/2399 2398/2398 2458/2458
f 2462/2462 2402/2402 2461/2461
f 2400/2400 2399/2399 2460/2460
f 2460/2460 2459/2459 2528/2528
f 2530/2530 2461/2461 2529/2529
f 2531/2531 2462/2462 2461/2461
f 2460/2460 2528/2528 2529/2529
f 2531/2531 2461/2461 2530/2530
f 2586/2586 2529/2529 2585/2585
f 2529/2529 2528/2528 2585/2585
f 2531/2531 2530/2530 2587/2587
f 2527/2527 2526/2526 2583/2583
f 2584/2584 2527/2527 2583/2583
f 2653/2653 2586/2586 2585/2585
f 2655/2655 2587/2587 2654/2654
f 2587/2587 2586/2586 2654/2654
f 2718/2718 2654/2654 2717/2717
f 2654/2654 2653/2653 2717/2717
f 2717/2717 2653/2653 2716/2716
f 2782/2782 2718/2718 2781/2781
f 2718/2718 2717/2717 2781/2781
f 2783/2783 2719/2719 2782/2782
f 2719/2719 2718/2718 2782/2782
f 2844/2844 2780/2780 2843/2843
f 2845/2845 2781/2781 2844/2844
f 2781/2781 2780/2780 2844/2844
f 2847/2847 2783/2783 2846/2846
f 2783/2783 2782/2782 2846/2846
f 2848/2848 2784/2784 2847/2847
f 2784/2784 2783/2783 2847/2847
f 2847/2847 2846/2846 2909/2909
f 2970/2970 2910/2910 2969/2969
f 2910/2910 2909/2909 2969/2969
f 2970/2970 2969/2969 3033/3033
f 3034/3034 2970/2970 3033/3033
f 3032/3032 2967/2967 3031/3031
f 3097/3097 3032/3032 3096/3096
f 3032/3032 3031/3031 3096/3096
f 3033/3033 3032/3032 3098/3098
f 3099/3099 3034/3034 3098/3098
f 3034/3034 3033/3033 3098/3098
f 3158/3158 3098/3098 3157/3157
f 3098/3098 3097/3097 3157/3157
f 3223/3223 3158/3158 3222/3222
f 3158/3158 3157/3157 3222/3222
f 3288/3288 3223/3223 3222/3222
f 3352/3352 3288/3288 3287/3287
f 3352/3352 3287/3287 3351/3351
f 588/588 524/524 587/587
f 573/573 510/510 509/509
f 573/573 509/509 572/572
f 588/588 587/587 655/655
f 656/656 588/588 655/655
f 714/714 656/656 655/655
f 714/714 655/655 713/713
f 698/698 640/640 656/656
f 698/698 656/656 714/714
f 699/699 641/641 640/640
f 699/699 640/640 698/698
f 776/776 714/714 713/713
f 776/776 713/713 775/775
f 826/826 827/827 760/760
f 842/842 776/776 775/775
f 842/842 775/775 841/841
f 826/826 842/842 841/841
f 901/901 836/836 835/835
f 893/893 828/828 827/827
f 893/893 827/827 892/892
f 891/891 892/892 827/827
f 891/891 827/827 826/826
f 954/954 892/892 953/953
f 955/955 893/893 892/892
f 955/955 892/892 954/954
f 953/953 891/891 906/906
f 953/953 892/892 891/891
f 953/953 906/906 968/968
f 956/956 1018/1018 1019/1019
f 956/956 955/955 1018/1018
f 1083/1083 1016/1016 1015/1015
f 1083/1083 1015/1015 1082/1082
f 1093/1093 1025/1025 1092/1092
f 1083/1083 1082/1082 1098/1098
f 1154/1154 1092/1092 1091/1091
f 1154/1154 1091/1091 1153/1153
f 1146/1146 1084/1084 1083/1083
f 1146/1146 1083/1083 1145/1145
f 1147/1147 1085/1085 1084/1084
f 1147/1147 1084/1084 1146/1146
f 1208/1208 1146/1146 1145/1145
f 1209/1209 1146/1146 1208/1208
f 1271/1271 1207/1207 1223/1223
f 1208/1208 1207/1207 1271/1271
f 1273/1273 1209/1209 1208/1208
f 1273/1273 1208/1208 1272/1272
f 1274/1274 1209/1209 1273/1273
f 1274/1274 1210/1210 1209/1209
f 1332/1332 1271/1271 1287/1287
f 1333/1333 1272/1272 1271/1271
f 1333/1333 1271/1271 1332/1332
f 1336/1336 1275/1275 1274/1274
f 1336/1336 1274/1274 1335/1335
f 1334/1334 1273/1273 1333/1333
f 1401/1401 1336/1336 1335/1335
f 1401/1401 1335/1335 1400/1400
f 1402/1402 1337/1337 1336/1336
f 1402/1402 1336/1336 1401/1401
f 1407/1407 1342/1342 1341/1341
f 1407/1407 1341/1341 1406/1406
f 1399/1399 1333/1333 1398/1398
f 1399/1399 1334/1334 1333/1333
f 1400/1400 1335/1335 1334/1334
f 1400/1400 1334/1334 1399/1399
f 1462/1462 1402/1402 1401/1401
f 1462/1462 1401/1401 1461/1461
f 1467/1467 1407/1407 1406/1406
f 1467/1467 1406/1406 1466/1466
f 1458/1458 1399/1399 1398/1398
f 1459/1459 1399/1399 1458/1458
f 1459/1459 1400/1400 1399/1399
f 1458/1458 1398/1398 1397/1397
f 1458/1458 1397/1397 1457/1457
f 1460/1460 1400/1400 1459/1459
f 1467/1467 1466/1466 1524/1524
f 1523/1523 1524/1524 1466/1466
f 1577/1577 1516/1516 1515/1515
f 1577/1577 1515/1515 1576/1576
f 1579/1579 1519/1519 1518/1518
f 1520/1520 1519/1519 1580/1580
f 1584/1584 1523/1523 1522/1522
f 1584/1584 1522/1522 1583/1583
f 1585/1585 1524/1524 1523/1523
f 1585/1585 1523/1523 1584/1584
f 1581/1581 1520/1520 1580/1580
f 1646/1646 1579/1579 1578/1578
f 1646/1646 1578/1578 1645/1645
f 1648/1648 1581/1581 1580/1580
f 1648/1648 1580/1580 1647/1647
f 1651/1651 1584/1584 1583/1583
f 1651/1651 1583/1583 1650/1650
f 1652/1652 1585/1585 1584/1584
f 1652/1652 1584/1584 1651/1651
f 1645/1645 1577/1577 1644/1644
f 1700/1700 1644/1644 1643/1643
f 1701/1701 1645/1645 1644/1644
f 1701/1701 1644/1644 1700/1700
f 1702/1702 1646/1646 1645/1645
f 1702/1702 1645/1645 1701/1701
f 1703/1703 1647/1647 1646/1646
f 1703/1703 1646/1646 1702/1702
f 1648/1648 1647/1647 1703/1703
f 1705/1705 1649/1649 1648/1648
f 1705/1705 1648/1648 1704/1704
f 1651/1651 1650/1650 1707/1707
f 1708/1708 1652/1652 1651/1651
f 1708/1708 1651/1651 1707/1707
f 1700/1700 1643/1643 1699/1699
f 1704/1704 1648/1648 1703/1703
f 1706/1706 1650/1650 1705/1705
f 1773/1773 1706/1706 1705/1705
f 1772/1772 1705/1705 1704/1704
f 1769/1769 1702/1702 1701/1701
f 1770/1770 1702/1702 1769/1769
f 1770/1770 1703/1703 1702/1702
f 1773/1773 1705/1705 1772/1772
f 1706/1706 1773/1773 1707/1707
f 1767/1767 1701/1701 1700/1700
f 1767/1767 1768/1768 1701/1701
f 1772/1772 1704/1704 1771/1771
f 1774/1774 1707/1707 1773/1773
f 1769/1769 1701/1701 1768/1768
f 1835/1835 1774/1774 1773/1773
f 1835/1835 1773/1773 1834/1834
f 1830/1830 1769/1769 1768/1768
f 1830/1830 1768/1768 1829/1829
f 1832/1832 1771/1771 1770/1770
f 1833/1833 1772/1772 1771/1771
f 1829/1829 1768/1768 1767/1767
f 1833/1833 1771/1771 1832/1832
f 1891/1891 1828/1828 1827/1827
f 1893/1893 1830/1830 1829/1829
f 1893/1893 1829/1829 1892/1892
f 1894/1894 1830/1830 1893/1893
f 1894/1894 1831/1831 1830/1830
f 1833/1833 1895/1895 1896/1896
f 1833/1833 1832/1832 1895/1895
f 1898/1898 1834/1834 1897/1897
f 1891/1891 1827/1827 1890/1890
f 1897/1897 1834/1834 1896/1896
f 1955/1955 1894/1894 1893/1893
f 1893/1893 1892/1892 1953/1953
f 1955/1955 1893/1893 1954/1954
f 1957/1957 1896/1896 1956/1956
f 1952/1952 1891/1891 1890/1890
f 1952/1952 1890/1890 1951/1951
f 1954/1954 1893/1893 1953/1953
f 1955/1955 1956/1956 1895/1895
f 2017/2017 1953/1953 1952/1952
f 2017/2017 1952/1952 2016/2016
f 2018/2018 1954/1954 1953/1953
f 2018/2018 1953/1953 2017/2017
f 2019/2019 1955/1955 1954/1954
f 2019/2019 1954/1954 2018/2018
f 2088/2088 2089/2089 2022/2022
f 2087/2087 2021/2021 2020/2020
f 2087/2087 2020/2020 2086/2086
f 2082/2082 2016/2016 2081/2081
f 2084/2084 2018/2018 2017/2017
f 2084/2084 2017/2017 2083/2083
f 2085/2085 2019/2019 2018/2018
f 2085/2085 2018/2018 2084/2084
f 2086/2086 2020/2020 2019/2019
f 2081/2081 2016/2016 2015/2015
f 2144/2144 2083/2083 2082/2082
f 2145/2145 2083/2083 2144/2144
f 2086/2086 2085/2085 2147/2147
f 2148/2148 2086/2086 2147/2147
f 2143/2143 2144/2144 2082/2082
f 2211/2211 2149/2149 2148/2148
f 2146/2146 2145/2145 2207/2207
f 2209/2209 2148/2148 2147/2147
f 2211/2211 2148/2148 2210/2210
f 2208/2208 2146/2146 2207/2207
f 2276/2276 2212/2212 2275/2275
f 2271/2271 2270/2270 2331/2331
f 2274/2274 2273/2273 2335/2335
f 2336/2336 2275/2275 2274/2274
f 2337/2337 2275/2275 2336/2336
f 2332/2332 2271/2271 2331/2331
f 2400/2400 2335/2335 2399/2399
f 2402/2402 2337/2337 2336/2336
f 2402/2402 2336/2336 2401/2401
f 2398/2398 2333/2333 2332/2332
f 2399/2399 2334/2334 2333/2333
f 2399/2399 2333/2333 2398/2398
f 2399/2399 2335/2335 2334/2334
f 2398/2398 2332/2332 2397/2397
f 2461/2461 2401/2401 2400/2400
f 2461/2461 2400/2400 2460/2460
f 2460/2460 2399/2399 2459/2459
f 2527/2527 2458/2458 2457/2457
f 2529/2529 2461/2461 2460/2460
f 2527/2527 2457/2457 2526/2526
f 2528/2528 2459/2459 2458/2458
f 2528/2528 2458/2458 2527/2527
f 2585/2585 2528/2528 2527/2527
f 2585/2585 2527/2527 2584/2584
f 2587/2587 2530/2530 2529/2529
f 2587/2587 2529/2529 2586/2586
f 2588/2588 2531/2531 2587/2587
f 2652/2652 2584/2584 2583/2583
f 2652/2652 2583/2583 2651/2651
f 2653/2653 2585/2585 2584/2584
f 2653/2653 2584/2584 2652/2652
f 2654/2654 2586/2586 2653/2653
f 2718/2718 2655/2655 2654/2654
f 2719/2719 2655/2655 2718/2718
f 2653/2653 2652/2652 2716/2716
f 2720/2720 2719/2719 2783/2783
f 2781/2781 2717/2717 2716/2716
f 2781/2781 2716/2716 2780/2780
f 2846/2846 2781/2781 2845/2845
f 2846/2846 2782/2782 2781/2781
f 2910/2910 2847/2847 2909/2909
f 2845/2845 2844/2844 2907/2907
f 2909/2909 2846/2846 2845/2845
f 2909/2909 2845/2845 2908/2908
f 2908/2908 2845/2845 2907/2907
f 2908/2908 2907/2907 2967/2967
f 2968/2968 2908/2908 2967/2967
f 2969/2969 2909/2909 2908/2908
f 2969/2969 2908/2908 2968/2968
f 3032/3032 2968/2968 2967/2967
f 3033/3033 2969/2969 2968/2968
f 3033/3033 2968/2968 3032/3032
f 3098/3098 3032/3032 3097/3097
f 3157/3157 3097/3097 3096/3096
f 3157/3157 3096/3096 3156/3156
f 3222/3222 3157/3157 3156/3156
f 3288/3288 3222/3222 3287/3287
f 3414/3414 3352/3352 3351/3351
f 3415/3415 3352/3352 3414/3414
f 18/18 16/16 19/19
f 11/11 10/10 12/12
f 15/15 13/13 14/14
f 23/23 22/22 7/7
f 22/22 6/6 7/7
f 28/28 27/27 12/12
f 27/27 11/11 12/12
f 29/29 28/28 13/13
f 34/34 33/33 18/18
f 35/35 34/34 19/19
f 34/34 18/18 19/19
f 36/36 35/35 20/20
f 35/35 19/19 20/20
f 37/37 36/36 21/21
f 36/36 20/20 21/21
f 42/42 26/26 27/27
f 43/43 27/27 28/28
f 30/30 45/45 29/29
f 49/49 32/32 33/33
f 49/49 33/33 34/34
f 38/38 22/22 23/23
f 39/39 23/23 24/24
f 41/41 24/24 25/25
f 46/46 45/45 30/30
f 48/48 32/32 49/49
f 52/52 36/36 37/37
f 39/39 24/24 40/40
f 47/47 46/46 31/31
f 40/40 24/24 41/41
f 44/44 28/28 45/45
f 50/50 49/49 34/34
f 68/68 52/52 37/37
f 58/58 42/42 27/27
f 61/61 45/45 46/46
f 47/47 31/31 48/48
f 57/57 40/40 41/41
f 59/59 58/58 27/27
f 62/62 46/46 47/47
f 64/64 48/48 49/49
f 56/56 39/39 40/40
f 57/57 56/56 40/40
f 48/48 62/62 47/47
f 64/64 49/49 50/50
f 65/65 64/64 50/50
f 67/67 36/36 52/52
f 56/56 55/55 39/39
f 62/62 61/61 46/46
f 81/81 65/65 50/50
f 52/52 36/36 67/67
f 63/63 78/78 48/48
f 78/78 62/62 48/48
f 63/63 48/48 64/64
f 77/77 61/61 62/62
f 70/70 55/55 56/56
f 71/71 56/56 57/57
f 59/59 73/73 58/58
f 75/75 59/59 60/60
f 76/76 61/61 77/77
f 81/81 80/80 64/64
f 81/81 64/64 65/65
f 83/83 52/52 68/68
f 74/74 73/73 59/59
f 78/78 77/77 62/62
f 79/79 78/78 63/63
f 82/82 52/52 67/67
f 82/82 67/67 52/52
f 82/82 52/52 83/83
f 80/80 93/93 64/64
f 93/93 63/63 64/64
f 95/95 80/80 81/81
f 96/96 81/81 66/66
f 97/97 82/82 67/67
f 97/97 67/67 82/82
f 86/86 56/56 71/71
f 89/89 75/75 76/76
f 86/86 70/70 56/56
f 86/86 71/71 72/72
f 87/87 86/86 72/72
f 87/87 72/72 73/73
f 88/88 73/73 74/74
f 88/88 74/74 75/75
f 92/92 78/78 79/79
f 93/93 92/92 79/79
f 94/94 93/93 80/80
f 94/94 80/80 95/95
f 95/95 81/81 96/96
f 99/99 84/84 69/69
f 86/86 85/85 70/70
f 89/89 88/88 75/75
f 90/90 76/76 77/77
f 113/113 97/97 82/82
f 97/97 113/113 82/82
f 88/88 87/87 73/73
f 91/91 90/90 77/77
f 91/91 77/77 92/92
f 108/108 92/92 93/93
f 103/103 87/87 88/88
f 109/109 108/108 93/93
f 94/94 109/109 93/93
f 96/96 94/94 95/95
f 102/102 86/86 87/87
f 110/110 109/109 94/94
f 110/110 94/94 96/96
f 111/111 110/110 96/96
f 101/101 100/100 86/86
f 100/100 85/85 86/86
f 102/102 101/101 86/86
f 107/107 91/91 92/92
f 108/108 107/107 92/92
f 111/111 96/96 112/112
f 116/116 85/85 100/100
f 103/103 102/102 87/87
f 104/104 103/103 88/88
f 107/107 106/106 90/90
f 107/107 90/90 91/91
f 100/100 101/101 102/102
f 117/117 100/100 102/102
f 104/104 102/102 103/103
f 119/119 106/106 107/107
f 122/122 109/109 110/110
f 122/122 110/110 111/111
f 117/117 102/102 104/104
f 118/118 104/104 106/106
f 120/120 119/119 107/107
f 120/120 107/107 108/108
f 121/121 120/120 108/108
f 121/121 108/108 109/109
f 124/124 123/123 112/112
f 123/123 111/111 112/112
f 124/124 112/112 113/113
f 125/125 124/124 113/113
f 130/130 100/100 117/117
f 119/119 118/118 106/106
f 123/123 122/122 111/111
f 138/138 124/124 125/125
f 131/131 117/117 104/104
f 132/132 131/131 104/104
f 122/122 121/121 109/109
f 135/135 122/122 123/123
f 129/129 128/128 100/100
f 129/129 100/100 130/130
f 133/133 132/132 104/104
f 133/133 104/104 118/118
f 133/133 118/118 119/119
f 134/134 133/133 119/119
f 136/136 135/135 123/123
f 124/124 136/136 123/123
f 148/148 121/121 122/122
f 131/131 130/130 117/117
f 143/143 130/130 131/131
f 149/149 148/148 122/122
f 134/134 132/132 133/133
f 148/148 147/147 121/121
f 147/147 120/120 121/121
f 135/135 149/149 122/122
f 146/146 134/134 119/119
f 146/146 119/119 120/120
f 146/146 120/120 147/147
f 142/142 128/128 129/129
f 142/142 129/129 130/130
f 143/143 142/142 130/130
f 144/144 131/131 132/132
f 145/145 132/132 134/134
f 159/159 145/145 134/134
f 159/159 134/134 146/146
f 160/160 148/148 149/149
f 144/144 143/143 131/131
f 159/159 147/147 148/148
f 155/155 128/128 142/142
f 145/145 144/144 132/132
f 159/159 146/146 147/147
f 156/156 142/142 143/143
f 144/144 157/157 143/143
f 156/156 155/155 142/142
f 158/158 145/145 159/159
f 158/158 144/144 145/145
f 157/157 163/163 143/143
f 164/164 157/157 144/144
f 164/164 144/144 158/158
f 171/171 155/155 156/156
f 165/165 164/164 158/158
f 165/165 158/158 159/159
f 166/166 165/165 159/159
f 172/172 171/171 156/156
f 171/171 162/162 155/155
f 172/172 156/156 163/163
f 164/164 163/163 157/157
f 174/174 164/164 165/165
f 170/170 162/162 171/171
f 172/172 163/163 180/180
f 180/180 163/163 173/173
f 179/179 171/171 172/172
f 1/1 200/200 202/202
f 2/2 1/1 202/202
f 4/4 3/3 205/205
f 3/3 204/204 205/205
f 5/5 4/4 206/206
f 4/4 205/205 206/206
f 5/5 206/206 207/207
f 7/7 210/210 194/194
f 8/8 195/195 196/196
f 10/10 8/8 196/196
f 10/10 9/9 8/8
f 11/11 198/198 199/199
f 13/13 12/12 11/11
f 14/14 12/12 13/13
f 15/15 14/14 13/13
f 15/15 2/2 3/3
f 17/17 15/15 3/3
f 19/19 17/17 4/4
f 17/17 3/3 4/4
f 19/19 4/4 5/5
f 21/21 20/20 208/208
f 20/20 207/207 208/208
f 211/211 21/21 208/208
f 221/221 83/83 219/219
f 222/222 220/220 218/218
f 224/224 222/222 99/99
f 125/125 97/97 114/114
f 126/126 114/114 223/223
f 225/225 126/126 223/223
f 115/115 224/224 99/99
f 139/139 125/125 126/126
f 139/139 126/126 225/225
f 226/226 224/224 115/115
f 137/137 136/136 124/124
f 127/127 226/226 115/115
f 138/138 125/125 139/139
f 227/227 139/139 225/225
f 228/228 226/226 127/127
f 227/227 138/138 139/139
f 140/140 228/228 127/127
f 150/150 149/149 135/135
f 151/151 136/136 137/137
f 153/153 152/152 137/137
f 151/151 135/135 136/136
f 229/229 153/153 138/138
f 230/230 229/229 227/227
f 229/229 138/138 227/227
f 231/231 228/228 140/140
f 151/151 150/150 135/135
f 232/232 151/151 137/137
f 233/233 137/137 152/152
f 233/233 152/152 153/153
f 161/161 150/150 151/151
f 233/233 153/153 229/229
f 161/161 160/160 150/150
f 232/232 137/137 233/233
f 154/154 231/231 140/140
f 232/232 161/161 151/151
f 238/238 233/233 229/229
f 233/233 238/238 229/229
f 239/239 233/233 230/230
f 233/233 229/229 230/230
f 237/237 232/232 233/233
f 238/238 237/237 233/233
f 167/167 159/159 160/160
f 236/236 160/160 161/161
f 236/236 232/232 242/242
f 237/237 242/242 232/232
f 168/168 167/167 160/160
f 236/236 161/161 232/232
f 176/176 167/167 168/168
f 169/169 168/168 160/160
f 169/169 160/160 236/236
f 238/238 233/233 239/239
f 242/242 237/237 238/238
f 244/244 238/238 239/239
f 174/174 165/165 166/166
f 176/176 168/168 169/169
f 241/241 169/169 236/236
f 240/240 162/162 170/170
f 175/175 166/166 167/167
f 182/182 167/167 176/176
f 249/249 243/243 238/238
f 243/243 242/242 238/238
f 174/174 173/173 164/164
f 246/246 176/176 169/169
f 246/246 169/169 241/241
f 242/242 241/241 236/236
f 243/243 249/249 238/238
f 182/182 175/175 167/167
f 243/243 238/238 244/244
f 170/170 171/171 178/178
f 253/253 176/176 246/246
f 247/247 241/241 242/242
f 247/247 246/246 241/241
f 249/249 242/242 243/243
f 187/187 180/180 173/173
f 181/181 187/187 173/173
f 181/181 173/173 174/174
f 188/188 181/181 174/174
f 188/188 174/174 166/166
f 189/189 188/188 166/166
f 189/189 166/166 175/175
f 259/259 249/249 243/243
f 190/190 189/189 175/175
f 252/252 176/176 253/253
f 254/254 253/253 246/246
f 247/247 242/242 249/249
f 185/185 184/184 178/178
f 185/185 178/178 179/179
f 187/187 186/186 180/180
f 190/190 175/175 182/182
f 248/248 247/247 249/249
f 186/186 179/179 180/180
f 252/252 190/190 182/182
f 252/252 182/182 176/176
f 255/255 254/254 246/246
f 256/256 255/255 246/246
f 256/256 246/246 247/247
f 256/256 247/247 248/248
f 249/249 257/257 248/248
f 185/185 179/179 186/186
f 181/181 186/186 187/187
f 189/189 264/264 188/188
f 255/255 253/253 254/254
f 257/257 256/256 248/248
f 258/258 257/257 249/249
f 192/192 184/184 185/185
f 192/192 185/185 186/186
f 264/264 181/181 188/188
f 190/190 264/264 189/189
f 255/255 252/252 253/253
f 264/264 186/186 181/181
f 266/266 264/264 190/190
f 267/267 190/190 252/252
f 269/269 252/252 255/255
f 270/270 269/269 255/255
f 191/191 184/184 192/192
f 267/267 266/266 190/190
f 268/268 267/267 252/252
f 269/269 268/268 252/252
f 257/257 271/271 256/256
f 258/258 273/273 257/257
f 263/263 192/192 186/186
f 263/263 186/186 264/264
f 270/270 255/255 256/256
f 271/271 270/270 256/256
f 272/272 271/271 257/257
f 273/273 272/272 257/257
f 262/262 191/191 192/192
f 265/265 264/264 266/266
f 267/267 265/265 266/266
f 270/270 268/268 269/269
f 262/262 261/261 191/191
f 278/278 262/262 192/192
f 278/278 192/192 263/263
f 268/268 265/265 267/267
f 269/269 268/268 270/270
f 278/278 277/277 262/262
f 280/280 278/278 263/263
f 282/282 281/281 265/265
f 282/282 265/265 268/268
f 284/284 282/282 268/268
f 284/284 268/268 269/269
f 285/285 284/284 269/269
f 286/286 285/285 270/270
f 285/285 269/269 270/270
f 286/286 270/270 271/271
f 287/287 286/286 271/271
f 287/287 271/271 272/272
f 289/289 287/287 272/272
f 289/289 272/272 273/273
f 276/276 260/260 277/277
f 284/284 281/281 282/282
f 283/283 281/281 284/284
f 285/285 283/283 284/284
f 280/280 278/278 279/279
f 282/282 280/280 281/281
f 197/197 196/196 198/198
f 204/204 202/202 203/203
f 204/204 203/203 202/202
f 212/212 214/214 216/216
f 218/218 212/212 216/216
f 224/224 226/226 228/228
f 259/259 244/244 250/250
f 275/275 274/274 259/259
f 274/274 258/258 259/259
f 273/273 258/258 274/274
f 290/290 289/289 273/273
f 291/291 290/290 275/275
f 290/290 274/274 275/275
f 287/287 286/286 288/288
f 279/279 278/278 280/280
f 281/281 280/280 282/282
f 296/296 279/279 280/280
f 298/298 296/296 281/281
f 296/296 280/280 281/281
f 303/303 302/302 287/287
f 300/300 298/298 299/299
f 300/300 299/299 301/301
f 198/198 196/196 197/197
f 198/198 197/197 199/199
f 216/216 212/212 218/218
f 226/226 224/224 228/228
f 226/226 228/228 231/231
f 235/235 231/231 240/240
f 244/244 234/234 239/239
f 293/293 276/276 277/277
f 294/294 293/293 278/278
f 293/293 277/277 278/278
f 305/305 304/304 289/289
f 302/302 300/300 301/301
f 300/300 297/297 298/298
f 301/301 300/300 302/302
f 205/205 203/203 204/204
f 214/214 212/212 216/216
f 227/227 230/230 225/225
f 230/230 227/227 225/225
f 307/307 306/306 291/291
f 299/299 297/297 300/300
f 301/301 299/299 300/300
f 206/206 205/205 204/204
f 207/207 206/206 318/318
f 199/199 326/326 327/327
f 200/200 199/199 327/327
f 200/200 327/327 328/328
f 201/201 200/200 328/328
f 201/201 328/328 202/202
f 208/208 207/207 330/330
f 207/207 329/329 330/330
f 216/216 212/212 214/214
f 223/223 221/221 219/219
f 231/231 349/349 228/228
f 349/349 345/345 228/228
f 234/234 230/230 350/350
f 231/231 235/235 240/240
f 250/250 244/244 355/355
f 358/358 250/250 355/355
f 366/366 260/260 276/276
f 292/292 366/366 276/276
f 382/382 305/305 306/306
f 314/314 202/202 313/313
f 203/203 202/202 314/314
f 204/204 203/203 315/315
f 316/316 204/204 315/315
f 319/319 207/207 318/318
f 329/329 207/207 319/319
f 330/330 329/329 319/319
f 322/322 194/194 321/321
f 195/195 194/194 322/322
f 196/196 195/195 322/322
f 323/323 196/196 322/322
f 197/197 196/196 323/323
f 324/324 197/197 323/323
f 332/332 211/211 330/330
f 211/211 208/208 330/330
f 333/333 331/331 212/212
f 331/331 209/209 212/212
f 334/334 211/211 332/332
f 213/213 211/211 334/334
f 336/336 213/213 334/334
f 335/335 333/333 212/212
f 217/217 213/213 336/336
f 335/335 212/212 216/216
f 337/337 335/335 216/216
f 338/338 217/217 336/336
f 337/337 216/216 218/218
f 340/340 219/219 338/338
f 219/219 217/217 338/338
f 337/337 218/218 220/220
f 223/223 219/219 340/340
f 337/337 220/220 224/224
f 344/344 223/223 340/340
f 343/343 337/337 224/224
f 225/225 223/223 344/344
f 346/346 225/225 344/344
f 227/227 225/225 346/346
f 345/345 343/343 226/226
f 343/343 224/224 226/226
f 348/348 227/227 346/346
f 350/350 230/230 348/348
f 351/351 349/349 354/354
f 357/357 354/354 240/240
f 259/259 250/250 358/358
f 361/361 259/259 358/358
f 275/275 259/259 361/361
f 363/363 260/260 366/366
f 368/368 366/366 292/292
f 383/383 307/307 367/367
f 383/383 382/382 307/307
f 382/382 306/306 307/307
f 368/368 293/293 369/369
f 369/369 293/293 294/294
f 370/370 369/369 294/294
f 371/371 370/370 294/294
f 371/371 294/294 295/295
f 372/372 371/371 295/295
f 372/372 295/295 296/296
f 375/375 298/298 300/300
f 375/375 300/300 301/301
f 377/377 375/375 301/301
f 377/377 301/301 302/302
f 379/379 377/377 302/302
f 379/379 302/302 303/303
f 381/381 305/305 382/382
f 327/327 326/326 311/311
f 312/312 327/327 311/311
f 313/313 327/327 312/312
f 340/340 338/338 336/336
f 342/342 339/339 337/337
f 352/352 348/348 350/350
f 355/355 352/352 356/356
f 361/361 358/358 359/359
f 378/378 377/377 379/379
f 380/380 378/378 379/379
f 310/310 325/325 324/324
f 311/311 325/325 310/310
f 410/410 339/339 342/342
f 353/353 352/352 350/350
f 356/356 352/352 353/353
f 373/373 372/372 374/374
f 373/373 374/374 375/375
f 379/379 378/378 380/380
f 316/316 317/317 393/393
f 317/317 316/316 393/393
f 388/388 311/311 310/310
f 389/389 312/312 311/311
f 390/390 313/313 312/312
f 405/405 331/331 333/333
f 348/348 346/346 419/419
f 425/425 353/353 350/350
f 356/356 353/353 425/425
f 426/426 424/424 357/357
f 424/424 354/354 357/357
f 428/428 357/357 360/360
f 435/435 368/368 369/369
f 375/375 374/374 373/373
f 390/390 312/312 389/389
f 391/391 315/315 314/314
f 392/392 315/315 391/391
f 393/393 316/316 392/392
f 316/316 315/315 392/392
f 394/394 317/317 393/393
f 317/317 316/316 393/393
f 399/399 321/321 398/398
f 321/321 320/320 398/398
f 410/410 337/337 339/339
f 420/420 418/418 349/349
f 422/422 351/351 424/424
f 427/427 356/356 425/425
f 362/362 356/356 427/427
f 429/429 362/362 427/427
f 430/430 428/428 360/360
f 434/434 432/432 368/368
f 447/447 367/367 433/433
f 434/434 368/368 435/435
f 437/437 436/436 370/370
f 437/437 370/370 371/371
f 437/437 371/371 373/373
f 439/439 437/437 373/373
f 439/439 373/373 374/374
f 463/463 398/398 320/320
f 410/410 409/409 337/337
f 415/415 343/343 417/417
f 421/421 419/419 480/480
f 428/428 426/426 357/357
f 438/438 437/437 439/439
f 440/440 439/439 374/374
f 440/440 374/374 375/375
f 441/441 440/440 375/375
f 446/446 444/444 445/445
f 466/466 398/398 403/403
f 472/472 407/407 409/409
f 472/472 409/409 410/410
f 424/424 420/420 422/422
f 489/489 430/430 432/432
f 495/495 434/434 435/435
f 497/497 436/436 437/437
f 497/497 437/437 438/438
f 499/499 438/438 439/439
f 457/457 392/392 456/456
f 470/470 405/405 407/407
f 471/471 470/470 407/407
f 471/471 407/407 472/472
f 476/476 415/415 417/417
f 483/483 420/420 424/424
f 487/487 426/426 428/428
f 489/489 428/428 430/430
f 554/554 489/489 432/432
f 492/492 433/433 493/493
f 506/506 446/446 507/507
f 508/508 446/446 447/447
f 497/497 496/496 436/436
f 498/498 497/497 438/438
f 498/498 438/438 499/499
f 445/445 446/446 506/506
f 397/397 396/396 461/461
f 463/463 398/398 466/466
f 468/468 405/405 470/470
f 481/481 420/420 483/483
f 508/508 433/433 492/492
f 570/570 507/507 446/446
f 570/570 446/446 508/508
f 500/500 499/499 440/440
f 499/499 439/439 440/440
f 501/501 500/500 440/440
f 462/462 397/397 461/461
f 470/470 471/471 472/472
f 481/481 479/479 420/420
f 545/545 481/481 483/483
f 549/549 426/426 487/487
f 487/487 428/428 489/489
f 494/494 434/434 495/495
f 561/561 498/498 499/499
f 506/506 568/568 445/445
f 558/558 495/495 496/496
f 560/560 497/497 498/498
f 562/562 499/499 500/500
f 562/562 500/500 501/501
f 568/568 505/505 445/445
f 520/520 458/458 519/519
f 520/520 459/459 458/458
f 523/523 461/461 522/522
f 462/462 461/461 523/523
f 464/464 463/463 524/524
f 527/527 463/463 466/466
f 531/531 468/468 470/470
f 532/532 531/531 470/470
f 532/532 470/470 472/472
f 534/534 532/532 472/472
f 536/536 534/534 472/472
f 546/546 484/484 544/544
f 548/548 484/484 546/546
f 550/550 549/549 487/487
f 552/552 487/487 489/489
f 571/571 508/508 555/555
f 508/508 492/492 555/555
f 507/507 637/637 506/506
f 561/561 560/560 498/498
f 525/525 464/464 524/524
f 524/524 463/463 527/527
f 543/543 542/542 481/481
f 542/542 479/479 481/481
f 555/555 492/492 623/623
f 638/638 507/507 570/570
f 562/562 561/561 499/499
f 635/635 505/505 568/568
f 526/526 462/462 523/523
f 406/406 469/469 530/530
f 529/529 468/468 531/531
f 536/536 474/474 538/538
f 550/550 487/487 552/552
f 622/622 491/491 494/494
f 557/557 494/494 495/495
f 626/626 558/558 495/495
f 626/626 495/495 558/558
f 563/563 562/562 501/501
f 530/530 469/469 591/591
f 469/469 467/467 591/591
f 662/662 529/529 531/531
f 596/596 662/662 532/532
f 662/662 531/531 532/532
f 596/596 532/532 534/534
f 602/602 538/538 539/539
f 547/547 545/545 549/549
f 620/620 550/550 552/552
f 553/553 490/490 621/621
f 626/626 557/557 495/495
f 571/571 570/570 508/508
f 630/630 561/561 562/562
f 635/635 567/567 505/505
f 585/585 522/522 521/521
f 586/586 523/523 585/585
f 523/523 522/522 585/585
f 589/589 526/526 523/523
f 591/591 528/528 526/526
f 602/602 536/536 538/538
f 603/603 602/602 539/539
f 618/618 549/549 550/550
f 638/638 637/637 507/507
f 628/628 560/560 561/561
f 631/631 562/562 563/563
f 521/521 520/520 583/583
f 584/584 521/521 583/583
f 589/589 523/523 586/586
f 657/657 526/526 589/589
f 591/591 526/526 657/657
f 530/530 591/591 659/659
f 598/598 596/596 534/534
f 536/536 598/598 534/534
f 600/600 536/536 602/602
f 613/613 547/547 549/549
f 620/620 618/618 550/550
f 621/621 490/490 686/686
f 625/625 622/622 494/494
f 638/638 570/570 571/571
f 691/691 626/626 559/559
f 629/629 561/561 630/630
f 630/630 562/562 631/631
f 636/636 635/635 568/568
f 636/636 568/568 569/569
f 636/636 569/569 637/637
f 594/594 529/529 662/662
f 600/600 598/598 536/536
f 615/615 613/613 549/549
f 639/639 638/638 571/571
f 593/593 530/530 659/659
f 592/592 529/529 594/594
f 670/670 602/602 603/603
f 695/695 636/636 637/637
f 695/695 637/637 638/638
f 696/696 638/638 570/570
f 696/696 570/570 638/638
f 657/657 589/589 586/586
f 661/661 593/593 659/659
f 670/670 600/600 602/602
f 677/677 609/609 611/611
f 680/680 611/611 613/613
f 690/690 626/626 691/691
f 694/694 636/636 695/695
f 696/696 695/695 638/638
f 692/692 627/627 628/628
f 692/692 561/561 629/629
f 751/751 630/630 631/631
f 652/652 584/584 651/651
f 584/584 583/583 651/651
f 653/653 585/585 652/652
f 585/585 584/584 652/652
f 654/654 586/586 653/653
f 586/586 585/585 653/653
f 658/658 655/655 590/590
f 662/662 592/592 594/594
f 663/663 595/595 661/661
f 595/595 593/593 661/661
f 597/597 595/595 663/663
f 664/664 596/596 598/598
f 679/679 677/677 611/611
f 679/679 611/611 680/680
f 615/615 680/680 613/613
f 683/683 615/615 618/618
f 685/685 683/683 620/620
f 683/683 618/618 620/620
f 624/624 621/621 686/686
f 697/697 638/638 639/639
f 750/750 630/630 751/751
f 659/659 591/591 657/657
f 658/658 590/590 660/660
f 664/664 662/662 596/596
f 666/666 664/664 598/598
f 668/668 666/666 598/598
f 668/668 598/598 600/600
f 670/670 668/668 600/600
f 676/676 609/609 677/677
f 681/681 680/680 615/615
f 681/681 615/615 683/683
f 688/688 624/624 686/686
f 689/689 745/745 625/625
f 696/696 638/638 697/697
f 747/747 691/691 627/627
f 748/748 747/747 627/627
f 748/748 627/627 692/692
f 749/749 692/692 629/629
f 749/749 629/629 630/630
f 664/664 666/666 668/668
f 738/738 614/614 736/736
f 687/687 685/685 622/622
f 697/697 688/688 744/744
f 758/758 695/695 696/696
f 750/750 749/749 630/630
f 755/755 636/636 694/694
f 715/715 657/657 654/654
f 660/660 716/716 658/658
f 666/666 664/664 668/668
f 737/737 679/679 680/680
f 737/737 680/680 681/681
f 742/742 621/621 686/686
f 686/686 621/621 742/742
f 708/708 650/650 707/707
f 650/650 649/649 707/707
f 710/710 652/652 709/709
f 652/652 651/651 709/709
f 654/654 653/653 711/711
f 655/655 587/587 713/713
f 716/716 655/655 658/658
f 721/721 663/663 719/719
f 663/663 661/661 719/719
f 723/723 665/665 721/721
f 665/665 663/663 721/721
f 727/727 670/670 672/672
f 728/728 727/727 672/672
f 737/737 681/681 739/739
f 759/759 696/696 697/697
f 749/749 748/748 692/692
f 712/712 654/654 711/711
f 715/715 654/654 712/712
f 713/713 655/655 716/716
f 739/739 735/735 737/737
f 743/743 741/741 687/687
f 741/741 685/685 687/687
f 744/744 688/688 742/742
f 688/688 686/686 742/742
f 682/682 738/738 803/803
f 810/810 689/689 745/745
f 757/757 695/695 758/758
f 814/814 747/747 748/748
f 882/882 750/750 751/751
f 715/715 712/712 774/774
f 787/787 723/723 785/785
f 812/812 746/746 691/691
f 815/815 748/748 749/749
f 816/816 750/750 882/882
f 820/820 754/754 755/755
f 756/756 821/821 694/694
f 821/821 755/755 694/694
f 694/694 695/695 756/756
f 771/771 709/709 708/708
f 773/773 711/711 710/710
f 712/712 711/711 773/773
f 777/777 715/715 774/774
f 777/777 657/657 715/715
f 781/781 719/719 717/717
f 782/782 780/780 720/720
f 780/780 718/718 720/720
f 783/783 719/719 781/781
f 721/721 719/719 783/783
f 782/782 720/720 722/722
f 792/792 727/727 728/728
f 801/801 803/803 738/738
f 806/806 741/741 743/743
f 809/809 825/825 697/697
f 876/876 745/745 689/689
f 824/824 758/758 696/696
f 825/825 696/696 759/759
f 882/882 751/751 817/817
f 821/821 820/820 755/755
f 771/771 708/708 770/770
f 773/773 710/710 772/772
f 774/774 712/712 773/773
f 792/792 790/790 727/727
f 807/807 684/684 805/805
f 874/874 806/806 743/743
f 810/810 876/876 689/689
f 889/889 824/824 696/696
f 889/889 696/696 825/825
f 814/814 748/748 815/815
f 861/861 795/795 797/797
f 808/808 743/743 687/687
f 823/823 757/757 758/758
f 890/890 759/759 825/825
f 880/880 814/814 815/815
f 880/880 815/815 749/749
f 881/881 749/749 750/750
f 816/816 881/881 750/750
f 822/822 821/821 756/756
f 787/787 785/785 853/853
f 808/808 874/874 743/743
f 875/875 744/744 809/809
f 809/809 744/744 875/875
f 823/823 822/822 757/757
f 889/889 823/823 758/758
f 889/889 758/758 824/824
f 881/881 880/880 749/749
f 774/774 773/773 839/839
f 777/777 774/774 840/840
f 848/848 782/782 784/784
f 788/788 790/790 856/856
f 863/863 861/861 797/797
f 865/865 797/797 799/799
f 805/805 803/803 871/871
f 872/872 804/804 806/806
f 874/874 808/808 810/810
f 884/884 818/818 819/819
f 886/886 821/821 822/822
f 836/836 770/770 769/769
f 837/837 771/771 836/836
f 771/771 770/770 836/836
f 772/772 771/771 837/837
f 840/840 774/774 839/839
f 843/843 777/777 840/840
f 909/909 779/779 843/843
f 779/779 777/777 843/843
f 847/847 781/781 779/779
f 848/848 846/846 782/782
f 846/846 780/780 782/782
f 849/849 783/783 847/847
f 783/783 781/781 847/847
f 852/852 850/850 786/786
f 850/850 784/784 786/786
f 856/856 854/854 788/788
f 858/858 856/856 792/792
f 856/856 790/790 792/792
f 860/860 858/858 792/792
f 860/860 792/792 793/793
f 861/861 860/860 795/795
f 870/870 804/804 872/872
f 872/872 806/806 874/874
f 876/876 874/874 810/810
f 890/890 825/825 809/809
f 887/887 822/822 823/823
f 883/883 817/817 818/818
f 836/836 769/769 835/835
f 873/873 805/805 871/871
f 807/807 805/805 873/873
f 888/888 823/823 889/889
f 890/890 889/889 825/825
f 890/890 825/825 952/952
f 883/883 882/882 817/817
f 884/884 883/883 818/818
f 948/948 884/884 819/819
f 948/948 819/819 820/820
f 843/843 777/777 907/907
f 939/939 808/808 874/874
f 939/939 874/874 876/876
f 942/942 810/810 876/876
f 944/944 943/943 878/878
f 888/888 887/887 823/823
f 885/885 948/948 820/820
f 885/885 820/820 821/821
f 905/905 840/840 839/839
f 906/906 841/841 844/844
f 847/847 845/845 909/909
f 920/920 856/856 858/858
f 924/924 922/922 860/860
f 922/922 858/858 860/860
f 865/865 928/928 863/863
f 938/938 807/807 873/873
f 940/940 890/890 809/809
f 951/951 889/889 890/890
f 886/886 885/885 821/821
f 905/905 839/839 904/904
f 908/908 906/906 844/844
f 910/910 844/844 846/846
f 913/913 849/849 911/911
f 849/849 847/847 911/911
f 916/916 914/914 852/852
f 918/918 852/852 854/854
f 922/922 920/920 858/858
f 926/926 860/860 861/861
f 926/926 861/861 863/863
f 928/928 926/926 863/863
f 930/930 928/928 865/865
f 935/935 870/870 872/872
f 875/875 809/809 941/941
f 950/950 887/887 888/888
f 907/907 777/777 843/843
f 843/843 777/777 907/907
f 910/910 908/908 844/844
f 910/910 846/846 912/912
f 916/916 852/852 918/918
f 857/857 855/855 921/921
f 926/926 924/924 860/860
f 937/937 935/935 872/872
f 873/873 871/871 936/936
f 1004/1004 876/876 810/810
f 1004/1004 810/810 942/942
f 1009/1009 883/883 884/884
f 1076/1076 884/884 948/948
f 1011/1011 949/949 886/886
f 887/887 1011/1011 886/886
f 907/907 843/843 969/969
f 1032/1032 843/843 907/907
f 909/909 843/843 1032/1032
f 938/938 873/873 936/936
f 1000/1000 937/937 872/872
f 1002/1002 1000/1000 874/874
f 1000/1000 872/872 874/874
f 1003/1003 875/875 941/941
f 1013/1013 888/888 889/889
f 1013/1013 889/889 951/951
f 1013/1013 951/951 890/890
f 1076/1076 1009/1009 884/884
f 1010/1010 1076/1076 948/948
f 1077/1077 1010/1010 885/885
f 1010/1010 948/948 885/885
f 949/949 1077/1077 886/886
f 1077/1077 885/885 886/886
f 963/963 901/901 900/900
f 918/918 978/978 916/916
f 980/980 918/918 920/920
f 997/997 869/869 995/995
f 1000/1000 935/935 937/937
f 1004/1004 942/942 876/876
f 1013/1013 950/950 888/888
f 1074/1074 882/882 883/883
f 964/964 902/902 963/963
f 902/902 901/901 963/963
f 904/904 903/903 965/965
f 969/969 907/907 905/905
f 971/971 909/909 1032/1032
f 974/974 910/910 912/912
f 975/975 913/913 973/973
f 913/913 911/911 973/973
f 976/976 974/974 914/914
f 974/974 912/912 914/914
f 980/980 978/978 918/918
f 983/983 921/921 981/981
f 921/921 919/919 981/981
f 988/988 926/926 928/928
f 997/997 995/995 1058/1058
f 1063/1063 1000/1000 937/937
f 1063/1063 937/937 1000/1000
f 940/940 875/875 1066/1066
f 1012/1012 950/950 1013/1013
f 1081/1081 1013/1013 890/890
f 966/966 904/904 965/965
f 969/969 905/905 967/967
f 974/974 972/972 910/910
f 982/982 980/980 920/920
f 984/984 982/982 922/922
f 982/982 920/920 922/922
f 990/990 988/988 928/928
f 1066/1066 941/941 1001/1001
f 1074/1074 883/883 1009/1009
f 1032/1032 907/907 969/969
f 1031/1031 906/906 970/970
f 1066/1066 940/940 1003/1003
f 1066/1066 890/890 940/940
f 1068/1068 1004/1004 1005/1005
f 1069/1069 1006/1006 1007/1007
f 1011/1011 1077/1077 949/949
f 968/968 906/906 1031/1031
f 1032/1032 969/969 907/907
f 976/976 1037/1037 974/974
f 984/984 980/980 982/982
f 996/996 994/994 998/998
f 1066/1066 1001/1001 1064/1064
f 1081/1081 890/890 1066/1066
f 1075/1075 1009/1009 1076/1076
f 1029/1029 966/966 1028/1028
f 966/966 965/965 1028/1028
f 1038/1038 973/973 1036/1036
f 975/975 973/973 1038/1038
f 1039/1039 1037/1037 976/976
f 1041/1041 1039/1039 978/978
f 1039/1039 976/976 978/978
f 1044/1044 981/981 1042/1042
f 1049/1049 1047/1047 984/984
f 1049/1049 984/984 988/988
f 993/993 991/991 1056/1056
f 1060/1060 997/997 1058/1058
f 1080/1080 1013/1013 889/889
f 1080/1080 889/889 1013/1013
f 1030/1030 967/967 1029/1029
f 967/967 966/966 1029/1029
f 969/969 967/967 1030/1030
f 1031/1031 906/906 1098/1098
f 1036/1036 973/973 971/971
f 1037/1037 1035/1035 974/974
f 1035/1035 972/972 974/974
f 1042/1042 979/979 1040/1040
f 1055/1055 990/990 992/992
f 1056/1056 991/991 1054/1054
f 1057/1057 1055/1055 994/994
f 1055/1055 992/992 994/994
f 1059/1059 994/994 996/996
f 1059/1059 996/996 998/998
f 1061/1061 1059/1059 998/998
f 1063/1063 1061/1061 1000/1000
f 1063/1063 1000/1000 1002/1002
f 1141/1141 1079/1079 1012/1012
f 1141/1141 1012/1012 1013/1013
f 1075/1075 1074/1074 1009/1009
f 1077/1077 1076/1076 1010/1010
f 1139/1139 1078/1078 1011/1011
f 1034/1034 971/971 1101/1101
f 1036/1036 971/971 1034/1034
f 1051/1051 1049/1049 988/988
f 1053/1053 990/990 1055/1055
f 1059/1059 1057/1057 994/994
f 1078/1078 1077/1077 1011/1011
f 1060/1060 1058/1058 1127/1127
f 1061/1061 1126/1126 1059/1059
f 1064/1064 1001/1001 1129/1129
f 1065/1065 1063/1063 1002/1002
f 1130/1130 1065/1065 1002/1002
f 1067/1067 1132/1132 1004/1004
f 1080/1080 1141/1141 1013/1013
f 1138/1138 1076/1076 1077/1077
f 1011/1011 1079/1079 1139/1139
f 1095/1095 1028/1028 1027/1027
f 1100/1100 1031/1031 970/970
f 1109/1109 1042/1042 1107/1107
f 1042/1042 1040/1040 1107/1107
f 1120/1120 1051/1051 1053/1053
f 1122/1122 1120/1120 1055/1055
f 1056/1056 1054/1054 1121/1121
f 1124/1124 1057/1057 1059/1059
f 1128/1128 1061/1061 1063/1063
f 1131/1131 1066/1066 1064/1064
f 1133/1133 1067/1067 1068/1068
f 1140/1140 1079/1079 1141/1141
f 1205/1205 1142/1142 1080/1080
f 1095/1095 1027/1027 1094/1094
f 1099/1099 1032/1032 1030/1030
f 1103/1103 1036/1036 1101/1101
f 1105/1105 1036/1036 1103/1103
f 1038/1038 1036/1036 1105/1105
f 1106/1106 1039/1039 1041/1041
f 1106/1106 1041/1041 1108/1108
f 1112/1112 1110/1110 1045/1045
f 1110/1110 1043/1043 1045/1045
f 1117/1117 1050/1050 1115/1115
f 1050/1050 1048/1048 1115/1115
f 1124/1124 1055/1055 1057/1057
f 1058/1058 1056/1056 1123/1123
f 1128/1128 1126/1126 1061/1061
f 1128/1128 1063/1063 1065/1065
f 1195/1195 1143/1143 1066/1066
f 1143/1143 1081/1081 1066/1066
f 1132/1132 1067/1067 1133/1133
f 1142/1142 1141/1141 1080/1080
f 1099/1099 1030/1030 1097/1097
f 1100/1100 1033/1033 1035/1035
f 1110/1110 1108/1108 1043/1043
f 1122/1122 1055/1055 1124/1124
f 1192/1192 1128/1128 1063/1063
f 1192/1192 1063/1063 1128/1128
f 1194/1194 1128/1128 1065/1065
f 1194/1194 1065/1065 1130/1130
f 1099/1099 1032/1032 1161/1161
f 1098/1098 1031/1031 1100/1100
f 1102/1102 1100/1100 1035/1035
f 1187/1187 1058/1058 1123/1123
f 1206/1206 1143/1143 1081/1081
f 1206/1206 1081/1081 1143/1143
f 1168/1168 1106/1106 1108/1108
f 1168/1168 1108/1108 1110/1110
f 1183/1183 1123/1123 1121/1121
f 1186/1186 1122/1122 1124/1124
f 1188/1188 1186/1186 1126/1126
f 1190/1190 1126/1126 1128/1128
f 1193/1193 1064/1064 1129/1129
f 1131/1131 1064/1064 1193/1193
f 1196/1196 1132/1132 1133/1133
f 1204/1204 1140/1140 1141/1141
f 1204/1204 1141/1141 1142/1142
f 1202/1202 1137/1137 1138/1138
f 1155/1155 1093/1093 1154/1154
f 1093/1093 1092/1092 1154/1154
f 1157/1157 1095/1095 1156/1156
f 1095/1095 1094/1094 1156/1156
f 1158/1158 1096/1096 1157/1157
f 1096/1096 1095/1095 1157/1157
f 1161/1161 1097/1097 1159/1159
f 1099/1099 1097/1097 1161/1161
f 1224/1224 1032/1032 1161/1161
f 1172/1172 1110/1110 1112/1112
f 1174/1174 1172/1172 1112/1112
f 1119/1119 1117/1117 1179/1179
f 1182/1182 1180/1180 1120/1120
f 1180/1180 1118/1118 1120/1120
f 1184/1184 1182/1182 1122/1122
f 1182/1182 1120/1120 1122/1122
f 1186/1186 1184/1184 1122/1122
f 1190/1190 1188/1188 1126/1126
f 1192/1192 1190/1190 1128/1128
f 1206/1206 1143/1143 1195/1195
f 1205/1205 1204/1204 1142/1142
f 1205/1205 1080/1080 1206/1206
f 1265/1265 1200/1200 1137/1137
f 1201/1201 1265/1265 1137/1137
f 1201/1201 1137/1137 1202/1202
f 1203/1203 1138/1138 1077/1077
f 1203/1203 1077/1077 1078/1078
f 1163/1163 1101/1101 1099/1099
f 1180/1180 1178/1178 1118/1118
f 1183/1183 1119/1119 1181/1181
f 1121/1121 1119/1119 1183/1183
f 1123/1123 1183/1183 1185/1185
f 1254/1254 1192/1192 1128/1128
f 1254/1254 1128/1128 1194/1194
f 1266/1266 1203/1203 1078/1078
f 1266/1266 1078/1078 1139/1139
f 1160/1160 1098/1098 1223/1223
f 1191/1191 1127/1127 1189/1189
f 1192/1192 1188/1188 1190/1190
f 1268/1268 1140/1140 1204/1204
f 1203/1203 1202/1202 1138/1138
f 1139/1139 1140/1140 1267/1267
f 1223/1223 1098/1098 1100/1100
f 1173/1173 1171/1171 1234/1234
f 1252/1252 1188/1188 1192/1192
f 1190/1190 1252/1252 1192/1192
f 1257/1257 1270/1270 1195/1195
f 1270/1270 1206/1206 1195/1195
f 1258/1258 1132/1132 1196/1196
f 1259/1259 1258/1258 1133/1133
f 1258/1258 1196/1196 1133/1133
f 1329/1329 1202/1202 1203/1203
f 1166/1166 1227/1227 1164/1164
f 1232/1232 1169/1169 1230/1230
f 1169/1169 1167/1167 1230/1230
f 1231/1231 1168/1168 1170/1170
f 1233/1233 1170/1170 1172/1172
f 1236/1236 1173/1173 1234/1234
f 1235/1235 1172/1172 1174/1174
f 1241/1241 1239/1239 1178/1178
f 1239/1239 1176/1176 1178/1178
f 1242/1242 1179/1179 1240/1240
f 1179/1179 1177/1177 1240/1240
f 1181/1181 1179/1179 1242/1242
f 1183/1183 1181/1181 1244/1244
f 1246/1246 1183/1183 1244/1244
f 1245/1245 1180/1180 1182/1182
f 1249/1249 1186/1186 1250/1250
f 1256/1256 1254/1254 1194/1194
f 1257/1257 1131/1131 1323/1323
f 1195/1195 1131/1131 1257/1257
f 1205/1205 1206/1206 1269/1269
f 1222/1222 1159/1159 1221/1221
f 1159/1159 1158/1158 1221/1221
f 1225/1225 1223/1223 1100/1100
f 1227/1227 1162/1162 1164/1164
f 1229/1229 1227/1227 1166/1166
f 1233/1233 1172/1172 1235/1235
f 1244/1244 1181/1181 1242/1242
f 1248/1248 1183/1183 1246/1246
f 1185/1185 1183/1183 1248/1248
f 1187/1187 1185/1185 1248/1248
f 1251/1251 1189/1189 1316/1316
f 1193/1193 1129/1129 1321/1321
f 1269/1269 1204/1204 1205/1205
f 1288/1288 1161/1161 1224/1224
f 1323/1323 1131/1131 1193/1193
f 1325/1325 1198/1198 1260/1260
f 1395/1395 1205/1205 1269/1269
f 1327/1327 1199/1199 1200/1200
f 1264/1264 1327/1327 1200/1200
f 1329/1329 1201/1201 1202/1202
f 1267/1267 1266/1266 1139/1139
f 1226/1226 1163/1163 1290/1290
f 1308/1308 1244/1244 1242/1242
f 1315/1315 1250/1250 1252/1252
f 1323/1323 1193/1193 1321/1321
f 1394/1394 1204/1204 1269/1269
f 1327/1327 1264/1264 1200/1200
f 1327/1327 1200/1200 1265/1265
f 1328/1328 1265/1265 1201/1201
f 1330/1330 1391/1391 1266/1266
f 1391/1391 1203/1203 1266/1266
f 1289/1289 1162/1162 1227/1227
f 1308/1308 1242/1242 1306/1306
f 1309/1309 1307/1307 1245/1245
f 1310/1310 1248/1248 1246/1246
f 1323/1323 1270/1270 1257/1257
f 1324/1324 1258/1258 1259/1259
f 1394/1394 1268/1268 1204/1204
f 1328/1328 1327/1327 1265/1265
f 1330/1330 1266/1266 1267/1267
f 1282/1282 1218/1218 1281/1281
f 1218/1218 1217/1217 1281/1281
f 1283/1283 1219/1219 1282/1282
f 1219/1219 1218/1218 1282/1282
f 1284/1284 1220/1220 1283/1283
f 1220/1220 1219/1219 1283/1283
f 1285/1285 1221/1221 1284/1284
f 1221/1221 1220/1220 1284/1284
f 1286/1286 1221/1221 1285/1285
f 1291/1291 1289/1289 1227/1227
f 1293/1293 1291/1291 1229/1229
f 1291/1291 1227/1227 1229/1229
f 1294/1294 1230/1230 1292/1292
f 1230/1230 1228/1228 1292/1292
f 1296/1296 1232/1232 1294/1294
f 1232/1232 1230/1230 1294/1294
f 1305/1305 1303/1303 1239/1239
f 1306/1306 1242/1242 1304/1304
f 1242/1242 1240/1240 1304/1304
f 1246/1246 1244/1244 1308/1308
f 1314/1314 1187/1187 1248/1248
f 1315/1315 1252/1252 1317/1317
f 1385/1385 1325/1325 1260/1260
f 1328/1328 1201/1201 1329/1329
f 1391/1391 1329/1329 1203/1203
f 1310/1310 1246/1246 1308/1308
f 1314/1314 1248/1248 1312/1312
f 1318/1318 1251/1251 1316/1316
f 1396/1396 1269/1269 1270/1270
f 1396/1396 1270/1270 1331/1331
f 1347/1347 1286/1286 1285/1285
f 1349/1349 1224/1224 1288/1288
f 1361/1361 1300/1300 1298/1298
f 1248/1248 1310/1310 1312/1312
f 1313/1313 1311/1311 1315/1315
f 1382/1382 1324/1324 1259/1259
f 1395/1395 1394/1394 1269/1269
f 1452/1452 1264/1264 1327/1327
f 1392/1392 1330/1330 1267/1267
f 1345/1345 1285/1285 1284/1284
f 1367/1367 1306/1306 1304/1304
f 1368/1368 1305/1305 1307/1307
f 1368/1368 1307/1307 1309/1309
f 1370/1370 1368/1368 1309/1309
f 1370/1370 1309/1309 1311/1311
f 1312/1312 1310/1310 1372/1372
f 1375/1375 1315/1315 1317/1317
f 1375/1375 1317/1317 1376/1376
f 1393/1393 1267/1267 1268/1268
f 1393/1393 1268/1268 1394/1394
f 1390/1390 1389/1389 1329/1329
f 1389/1389 1328/1328 1329/1329
f 1390/1390 1329/1329 1391/1391
f 1343/1343 1282/1282 1342/1342
f 1282/1282 1281/1281 1342/1342
f 1283/1283 1282/1282 1343/1343
f 1344/1344 1283/1283 1343/1343
f 1345/1345 1284/1284 1344/1344
f 1284/1284 1283/1283 1344/1344
f 1346/1346 1285/1285 1345/1345
f 1351/1351 1290/1290 1349/1349
f 1356/1356 1354/1354 1295/1295
f 1357/1357 1296/1296 1355/1355
f 1296/1296 1294/1294 1355/1355
f 1359/1359 1298/1298 1296/1296
f 1363/1363 1302/1302 1361/1361
f 1302/1302 1300/1300 1361/1361
f 1367/1367 1304/1304 1365/1365
f 1366/1366 1305/1305 1368/1368
f 1373/1373 1371/1371 1311/1311
f 1373/1373 1311/1311 1313/1313
f 1373/1373 1313/1313 1315/1315
f 1455/1455 1269/1269 1396/1396
f 1447/1447 1382/1382 1259/1259
f 1391/1391 1330/1330 1392/1392
f 1349/1349 1288/1288 1347/1347
f 1353/1353 1290/1290 1416/1416
f 1310/1310 1308/1308 1369/1369
f 1371/1371 1370/1370 1311/1311
f 1318/1318 1316/1316 1377/1377
f 1444/1444 1381/1381 1256/1256
f 1444/1444 1256/1256 1322/1322
f 1372/1372 1310/1310 1369/1369
f 1373/1373 1315/1315 1375/1375
f 1446/1446 1382/1382 1324/1324
f 1456/1456 1455/1455 1396/1396
f 1456/1456 1396/1396 1331/1331
f 1456/1456 1331/1331 1270/1270
f 1446/1446 1324/1324 1382/1382
f 1448/1448 1325/1325 1385/1385
f 1431/1431 1364/1364 1366/1366
f 1434/1434 1369/1369 1367/1367
f 1436/1436 1369/1369 1434/1434
f 1372/1372 1369/1369 1436/1436
f 1438/1438 1374/1374 1372/1372
f 1445/1445 1456/1456 1323/1323
f 1456/1456 1270/1270 1323/1323
f 1455/1455 1394/1394 1395/1395
f 1408/1408 1343/1343 1407/1407
f 1343/1343 1342/1342 1407/1407
f 1410/1410 1344/1344 1409/1409
f 1345/1345 1344/1344 1410/1410
f 1422/1422 1357/1357 1420/1420
f 1357/1357 1355/1355 1420/1420
f 1426/1426 1359/1359 1424/1424
f 1426/1426 1361/1361 1359/1359
f 1425/1425 1423/1423 1360/1360
f 1423/1423 1358/1358 1360/1360
f 1428/1428 1363/1363 1426/1426
f 1363/1363 1361/1361 1426/1426
f 1425/1425 1360/1360 1362/1362
f 1427/1427 1425/1425 1362/1362
f 1429/1429 1427/1427 1362/1362
f 1434/1434 1367/1367 1432/1432
f 1438/1438 1372/1372 1436/1436
f 1439/1439 1373/1373 1375/1375
f 1440/1440 1439/1439 1375/1375
f 1440/1440 1375/1375 1376/1376
f 1442/1442 1440/1440 1376/1376
f 1394/1394 1571/1571 1393/1393
f 1449/1449 1385/1385 1386/1386
f 1397/1397 1348/1348 1413/1413
f 1415/1415 1413/1413 1350/1350
f 1424/1424 1357/1357 1422/1422
f 1430/1430 1365/1365 1428/1428
f 1365/1365 1363/1363 1428/1428
f 1429/1429 1364/1364 1431/1431
f 1431/1431 1366/1366 1368/1368
f 1452/1452 1327/1327 1328/1328
f 1453/1453 1328/1328 1389/1389
f 1510/1510 1391/1391 1392/1392
f 1436/1436 1434/1434 1432/1432
f 1321/1321 1380/1380 1503/1503
f 1505/1505 1323/1323 1503/1503
f 1323/1323 1321/1321 1503/1503
f 1504/1504 1444/1444 1381/1381
f 1511/1511 1394/1394 1455/1455
f 1635/1635 1389/1389 1390/1390
f 1635/1635 1390/1390 1454/1454
f 1472/1472 1347/1347 1412/1412
f 1424/1424 1422/1422 1482/1482
f 1488/1488 1432/1432 1430/1430
f 1506/1506 1446/1446 1382/1382
f 1506/1506 1382/1382 1447/1447
f 1511/1511 1571/1571 1394/1394
f 1636/1636 1454/1454 1390/1390
f 1636/1636 1390/1390 1391/1391
f 1471/1471 1411/1411 1470/1470
f 1411/1411 1410/1410 1470/1470
f 1397/1397 1413/1413 1473/1473
f 1477/1477 1475/1475 1415/1415
f 1477/1477 1415/1415 1417/1417
f 1479/1479 1477/1477 1419/1419
f 1426/1426 1424/1424 1484/1484
f 1485/1485 1483/1483 1425/1425
f 1483/1483 1423/1423 1425/1425
f 1485/1485 1425/1425 1427/1427
f 1487/1487 1429/1429 1431/1431
f 1489/1489 1487/1487 1431/1431
f 1436/1436 1432/1432 1490/1490
f 1502/1502 1442/1442 1443/1443
f 1636/1636 1391/1391 1510/1510
f 1474/1474 1414/1414 1531/1531
f 1478/1478 1418/1418 1476/1476
f 1424/1424 1482/1482 1484/1484
f 1543/1543 1428/1428 1426/1426
f 1430/1430 1428/1428 1543/1543
f 1488/1488 1430/1430 1547/1547
f 1492/1492 1433/1433 1435/1435
f 1641/1641 1456/1456 1445/1445
f 1512/1512 1455/1455 1456/1456
f 1633/1633 1452/1452 1328/1328
f 1634/1634 1389/1389 1635/1635
f 1412/1412 1411/1411 1471/1471
f 1552/1552 1436/1436 1490/1490
f 1491/1491 1433/1433 1492/1492
f 1493/1493 1436/1436 1552/1552
f 1500/1500 1442/1442 1502/1502
f 1502/1502 1443/1443 1504/1504
f 1572/1572 1511/1511 1455/1455
f 1573/1573 1572/1572 1455/1455
f 1567/1567 1449/1449 1509/1509
f 1570/1570 1452/1452 1633/1633
f 1634/1634 1633/1633 1328/1328
f 1634/1634 1328/1328 1453/1453
f 1472/1472 1412/1412 1471/1471
f 1543/1543 1426/1426 1484/1484
f 1490/1490 1432/1432 1488/1488
f 1558/1558 1500/1500 1502/1502
f 1560/1560 1502/1502 1443/1443
f 1560/1560 1443/1443 1502/1502
f 1562/1562 1502/1502 1504/1504
f 1563/1563 1445/1445 1505/1505
f 1563/1563 1445/1445 1505/1505
f 1562/1562 1504/1504 1444/1444
f 1505/1505 1445/1445 1563/1563
f 1563/1563 1641/1641 1445/1445
f 1574/1574 1512/1512 1456/1456
f 1574/1574 1456/1456 1513/1513
f 1565/1565 1564/1564 1447/1447
f 1564/1564 1506/1506 1447/1447
f 1637/1637 1392/1392 1571/1571
f 1634/1634 1453/1453 1389/1389
f 1635/1635 1454/1454 1636/1636
f 1532/1532 1530/1530 1475/1475
f 1530/1530 1473/1473 1475/1475
f 1533/1533 1478/1478 1476/1476
f 1540/1540 1481/1481 1483/1483
f 1540/1540 1483/1483 1485/1485
f 1484/1484 1482/1482 1541/1541
f 1543/1543 1484/1484 1541/1541
f 1430/1430 1543/1543 1545/1545
f 1547/1547 1430/1430 1545/1545
f 1549/1549 1488/1488 1547/1547
f 1550/1550 1489/1489 1491/1491
f 1551/1551 1491/1491 1492/1492
f 1551/1551 1492/1492 1494/1494
f 1556/1556 1496/1496 1498/1498
f 1501/1501 1499/1499 1559/1559
f 1572/1572 1571/1571 1511/1511
f 1630/1630 1567/1567 1509/1509
f 1528/1528 1471/1471 1527/1527
f 1471/1471 1470/1470 1527/1527
f 1514/1514 1457/1457 1530/1530
f 1457/1457 1473/1473 1530/1530
f 1515/1515 1458/1458 1514/1514
f 1458/1458 1457/1457 1514/1514
f 1535/1535 1478/1478 1533/1533
f 1534/1534 1475/1475 1477/1477
f 1537/1537 1480/1480 1535/1535
f 1480/1480 1478/1478 1535/1535
f 1538/1538 1536/1536 1479/1479
f 1481/1481 1538/1538 1479/1479
f 1548/1548 1546/1546 1489/1489
f 1546/1546 1487/1487 1489/1489
f 1490/1490 1488/1488 1549/1549
f 1550/1550 1491/1491 1551/1551
f 1553/1553 1494/1494 1496/1496
f 1554/1554 1553/1553 1496/1496
f 1554/1554 1496/1496 1556/1556
f 1557/1557 1499/1499 1555/1555
f 1559/1559 1499/1499 1557/1557
f 1625/1625 1505/1505 1563/1563
f 1532/1532 1475/1475 1534/1534
f 1538/1538 1481/1481 1540/1540
f 1541/1541 1482/1482 1539/1539
f 1548/1548 1489/1489 1550/1550
f 1552/1552 1490/1490 1549/1549
f 1553/1553 1551/1551 1494/1494
f 1602/1602 1543/1543 1541/1541
f 1638/1638 1571/1571 1572/1572
f 1575/1575 1514/1514 1530/1530
f 1596/1596 1535/1535 1594/1594
f 1535/1535 1533/1533 1594/1594
f 1602/1602 1541/1541 1539/1539
f 1612/1612 1550/1550 1551/1551
f 1553/1553 1612/1612 1551/1551
f 1615/1615 1552/1552 1613/1613
f 1689/1689 1562/1562 1504/1504
f 1624/1624 1689/1689 1562/1562
f 1689/1689 1504/1504 1562/1562
f 1629/1629 1567/1567 1630/1630
f 1586/1586 1525/1525 1585/1585
f 1525/1525 1524/1524 1585/1585
f 1587/1587 1526/1526 1586/1586
f 1526/1526 1525/1525 1586/1586
f 1589/1589 1528/1528 1588/1588
f 1528/1528 1527/1527 1588/1588
f 1590/1590 1528/1528 1589/1589
f 1597/1597 1595/1595 1536/1536
f 1599/1599 1597/1597 1538/1538
f 1597/1597 1536/1536 1538/1538
f 1599/1599 1538/1538 1540/1540
f 1601/1601 1599/1599 1540/1540
f 1602/1602 1539/1539 1600/1600
f 1606/1606 1545/1545 1543/1543
f 1547/1547 1545/1545 1606/1606
f 1549/1549 1547/1547 1606/1606
f 1610/1610 1608/1608 1550/1550
f 1612/1612 1610/1610 1550/1550
f 1552/1552 1549/1549 1613/1613
f 1614/1614 1612/1612 1553/1553
f 1616/1616 1554/1554 1556/1556
f 1627/1627 1626/1626 1565/1565
f 1626/1626 1564/1564 1565/1565
f 1639/1639 1638/1638 1572/1572
f 1639/1639 1572/1572 1573/1573
f 1575/1575 1530/1530 1591/1591
f 1592/1592 1529/1529 1590/1590
f 1543/1543 1602/1602 1604/1604
f 1613/1613 1549/1549 1611/1611
f 1618/1618 1556/1556 1558/1558
f 1623/1623 1561/1561 1559/1559
f 1690/1690 1563/1563 1503/1503
f 1750/1750 1564/1564 1626/1626
f 1640/1640 1573/1573 1512/1512
f 1640/1640 1512/1512 1574/1574
f 1638/1638 1637/1637 1571/1571
f 1606/1606 1543/1543 1604/1604
f 1611/1611 1549/1549 1609/1609
f 1620/1620 1618/1618 1558/1558
f 1623/1623 1559/1559 1621/1621
f 1761/1761 1638/1638 1639/1639
f 1694/1694 1633/1633 1634/1634
f 1694/1694 1634/1634 1635/1635
f 1695/1695 1635/1635 1636/1636
f 1657/1657 1590/1590 1589/1589
f 1549/1549 1606/1606 1609/1609
f 1675/1675 1608/1608 1610/1610
f 1641/1641 1640/1640 1574/1574
f 1761/1761 1637/1637 1638/1638
f 1586/1586 1585/1585 1653/1653
f 1654/1654 1587/1587 1653/1653
f 1587/1587 1586/1586 1653/1653
f 1655/1655 1588/1588 1654/1654
f 1588/1588 1587/1587 1654/1654
f 1656/1656 1589/1589 1655/1655
f 1589/1589 1588/1588 1655/1655
f 1642/1642 1575/1575 1658/1658
f 1575/1575 1591/1591 1658/1658
f 1661/1661 1594/1594 1717/1717
f 1662/1662 1593/1593 1595/1595
f 1604/1604 1602/1602 1669/1669
f 1606/1606 1604/1604 1669/1669
f 1609/1609 1606/1606 1673/1673
f 1674/1674 1607/1607 1608/1608
f 1675/1675 1674/1674 1608/1608
f 1683/1683 1614/1614 1616/1616
f 1618/1618 1683/1683 1616/1616
f 1619/1619 1617/1617 1684/1684
f 1807/1807 1621/1621 1745/1745
f 1749/1749 1563/1563 1690/1690
f 1763/1763 1573/1573 1640/1640
f 1691/1691 1626/1626 1627/1627
f 1696/1696 1695/1695 1636/1636
f 1657/1657 1589/1589 1656/1656
f 1642/1642 1643/1643 1575/1575
f 1643/1643 1576/1576 1575/1575
f 1660/1660 1658/1658 1593/1593
f 1658/1658 1591/1591 1593/1593
f 1602/1602 1600/1600 1667/1667
f 1669/1669 1602/1602 1667/1667
f 1677/1677 1675/1675 1610/1610
f 1684/1684 1617/1617 1682/1682
f 1685/1685 1683/1683 1618/1618
f 1621/1621 1619/1619 1684/1684
f 1685/1685 1618/1618 1620/1620
f 1686/1686 1685/1685 1620/1620
f 1697/1697 1641/1641 1690/1690
f 1691/1691 1750/1750 1626/1626
f 1697/1697 1640/1640 1641/1641
f 1757/1757 1694/1694 1634/1634
f 1757/1757 1634/1634 1694/1694
f 1695/1695 1758/1758 1635/1635
f 1660/1660 1593/1593 1662/1662
f 1749/1749 1697/1697 1690/1690
f 1751/1751 1691/1691 1627/1627
f 1639/1639 1573/1573 1762/1762
f 1758/1758 1694/1694 1635/1635
f 1698/1698 1642/1642 1658/1658
f 1592/1592 1659/1659 1715/1715
f 1725/1725 1669/1669 1667/1667
f 1742/1742 1683/1683 1685/1685
f 1690/1690 1625/1625 1749/1749
f 1764/1764 1697/1697 1749/1749
f 1763/1763 1640/1640 1697/1697
f 1760/1760 1637/1637 1761/1761
f 1762/1762 1761/1761 1639/1639
f 1694/1694 1756/1756 1633/1633
f 1759/1759 1758/1758 1695/1695
f 1709/1709 1653/1653 1708/1708
f 1653/1653 1652/1652 1708/1708
f 1710/1710 1654/1654 1709/1709
f 1654/1654 1653/1653 1709/1709
f 1698/1698 1658/1658 1714/1714
f 1721/1721 1663/1663 1719/1719
f 1720/1720 1718/1718 1664/1664
f 1718/1718 1662/1662 1664/1664
f 1723/1723 1665/1665 1721/1721
f 1667/1667 1665/1665 1723/1723
f 1722/1722 1666/1666 1668/1668
f 1732/1732 1674/1674 1675/1675
f 1740/1740 1681/1681 1683/1683
f 1764/1764 1763/1763 1697/1697
f 1759/1759 1695/1695 1696/1696
f 1716/1716 1658/1658 1660/1660
f 1722/1722 1720/1720 1666/1666
f 1720/1720 1664/1664 1666/1666
f 1724/1724 1668/1668 1726/1726
f 1736/1736 1734/1734 1679/1679
f 1734/1734 1677/1677 1679/1679
f 1736/1736 1679/1679 1738/1738
f 1738/1738 1681/1681 1740/1740
f 1742/1742 1740/1740 1683/1683
f 1811/1811 1749/1749 1690/1690
f 1751/1751 1750/1750 1691/1691
f 1816/1816 1693/1693 1753/1753
f 1781/1781 1658/1658 1714/1714
f 1714/1714 1658/1658 1716/1716
f 1809/1809 1623/1623 1747/1747
f 1688/1688 1623/1623 1809/1809
f 1822/1822 1760/1760 1761/1761
f 1781/1781 1658/1658 1714/1714
f 1661/1661 1717/1717 1784/1784
f 1723/1723 1721/1721 1788/1788
f 1805/1805 1742/1742 1744/1744
f 1806/1806 1744/1744 1746/1746
f 1825/1825 1763/1763 1764/1764
f 1820/1820 1694/1694 1758/1758
f 1713/1713 1712/1712 1779/1779
f 1785/1785 1718/1718 1720/1720
f 1725/1725 1723/1723 1790/1790
f 1738/1738 1802/1802 1736/1736
f 1806/1806 1805/1805 1744/1744
f 1808/1808 1806/1806 1746/1746
f 1812/1812 1748/1748 1750/1750
f 1823/1823 1822/1822 1761/1761
f 1824/1824 1823/1823 1761/1761
f 1824/1824 1761/1761 1762/1762
f 1818/1818 1694/1694 1757/1757
f 1778/1778 1711/1711 1710/1710
f 1777/1777 1710/1710 1776/1776
f 1710/1710 1709/1709 1776/1776
f 1780/1780 1713/1713 1779/1779
f 1715/1715 1713/1713 1780/1780
f 1785/1785 1783/1783 1718/1718
f 1787/1787 1785/1785 1720/1720
f 1789/1789 1787/1787 1720/1720
f 1790/1790 1723/1723 1788/1788
f 1789/1789 1720/1720 1722/1722
f 1789/1789 1722/1722 1724/1724
f 1727/1727 1725/1725 1792/1792
f 1798/1798 1730/1730 1732/1732
f 1800/1800 1798/1798 1734/1734
f 1798/1798 1732/1732 1734/1734
f 1803/1803 1802/1802 1738/1738
f 1888/1888 1825/1825 1764/1764
f 1818/1818 1756/1756 1694/1694
f 1819/1819 1757/1757 1694/1694
f 1884/1884 1820/1820 1759/1759
f 1820/1820 1758/1758 1759/1759
f 1884/1884 1759/1759 1821/1821
f 1789/1789 1724/1724 1791/1791
f 1792/1792 1725/1725 1790/1790
f 1854/1854 1727/1727 1792/1792
f 1873/1873 1688/1688 1809/1809
f 1874/1874 1808/1808 1748/1748
f 1808/1808 1746/1746 1748/1748
f 1819/1819 1818/1818 1757/1757
f 1883/1883 1819/1819 1694/1694
f 1883/1883 1694/1694 1820/1820
f 1842/1842 1765/1765 1781/1781
f 1843/1843 1715/1715 1780/1780
f 1865/1865 1802/1802 1803/1803
f 1809/1809 1747/1747 1873/1873
f 1875/1875 1749/1749 1690/1690
f 1824/1824 1886/1886 1823/1823
f 1776/1776 1775/1775 1836/1836
f 1844/1844 1783/1783 1785/1785
f 1850/1850 1790/1790 1848/1848
f 1791/1791 1849/1849 1789/1789
f 1852/1852 1792/1792 1790/1790
f 1854/1854 1792/1792 1852/1852
f 1871/1871 1806/1806 1808/1808
f 1947/1947 1822/1822 1823/1823
f 1947/1947 1823/1823 1886/1886
f 1777/1777 1776/1776 1837/1837
f 1838/1838 1777/1777 1837/1837
f 1778/1778 1777/1777 1838/1838
f 1840/1840 1779/1779 1839/1839
f 1779/1779 1778/1778 1839/1839
f 1827/1827 1766/1766 1765/1765
f 1841/1841 1780/1780 1840/1840
f 1780/1780 1779/1779 1840/1840
f 1826/1826 1765/1765 1842/1842
f 1845/1845 1844/1844 1785/1785
f 1788/1788 1786/1786 1846/1846
f 1848/1848 1790/1790 1846/1846
f 1790/1790 1788/1788 1846/1846
f 1849/1849 1847/1847 1789/1789
f 1847/1847 1787/1787 1789/1789
f 1851/1851 1849/1849 1791/1791
f 1852/1852 1790/1790 1850/1850
f 1795/1795 1854/1854 1858/1858
f 1857/1857 1855/1855 1796/1796
f 1855/1855 1794/1794 1796/1796
f 1863/1863 1861/1861 1800/1800
f 1872/1872 1871/1871 1808/1808
f 1935/1935 1809/1809 1873/1873
f 1873/1873 1809/1809 1935/1935
f 1999/1999 1749/1749 1811/1811
f 2012/2012 1886/1886 1824/1824
f 1944/1944 1818/1818 1819/1819
f 2007/2007 1819/1819 1883/1883
f 1856/1856 1854/1854 1852/1852
f 1948/1948 1825/1825 1888/1888
f 1943/1943 1818/1818 1944/1944
f 2008/2008 1883/1883 1820/1820
f 1935/1935 1807/1807 1933/1933
f 1875/1875 1749/1749 1937/1937
f 1946/1946 1822/1822 1885/1885
f 1945/1945 1820/1820 1884/1884
f 1906/1906 1843/1843 1841/1841
f 1905/1905 1842/1842 1844/1844
f 1848/1848 1846/1846 1973/1973
f 1911/1911 1847/1847 1849/1849
f 1858/1858 1852/1852 1854/1854
f 1856/1856 1858/1858 1854/1854
f 1857/1857 1916/1916 1855/1855
f 1932/1932 1871/1871 1872/1872
f 1936/1936 1934/1934 1874/1874
f 1934/1934 1872/1872 1874/1874
f 1888/1888 1875/1875 1937/1937
f 1887/1887 1825/1825 1948/1948
f 2010/2010 1822/1822 1947/1947
f 1944/1944 1819/1819 2007/2007
f 2008/2008 2007/2007 1883/1883
f 1902/1902 1839/1839 1901/1901
f 1839/1839 1838/1838 1901/1901
f 1903/1903 1840/1840 1902/1902
f 1840/1840 1839/1839 1902/1902
f 1826/1826 1842/1842 1905/1905
f 1912/1912 1849/1849 1851/1851
f 1912/1912 1851/1851 1853/1853
f 1915/1915 1854/1854 1913/1913
f 1854/1854 1852/1852 1913/1913
f 1917/1917 1854/1854 1915/1915
f 1855/1855 1914/1914 1853/1853
f 1856/1856 1854/1854 1917/1917
f 1919/1919 1856/1856 1917/1917
f 1858/1858 1856/1856 1919/1919
f 1918/1918 1916/1916 1857/1857
f 1918/1918 1857/1857 1859/1859
f 1923/1923 1862/1862 1921/1921
f 1998/1998 1874/1874 1876/1876
f 2010/2010 1885/1885 1822/1822
f 1945/1945 2008/2008 1820/1820
f 1904/1904 1841/1841 1903/1903
f 1841/1841 1840/1840 1903/1903
f 1966/1966 1842/1842 1905/1905
f 1911/1911 1849/1849 1912/1912
f 1914/1914 1855/1855 1916/1916
f 1922/1922 1920/1920 1861/1861
f 1906/1906 1841/1841 1965/1965
f 1906/1906 1843/1843 1967/1967
f 1967/1967 1843/1843 1906/1906
f 1914/1914 1911/1911 1912/1912
f 1914/1914 1912/1912 1853/1853
f 1926/1926 1988/1988 1865/1865
f 1988/1988 1863/1863 1865/1865
f 1933/1933 1870/1870 1931/1931
f 2062/2062 1999/1999 1811/1811
f 2013/2013 1948/1948 1888/1888
f 2010/2010 1946/1946 1885/1885
f 1965/1965 1841/1841 1904/1904
f 1846/1846 1908/1908 1971/1971
f 1921/1921 1919/1919 1983/1983
f 1924/1924 1988/1988 1926/1926
f 1997/1997 1873/1873 1935/1935
f 2000/2000 1876/1876 1938/1938
f 2078/2078 2012/2012 1887/1887
f 1961/1961 1900/1900 1960/1960
f 1900/1900 1899/1899 1960/1960
f 1963/1963 1902/1902 1962/1962
f 1902/1902 1901/1901 1962/1962
f 1964/1964 1903/1903 1963/1963
f 1903/1903 1902/1902 1963/1963
f 1965/1965 1904/1904 1903/1903
f 1950/1950 1889/1889 1966/1966
f 1889/1889 1905/1905 1966/1966
f 1973/1973 1846/1846 1971/1971
f 1972/1972 1910/1910 1911/1911
f 1915/1915 1913/1913 1977/1977
f 1980/1980 1978/1978 1914/1914
f 1980/1980 1914/1914 1916/1916
f 1984/1984 1982/1982 1920/1920
f 1982/1982 1918/1918 1920/1920
f 1921/1921 1983/1983 1985/1985
f 1990/1990 1988/1988 1926/1926
f 1988/1988 1924/1924 1926/1926
f 1992/1992 1990/1990 1928/1928
f 1990/1990 1926/1926 1928/1928
f 1992/1992 1928/1928 1930/1930
f 1995/1995 1992/1992 1932/1932
f 1992/1992 1930/1930 1932/1932
f 1996/1996 1932/1932 1934/1934
f 2078/2078 1887/1887 1948/1948
f 2010/2010 2009/2009 1946/1946
f 2009/2009 1945/1945 1884/1884
f 1960/1960 1899/1899 1959/1959
f 1951/1951 1890/1890 1950/1950
f 1890/1890 1889/1889 1950/1950
f 1981/1981 1915/1915 1979/1979
f 1986/1986 1984/1984 1922/1922
f 1984/1984 1920/1920 1922/1922
f 1935/1935 1933/1933 2060/2060
f 2078/2078 1948/1948 2013/2013
f 2011/2011 2010/2010 1947/1947
f 2012/2012 2011/2011 1886/1886
f 2011/2011 1947/1947 1886/1886
f 2033/2033 1969/1969 1967/1967
f 1971/1971 1908/1908 1969/1969
f 1977/1977 1913/1913 2041/2041
f 1989/1989 1925/1925 1987/1987
f 1925/1925 1923/1923 1987/1987
f 1994/1994 1992/1992 1995/1995
f 2059/2059 1994/1994 1995/1995
f 2075/2075 2010/2010 2011/2011
f 1950/1950 1966/1966 2030/2030
f 2033/2033 1967/1967 2031/2031
f 1972/1972 1968/1968 1970/1970
f 1979/1979 1915/1915 1977/1977
f 2050/2050 1986/1986 1988/1988
f 2064/2064 1999/1999 2062/2062
f 2071/2071 1943/1943 1944/1944
f 2072/2072 2007/2007 2008/2008
f 2073/2073 2008/2008 1945/1945
f 2031/2031 1967/1967 2029/2029
f 1967/1967 1965/1965 2029/2029
f 2050/2050 1984/1984 1986/1986
f 1989/1989 1987/1987 2051/2051
f 2052/2052 2050/2050 1988/1988
f 2052/2052 1988/1988 1990/1990
f 2057/2057 2056/2056 1992/1992
f 2057/2057 1992/1992 1994/1994
f 2079/2079 2078/2078 2013/2013
f 2072/2072 2071/2071 2007/2007
f 2071/2071 1944/1944 2007/2007
f 2026/2026 1962/1962 2025/2025
f 1962/1962 1961/1961 2025/2025
f 2024/2024 1960/1960 2023/2023
f 1961/1961 1960/1960 2024/2024
f 2032/2032 1966/1966 1968/1968
f 2036/2036 2034/2034 1968/1968
f 2036/2036 1968/1968 1972/1972
f 2038/2038 2036/2036 1972/1972
f 2038/2038 1972/1972 1974/1974
f 2045/2045 1981/1981 2043/2043
f 1981/1981 1979/1979 2043/2043
f 2047/2047 1983/1983 2045/2045
f 1983/1983 1981/1981 2045/2045
f 2046/2046 1982/1982 1984/1984
f 2049/2049 1985/1985 2047/2047
f 1985/1985 1983/1983 2047/2047
f 2048/2048 2046/2046 1984/1984
f 2048/2048 1984/1984 2050/2050
f 2053/2053 1989/1989 2051/2051
f 2054/2054 2052/2052 1990/1990
f 1992/1992 2054/2054 1990/1990
f 1997/1997 1935/1935 2062/2062
f 2066/2066 2000/2000 2001/2001
f 2075/2075 2074/2074 2010/2010
f 2074/2074 2009/2009 2010/2010
f 2076/2076 2075/2075 2011/2011
f 2076/2076 2011/2011 2012/2012
f 2136/2136 2072/2072 2008/2008
f 2030/2030 1966/1966 2032/2032
f 2034/2034 2032/2032 1968/1968
f 2035/2035 1969/1969 2033/2033
f 2065/2065 2000/2000 2066/2066
f 2136/2136 2008/2008 2073/2073
f 2095/2095 1965/1965 2029/2029
f 2120/2120 2054/2054 2056/2056
f 2054/2054 1992/1992 2056/2056
f 2129/2129 2062/2062 1997/1997
f 1999/1999 2064/2064 2131/2131
f 2141/2141 2078/2078 2079/2079
f 2093/2093 2027/2027 2026/2026
f 2111/2111 2045/2045 2043/2043
f 2130/2130 2063/2063 1998/1998
f 2141/2141 2079/2079 2064/2064
f 2201/2201 2074/2074 2075/2075
f 2138/2138 2075/2075 2076/2076
f 2077/2077 2138/2138 2076/2076
f 2090/2090 2024/2024 2089/2089
f 2091/2091 2024/2024 2090/2090
f 2025/2025 2024/2024 2091/2091
f 2080/2080 2014/2014 2096/2096
f 2014/2014 2030/2030 2096/2096
f 2101/2101 2035/2035 2033/2033
f 2100/2100 2034/2034 2036/2036
f 2102/2102 2100/2100 2036/2036
f 2102/2102 2036/2036 2038/2038
f 2104/2104 2102/2102 2038/2038
f 2106/2106 2104/2104 2040/2040
f 2104/2104 2038/2038 2040/2040
f 2108/2108 2106/2106 2042/2042
f 2043/2043 2041/2041 2109/2109
f 2110/2110 2108/2108 2042/2042
f 2110/2110 2042/2042 2044/2044
f 2112/2112 2110/2110 2046/2046
f 2110/2110 2044/2044 2046/2046
f 2113/2113 2047/2047 2111/2111
f 2047/2047 2045/2045 2111/2111
f 2114/2114 2112/2112 2048/2048
f 2112/2112 2046/2046 2048/2048
f 2119/2119 2053/2053 2117/2117
f 2053/2053 2051/2051 2117/2117
f 2118/2118 2052/2052 2054/2054
f 2118/2118 2054/2054 2120/2120
f 2190/2190 2063/2063 2130/2130
f 2131/2131 2141/2141 2064/2064
f 2137/2137 2075/2075 2138/2138
f 2081/2081 2014/2014 2080/2080
f 2099/2099 2031/2031 2097/2097
f 2100/2100 2032/2032 2034/2034
f 2122/2122 2120/2120 2056/2056
f 2122/2122 2056/2056 2057/2057
f 2122/2122 2057/2057 2124/2124
f 2193/2193 2133/2133 2066/2066
f 2200/2200 2073/2073 2074/2074
f 2137/2137 2201/2201 2075/2075
f 2261/2261 2071/2071 2072/2072
f 2163/2163 2101/2101 2161/2161
f 2101/2101 2033/2033 2161/2161
f 2170/2170 2110/2110 2112/2112
f 2133/2133 2193/2193 2066/2066
f 2200/2200 2074/2074 2201/2201
f 2138/2138 2077/2077 2139/2139
f 2261/2261 2072/2072 2136/2136
f 2123/2123 2121/2121 2183/2183
f 2187/2187 2126/2126 2128/2128
f 2187/2187 2128/2128 2189/2189
f 2202/2202 2140/2140 2141/2141
f 2199/2199 2136/2136 2073/2073
f 2152/2152 2090/2090 2089/2089
f 2092/2092 2091/2091 2153/2153
f 2156/2156 2094/2094 2155/2155
f 2094/2094 2093/2093 2155/2155
f 2081/2081 2080/2080 2142/2142
f 2095/2095 2094/2094 2156/2156
f 2097/2097 2095/2095 2157/2157
f 2166/2166 2102/2102 2104/2104
f 2167/2167 2105/2105 2165/2165
f 2105/2105 2103/2103 2165/2165
f 2166/2166 2104/2104 2106/2106
f 2169/2169 2107/2107 2167/2167
f 2168/2168 2166/2166 2106/2106
f 2168/2168 2106/2106 2108/2108
f 2170/2170 2168/2168 2108/2108
f 2170/2170 2108/2108 2110/2110
f 2177/2177 2115/2115 2175/2175
f 2115/2115 2113/2113 2175/2175
f 2179/2179 2117/2117 2177/2177
f 2117/2117 2115/2115 2177/2177
f 2183/2183 2121/2121 2119/2119
f 2187/2187 2185/2185 2126/2126
f 2185/2185 2124/2124 2126/2126
f 2190/2190 2128/2128 2130/2130
f 2254/2254 2132/2132 2192/2192
f 2266/2266 2140/2140 2202/2202
f 2155/2155 2092/2092 2154/2154
f 2143/2143 2081/2081 2142/2142
f 2033/2033 2099/2099 2223/2223
f 2172/2172 2170/2170 2112/2112
f 2174/2174 2172/2172 2112/2112
f 2176/2176 2174/2174 2114/2114
f 2174/2174 2112/2112 2114/2114
f 2179/2179 2177/2177 2175/2175
f 2178/2178 2116/2116 2180/2180
f 2183/2183 2119/2119 2181/2181
f 2255/2255 2133/2133 2193/2193
f 2262/2262 2199/2199 2073/2073
f 2262/2262 2073/2073 2200/2200
f 2157/2157 2095/2095 2156/2156
f 2223/2223 2099/2099 2097/2097
f 2161/2161 2033/2033 2223/2223
f 2226/2226 2103/2103 2101/2101
f 2165/2165 2103/2103 2226/2226
f 2179/2179 2175/2175 2177/2177
f 2183/2183 2181/2181 2242/2242
f 2189/2189 2128/2128 2190/2190
f 2255/2255 2193/2193 2133/2133
f 2265/2265 2139/2139 2140/2140
f 2267/2267 2202/2202 2141/2141
f 2221/2221 2097/2097 2219/2219
f 2097/2097 2157/2157 2219/2219
f 2226/2226 2101/2101 2163/2163
f 2173/2173 2171/2171 2234/2234
f 2240/2240 2179/2179 2177/2177
f 2253/2253 2131/2131 2129/2129
f 2191/2191 2131/2131 2253/2253
f 2252/2252 2190/2190 2130/2130
f 2266/2266 2265/2265 2140/2140
f 2214/2214 2152/2152 2151/2151
f 2204/2204 2142/2142 2158/2158
f 2284/2284 2096/2096 2160/2160
f 2222/2222 2160/2160 2098/2098
f 2230/2230 2169/2169 2167/2167
f 2177/2177 2173/2173 2234/2234
f 2238/2238 2177/2177 2234/2234
f 2181/2181 2179/2179 2240/2240
f 2244/2244 2183/2183 2242/2242
f 2248/2248 2187/2187 2189/2189
f 2317/2317 2191/2191 2253/2253
f 2253/2253 2191/2191 2317/2317
f 2327/2327 2266/2266 2202/2202
f 2327/2327 2202/2202 2267/2267
f 2264/2264 2201/2201 2137/2137
f 2154/2154 2153/2153 2216/2216
f 2217/2217 2155/2155 2216/2216
f 2155/2155 2154/2154 2216/2216
f 2205/2205 2143/2143 2204/2204
f 2219/2219 2157/2157 2218/2218
f 2157/2157 2156/2156 2218/2218
f 2286/2286 2284/2284 2160/2160
f 2286/2286 2160/2160 2222/2222
f 2167/2167 2165/2165 2226/2226
f 2228/2228 2167/2167 2226/2226
f 2230/2230 2167/2167 2228/2228
f 2232/2232 2171/2171 2230/2230
f 2171/2171 2169/2169 2230/2230
f 2235/2235 2233/2233 2174/2174
f 2233/2233 2172/2172 2174/2174
f 2237/2237 2235/2235 2176/2176
f 2235/2235 2174/2174 2176/2176
f 2239/2239 2237/2237 2178/2178
f 2242/2242 2181/2181 2240/2240
f 2250/2250 2248/2248 2189/2189
f 2252/2252 2250/2250 2190/2190
f 2250/2250 2189/2189 2190/2190
f 2265/2265 2325/2325 2139/2139
f 2263/2263 2262/2262 2200/2200
f 2263/2263 2200/2200 2201/2201
f 2264/2264 2137/2137 2138/2138
f 2261/2261 2198/2198 2071/2071
f 2216/2216 2153/2153 2215/2215
f 2204/2204 2158/2158 2220/2220
f 2287/2287 2161/2161 2223/2223
f 2253/2253 2129/2129 2315/2315
f 2318/2318 2252/2252 2254/2254
f 2325/2325 2264/2264 2138/2138
f 2315/2315 2129/2129 2251/2251
f 2324/2324 2199/2199 2262/2262
f 2263/2263 2201/2201 2264/2264
f 2215/2215 2214/2214 2278/2278
f 2284/2284 2268/2268 2220/2220
f 2268/2268 2204/2204 2220/2220
f 2297/2297 2232/2232 2295/2295
f 2232/2232 2230/2230 2295/2295
f 2298/2298 2231/2231 2233/2233
f 2236/2236 2238/2238 2234/2234
f 2302/2302 2237/2237 2239/2239
f 2312/2312 2245/2245 2248/2248
f 2245/2245 2246/2246 2248/2248
f 2312/2312 2248/2248 2250/2250
f 2316/2316 2252/2252 2318/2318
f 2326/2326 2265/2265 2266/2266
f 2328/2328 2327/2327 2267/2267
f 2324/2324 2262/2262 2263/2263
f 2278/2278 2214/2214 2277/2277
f 2214/2214 2213/2213 2277/2277
f 2216/2216 2215/2215 2280/2280
f 2270/2270 2206/2206 2269/2269
f 2279/2279 2280/2280 2215/2215
f 2217/2217 2216/2216 2281/2281
f 2283/2283 2218/2218 2282/2282
f 2288/2288 2286/2286 2222/2222
f 2288/2288 2222/2222 2224/2224
f 2292/2292 2225/2225 2227/2227
f 2296/2296 2294/2294 2231/2231
f 2294/2294 2229/2229 2231/2231
f 2296/2296 2231/2231 2298/2298
f 2300/2300 2298/2298 2233/2233
f 2300/2300 2233/2233 2235/2235
f 2302/2302 2300/2300 2237/2237
f 2300/2300 2235/2235 2237/2237
f 2302/2302 2239/2239 2304/2304
f 2307/2307 2240/2240 2305/2305
f 2308/2308 2306/2306 2241/2241
f 2309/2309 2242/2242 2307/2307
f 2310/2310 2243/2243 2245/2245
f 2311/2311 2310/2310 2245/2245
f 2311/2311 2245/2245 2312/2312
f 2314/2314 2312/2312 2250/2250
f 2317/2317 2253/2253 2315/2315
f 2328/2328 2267/2267 2253/2253
f 2323/2323 2261/2261 2324/2324
f 2323/2323 2322/2322 2261/2261
f 2322/2322 2198/2198 2261/2261
f 2269/2269 2204/2204 2268/2268
f 2345/2345 2284/2284 2286/2286
f 2287/2287 2223/2223 2346/2346
f 2223/2223 2097/2097 2346/2346
f 2347/2347 2286/2286 2222/2222
f 2347/2347 2222/2222 2286/2286
f 2349/2349 2288/2288 2225/2225
f 2349/2349 2225/2225 2290/2290
f 2294/2294 2292/2292 2227/2227
f 2294/2294 2227/2227 2229/2229
f 2359/2359 2296/2296 2298/2298
f 2299/2299 2232/2232 2297/2297
f 2308/2308 2243/2243 2310/2310
f 2247/2247 2309/2309 2371/2371
f 2378/2378 2316/2316 2252/2252
f 2378/2378 2252/2252 2316/2316
f 2317/2317 2328/2328 2253/2253
f 2327/2327 2326/2326 2266/2266
f 2290/2290 2225/2225 2292/2292
f 2353/2353 2292/2292 2294/2294
f 2313/2313 2247/2247 2371/2371
f 2380/2380 2318/2318 2254/2254
f 2391/2391 2325/2325 2326/2326
f 2321/2321 2259/2259 2385/2385
f 2387/2387 2323/2323 2261/2261
f 2387/2387 2261/2261 2323/2323
f 2341/2341 2280/2280 2279/2279
f 2348/2348 2223/2223 2287/2287
f 2351/2351 2349/2349 2290/2290
f 2299/2299 2297/2297 2358/2358
f 2361/2361 2300/2300 2302/2302
f 2362/2362 2302/2302 2304/2304
f 2364/2364 2362/2362 2304/2304
f 2371/2371 2309/2309 2369/2369
f 2373/2373 2313/2313 2371/2371
f 2315/2315 2251/2251 2377/2377
f 2267/2267 2328/2328 2393/2393
f 2277/2277 2276/2276 2338/2338
f 2340/2340 2278/2278 2339/2339
f 2341/2341 2279/2279 2340/2340
f 2342/2342 2280/2280 2341/2341
f 2281/2281 2280/2280 2342/2342
f 2269/2269 2268/2268 2329/2329
f 2283/2283 2282/2282 2343/2343
f 2413/2413 2223/2223 2348/2348
f 2287/2287 2223/2223 2413/2413
f 2226/2226 2291/2291 2352/2352
f 2351/2351 2290/2290 2292/2292
f 2354/2354 2226/2226 2352/2352
f 2351/2351 2292/2292 2353/2353
f 2355/2355 2353/2353 2294/2294
f 2356/2356 2295/2295 2293/2293
f 2355/2355 2294/2294 2296/2296
f 2357/2357 2355/2355 2296/2296
f 2362/2362 2361/2361 2302/2302
f 2365/2365 2305/2305 2303/2303
f 2367/2367 2307/2307 2365/2365
f 2307/2307 2305/2305 2365/2365
f 2370/2370 2308/2308 2310/2310
f 2372/2372 2311/2311 2312/2312
f 2392/2392 2326/2326 2327/2327
f 2449/2449 2263/2263 2264/2264
f 2390/2390 2264/2264 2325/2325
f 2391/2391 2390/2390 2325/2325
f 2344/2344 2283/2283 2343/2343
f 2268/2268 2284/2284 2345/2345
f 2347/2347 2345/2345 2286/2286
f 2303/2303 2299/2299 2363/2363
f 2368/2368 2308/2308 2370/2370
f 2374/2374 2372/2372 2312/2312
f 2379/2379 2317/2317 2315/2315
f 2392/2392 2391/2391 2326/2326
f 2388/2388 2387/2387 2323/2323
f 2388/2388 2323/2323 2324/2324
f 2389/2389 2449/2449 2264/2264
f 2329/2329 2268/2268 2345/2345
f 2346/2346 2285/2285 2411/2411
f 2352/2352 2291/2291 2350/2350
f 2423/2423 2357/2357 2359/2359
f 2363/2363 2299/2299 2360/2360
f 2368/2368 2366/2366 2308/2308
f 2378/2378 2376/2376 2316/2316
f 2376/2376 2314/2314 2316/2316
f 2441/2441 2378/2378 2316/2316
f 2443/2443 2318/2318 2380/2380
f 2393/2393 2392/2392 2328/2328
f 2392/2392 2327/2327 2328/2328
f 2514/2514 2385/2385 2386/2386
f 2448/2448 2388/2388 2324/2324
f 2449/2449 2324/2324 2263/2263
f 2404/2404 2339/2339 2338/2338
f 2340/2340 2405/2405 2341/2341
f 2415/2415 2350/2350 2289/2289
f 2439/2439 2374/2374 2376/2376
f 2449/2449 2448/2448 2324/2324
f 2403/2403 2338/2338 2402/2402
f 2405/2405 2340/2340 2404/2404
f 2406/2406 2341/2341 2405/2405
f 2406/2406 2342/2342 2341/2341
f 2331/2331 2330/2330 2395/2395
f 2410/2410 2470/2470 2345/2345
f 2479/2479 2354/2354 2352/2352
f 2418/2418 2354/2354 2479/2479
f 2417/2417 2353/2353 2355/2355
f 2419/2419 2417/2417 2355/2355
f 2424/2424 2360/2360 2358/2358
f 2425/2425 2361/2361 2362/2362
f 2429/2429 2427/2427 2364/2364
f 2431/2431 2429/2429 2366/2366
f 2429/2429 2364/2364 2366/2366
f 2432/2432 2367/2367 2430/2430
f 2367/2367 2365/2365 2430/2430
f 2431/2431 2366/2366 2368/2368
f 2437/2437 2435/2435 2372/2372
f 2435/2435 2370/2370 2372/2372
f 2439/2439 2437/2437 2374/2374
f 2440/2440 2439/2439 2376/2376
f 2504/2504 2315/2315 2377/2377
f 2505/2505 2376/2376 2378/2378
f 2379/2379 2315/2315 2504/2504
f 2505/2505 2378/2378 2441/2441
f 2451/2451 2391/2391 2392/2392
f 2448/2448 2387/2387 2388/2388
f 2450/2450 2389/2389 2264/2264
f 2390/2390 2450/2450 2264/2264
f 2344/2344 2343/2343 2408/2408
f 2415/2415 2287/2287 2413/2413
f 2358/2358 2356/2356 2420/2420
f 2507/2507 2443/2443 2380/2380
f 2443/2443 2507/2507 2380/2380
f 2452/2452 2451/2451 2392/2392
f 2452/2452 2392/2392 2393/2393
f 2515/2515 2387/2387 2448/2448
f 2471/2471 2346/2346 2411/2411
f 2411/2411 2346/2346 2471/2471
f 2471/2471 2346/2346 2411/2411
f 2412/2412 2347/2347 2414/2414
f 2477/2477 2350/2350 2415/2415
f 2477/2477 2352/2352 2350/2350
f 2428/2428 2424/2424 2426/2426
f 2431/2431 2368/2368 2435/2435
f 2453/2453 2452/2452 2393/2393
f 2509/2509 2381/2381 2445/2445
f 2471/2471 2411/2411 2409/2409
f 2479/2479 2352/2352 2477/2477
f 2490/2490 2429/2429 2431/2431
f 2433/2433 2431/2431 2435/2435
f 2509/2509 2508/2508 2381/2381
f 2514/2514 2386/2386 2387/2387
f 2518/2518 2449/2449 2389/2389
f 2518/2518 2389/2389 2450/2450
f 2450/2450 2390/2390 2451/2451
f 2469/2469 2409/2409 2408/2408
f 2477/2477 2415/2415 2475/2475
f 2474/2474 2414/2414 2416/2416
f 2420/2420 2418/2418 2479/2479
f 2424/2424 2422/2422 2483/2483
f 2428/2428 2424/2424 2485/2485
f 2490/2490 2427/2427 2429/2429
f 2438/2438 2436/2436 2497/2497
f 2503/2503 2439/2439 2440/2440
f 2506/2506 2379/2379 2504/2504
f 2442/2442 2379/2379 2506/2506
f 2515/2515 2514/2514 2387/2387
f 2403/2403 2402/2402 2462/2462
f 2397/2397 2396/2396 2456/2456
f 2468/2468 2407/2407 2467/2467
f 2408/2408 2407/2407 2468/2468
f 2455/2455 2395/2395 2454/2454
f 2395/2395 2394/2394 2454/2454
f 2396/2396 2395/2395 2455/2455
f 2456/2456 2396/2396 2455/2455
f 2476/2476 2474/2474 2416/2416
f 2476/2476 2416/2416 2417/2417
f 2478/2478 2476/2476 2417/2417
f 2478/2478 2417/2417 2419/2419
f 2483/2483 2422/2422 2481/2481
f 2422/2422 2420/2420 2481/2481
f 2424/2424 2483/2483 2485/2485
f 2489/2489 2428/2428 2485/2485
f 2491/2491 2430/2430 2489/2489
f 2430/2430 2428/2428 2489/2489
f 2492/2492 2490/2490 2431/2431
f 2495/2495 2432/2432 2493/2493
f 2501/2501 2437/2437 2439/2439
f 2503/2503 2501/2501 2439/2439
f 2571/2571 2377/2377 2504/2504
f 2503/2503 2440/2440 2376/2376
f 2504/2504 2377/2377 2571/2571
f 2503/2503 2376/2376 2505/2505
f 2505/2505 2441/2441 2507/2507
f 2521/2521 2452/2452 2522/2522
f 2516/2516 2448/2448 2449/2449
f 2517/2517 2516/2516 2449/2449
f 2463/2463 2403/2403 2462/2462
f 2556/2556 2490/2490 2429/2429
f 2556/2556 2429/2429 2490/2490
f 2499/2499 2500/2500 2497/2497
f 2570/2570 2503/2503 2440/2440
f 2570/2570 2440/2440 2503/2503
f 2516/2516 2515/2515 2448/2448
f 2518/2518 2517/2517 2449/2449
f 2519/2519 2518/2518 2450/2450
f 2539/2539 2470/2470 2410/2410
f 2477/2477 2475/2475 2601/2601
f 2572/2572 2503/2503 2505/2505
f 2573/2573 2442/2442 2506/2506
f 2573/2573 2522/2522 2442/2442
f 2521/2521 2519/2519 2520/2520
f 2523/2523 2394/2394 2539/2539
f 2394/2394 2410/2410 2539/2539
f 2539/2539 2410/2410 2470/2470
f 2479/2479 2477/2477 2546/2546
f 2570/2570 2568/2568 2503/2503
f 2568/2568 2501/2501 2503/2503
f 2643/2643 2518/2518 2519/2519
f 2534/2534 2465/2465 2533/2533
f 2465/2465 2464/2464 2533/2533
f 2535/2535 2466/2466 2534/2534
f 2466/2466 2465/2465 2534/2534
f 2536/2536 2467/2467 2466/2466
f 2524/2524 2455/2455 2523/2523
f 2455/2455 2454/2454 2523/2523
f 2471/2471 2469/2469 2538/2538
f 2543/2543 2541/2541 2474/2474
f 2541/2541 2472/2472 2474/2474
f 2601/2601 2475/2475 2542/2542
f 2544/2544 2543/2543 2474/2474
f 2553/2553 2551/2551 2484/2484
f 2553/2553 2484/2484 2486/2486
f 2557/2557 2491/2491 2489/2489
f 2562/2562 2560/2560 2496/2496
f 2560/2560 2494/2494 2496/2496
f 2500/2500 2499/2499 2566/2566
f 2574/2574 2572/2572 2507/2507
f 2572/2572 2505/2505 2507/2507
f 2646/2646 2645/2645 2519/2519
f 2646/2646 2519/2519 2521/2521
f 2540/2540 2471/2471 2538/2538
f 2547/2547 2478/2478 2480/2480
f 2550/2550 2481/2481 2548/2548
f 2483/2483 2481/2481 2550/2550
f 2557/2557 2489/2489 2555/2555
f 2619/2619 2493/2493 2559/2559
f 2563/2563 2497/2497 2561/2561
f 2564/2564 2497/2497 2563/2563
f 2569/2569 2502/2502 2566/2566
f 2502/2502 2499/2499 2566/2566
f 2573/2573 2506/2506 2571/2571
f 2506/2506 2504/2504 2571/2571
f 2597/2597 2471/2471 2540/2540
f 2546/2546 2477/2477 2601/2601
f 2631/2631 2579/2579 2573/2573
f 2579/2579 2522/2522 2573/2573
f 2632/2632 2574/2574 2507/2507
f 2642/2642 2517/2517 2518/2518
f 2708/2708 2642/2642 2518/2518
f 2600/2600 2541/2541 2543/2543
f 2603/2603 2546/2546 2601/2601
f 2566/2566 2563/2563 2564/2564
f 2568/2568 2623/2623 2565/2565
f 2633/2633 2508/2508 2635/2635
f 2641/2641 2640/2640 2516/2516
f 2640/2640 2515/2515 2516/2516
f 2642/2642 2516/2516 2517/2517
f 2532/2532 2531/2531 2588/2588
f 2589/2589 2532/2532 2588/2588
f 2533/2533 2590/2590 2591/2591
f 2591/2591 2534/2534 2533/2533
f 2593/2593 2536/2536 2592/2592
f 2536/2536 2535/2535 2592/2592
f 2605/2605 2546/2546 2603/2603
f 2607/2607 2546/2546 2605/2605
f 2608/2608 2606/2606 2547/2547
f 2608/2608 2547/2547 2549/2549
f 2613/2613 2609/2609 2611/2611
f 2612/2612 2610/2610 2551/2551
f 2612/2612 2551/2551 2553/2553
f 2555/2555 2552/2552 2613/2613
f 2613/2613 2611/2611 2615/2615
f 2555/2555 2613/2613 2615/2615
f 2564/2564 2563/2563 2622/2622
f 2623/2623 2621/2621 2562/2562
f 2623/2623 2562/2562 2565/2565
f 2627/2627 2569/2569 2624/2624
f 2569/2569 2566/2566 2624/2624
f 2629/2629 2569/2569 2627/2627
f 2634/2634 2633/2633 2635/2635
f 2646/2646 2521/2521 2578/2578
f 2641/2641 2516/2516 2642/2642
f 2708/2708 2518/2518 2643/2643
f 2599/2599 2471/2471 2597/2597
f 2601/2601 2542/2542 2599/2599
f 2602/2602 2600/2600 2543/2543
f 2602/2602 2543/2543 2544/2544
f 2604/2604 2602/2602 2545/2545
f 2602/2602 2544/2544 2545/2545
f 2684/2684 2557/2557 2617/2617
f 2620/2620 2618/2618 2560/2560
f 2621/2621 2620/2620 2560/2560
f 2621/2621 2560/2560 2562/2562
f 2626/2626 2570/2570 2628/2628
f 2630/2630 2570/2570 2572/2572
f 2632/2632 2701/2701 2574/2574
f 2701/2701 2632/2632 2574/2574
f 2644/2644 2519/2519 2645/2645
f 2640/2640 2514/2514 2515/2515
f 2613/2613 2611/2611 2678/2678
f 2563/2563 2561/2561 2688/2688
f 2698/2698 2571/2571 2629/2629
f 2628/2628 2570/2570 2630/2630
f 2573/2573 2571/2571 2698/2698
f 2711/2711 2579/2579 2631/2631
f 2648/2648 2580/2580 2664/2664
f 2580/2580 2596/2596 2664/2664
f 2675/2675 2673/2673 2608/2608
f 2673/2673 2606/2606 2608/2608
f 2613/2613 2678/2678 2680/2680
f 2683/2683 2614/2614 2616/2616
f 2685/2685 2618/2618 2620/2620
f 2622/2622 2563/2563 2690/2690
f 2709/2709 2644/2644 2645/2645
f 2711/2711 2579/2579 2647/2647
f 2769/2769 2640/2640 2641/2641
f 2651/2651 2583/2583 2650/2650
f 2583/2583 2582/2582 2650/2650
f 2656/2656 2588/2588 2587/2587
f 2594/2594 2593/2593 2661/2661
f 2663/2663 2595/2595 2662/2662
f 2665/2665 2597/2597 2595/2595
f 2664/2664 2596/2596 2598/2598
f 2666/2666 2598/2598 2600/2600
f 2673/2673 2670/2670 2606/2606
f 2670/2670 2604/2604 2606/2606
f 2677/2677 2675/2675 2608/2608
f 2677/2677 2608/2608 2610/2610
f 2678/2678 2611/2611 2676/2676
f 2611/2611 2609/2609 2676/2676
f 2687/2687 2620/2620 2621/2621
f 2689/2689 2687/2687 2621/2621
f 2692/2692 2689/2689 2623/2623
f 2689/2689 2621/2621 2623/2623
f 2694/2694 2624/2624 2691/2691
f 2624/2624 2622/2622 2691/2691
f 2625/2625 2624/2624 2694/2694
f 2693/2693 2624/2624 2694/2694
f 2624/2624 2625/2625 2694/2694
f 2700/2700 2711/2711 2631/2631
f 2709/2709 2645/2645 2646/2646
f 2707/2707 2641/2641 2642/2642
f 2656/2656 2587/2587 2655/2655
f 2662/2662 2594/2594 2661/2661
f 2666/2666 2664/2664 2598/2598
f 2601/2601 2599/2599 2667/2667
f 2668/2668 2666/2666 2600/2600
f 2670/2670 2672/2672 2604/2604
f 2615/2615 2680/2680 2682/2682
f 2684/2684 2617/2617 2682/2682
f 2617/2617 2615/2615 2682/2682
f 2687/2687 2685/2685 2620/2620
f 2696/2696 2627/2627 2693/2693
f 2698/2698 2629/2629 2761/2761
f 2763/2763 2573/2573 2698/2698
f 2700/2700 2573/2573 2763/2763
f 2702/2702 2701/2701 2633/2633
f 2701/2701 2632/2632 2633/2633
f 2710/2710 2709/2709 2646/2646
f 2711/2711 2647/2647 2775/2775
f 2706/2706 2640/2640 2769/2769
f 2665/2665 2595/2595 2663/2663
f 2669/2669 2601/2601 2667/2667
f 2672/2672 2670/2670 2673/2673
f 2607/2607 2605/2605 2674/2674
f 2774/2774 2710/2710 2646/2646
f 2706/2706 2705/2705 2640/2640
f 2770/2770 2707/2707 2642/2642
f 2729/2729 2665/2665 2663/2663
f 2795/2795 2599/2599 2793/2793
f 2599/2599 2597/2597 2793/2793
f 2667/2667 2599/2599 2795/2795
f 2735/2735 2603/2603 2671/2671
f 2605/2605 2603/2603 2735/2735
f 2674/2674 2605/2605 2735/2735
f 2759/2759 2696/2696 2693/2693
f 2762/2762 2630/2630 2699/2699
f 2769/2769 2641/2641 2707/2707
f 2771/2771 2770/2770 2708/2708
f 2770/2770 2642/2642 2708/2708
f 2656/2656 2655/2655 2719/2719
f 2661/2661 2660/2660 2724/2724
f 2648/2648 2664/2664 2728/2728
f 2735/2735 2671/2671 2733/2733
f 2682/2682 2680/2680 2678/2678
f 2748/2748 2685/2685 2687/2687
f 2750/2750 2748/2748 2687/2687
f 2764/2764 2826/2826 2701/2701
f 2721/2721 2657/2657 2720/2720
f 2650/2650 2649/2649 2714/2714
f 2722/2722 2657/2657 2721/2721
f 2658/2658 2657/2657 2722/2722
f 2725/2725 2661/2661 2724/2724
f 2663/2663 2662/2662 2726/2726
f 2731/2731 2668/2668 2732/2732
f 2737/2737 2674/2674 2735/2735
f 2739/2739 2676/2676 2737/2737
f 2676/2676 2674/2674 2737/2737
f 2743/2743 2678/2678 2741/2741
f 2682/2682 2678/2678 2743/2743
f 2745/2745 2682/2682 2743/2743
f 2747/2747 2684/2684 2745/2745
f 2684/2684 2682/2682 2745/2745
f 2746/2746 2683/2683 2685/2685
f 2688/2688 2686/2686 2749/2749
f 2751/2751 2688/2688 2749/2749
f 2752/2752 2750/2750 2689/2689
f 2750/2750 2687/2687 2689/2689
f 2693/2693 2690/2690 2754/2754
f 2756/2756 2693/2693 2757/2757
f 2758/2758 2755/2755 2695/2695
f 2755/2755 2692/2692 2695/2695
f 2772/2772 2644/2644 2709/2709
f 2773/2773 2709/2709 2710/2710
f 2839/2839 2711/2711 2775/2775
f 2771/2771 2708/2708 2643/2643
f 2771/2771 2643/2643 2772/2772
f 2797/2797 2669/2669 2795/2795
f 2763/2763 2698/2698 2761/2761
f 2896/2896 2705/2705 2706/2706
f 2834/2834 2769/2769 2707/2707
f 2835/2835 2707/2707 2770/2770
f 2861/2861 2671/2671 2797/2797
f 2733/2733 2671/2671 2861/2861
f 2807/2807 2745/2745 2741/2741
f 2815/2815 2749/2749 2813/2813
f 2751/2751 2749/2749 2815/2815
f 2823/2823 2696/2696 2821/2821
f 2696/2696 2759/2759 2821/2821
f 2698/2698 2696/2696 2823/2823
f 2761/2761 2698/2698 2823/2823
f 2825/2825 2839/2839 2700/2700
f 2839/2839 2711/2711 2700/2700
f 2825/2825 2700/2700 2763/2763
f 2826/2826 2764/2764 2701/2701
f 2826/2826 2701/2701 2702/2702
f 2833/2833 2706/2706 2769/2769
f 2897/2897 2833/2833 2769/2769
f 2898/2898 2897/2897 2769/2769
f 2898/2898 2769/2769 2834/2834
f 2780/2780 2716/2716 2715/2715
f 2741/2741 2739/2739 2805/2805
f 2810/2810 2744/2744 2746/2746
f 2825/2825 2763/2763 2761/2761
f 2824/2824 2762/2762 2699/2699
f 2773/2773 2772/2772 2709/2709
f 2838/2838 2773/2773 2710/2710
f 2838/2838 2710/2710 2774/2774
f 2833/2833 2896/2896 2706/2706
f 2834/2834 2707/2707 2898/2898
f 2898/2898 2707/2707 2835/2835
f 2835/2835 2770/2770 2771/2771
f 2785/2785 2721/2721 2784/2784
f 2721/2721 2720/2720 2784/2784
f 2722/2722 2721/2721 2786/2786
f 2788/2788 2723/2723 2787/2787
f 2724/2724 2723/2723 2788/2788
f 2780/2780 2715/2715 2779/2779
f 2785/2785 2786/2786 2721/2721
f 2789/2789 2725/2725 2788/2788
f 2725/2725 2724/2724 2788/2788
f 2790/2790 2725/2725 2789/2789
f 2726/2726 2725/2725 2790/2790
f 2714/2714 2713/2713 2777/2777
f 2791/2791 2727/2727 2790/2790
f 2792/2792 2728/2728 2730/2730
f 2808/2808 2806/2806 2744/2744
f 2806/2806 2742/2742 2744/2744
f 2809/2809 2745/2745 2807/2807
f 2810/2810 2808/2808 2744/2744
f 2819/2819 2756/2756 2817/2817
f 2756/2756 2753/2753 2817/2817
f 2821/2821 2759/2759 2819/2819
f 2759/2759 2756/2756 2819/2819
f 2827/2827 2826/2826 2702/2702
f 2838/2838 2837/2837 2773/2773
f 2727/2727 2791/2791 2855/2855
f 2797/2797 2795/2795 2859/2859
f 2863/2863 2735/2735 2733/2733
f 2801/2801 2735/2735 2865/2865
f 2737/2737 2735/2735 2801/2801
f 2805/2805 2739/2739 2803/2803
f 2807/2807 2741/2741 2805/2805
f 2837/2837 2772/2772 2773/2773
f 2777/2777 2712/2712 2776/2776
f 2793/2793 2727/2727 2855/2855
f 2856/2856 2728/2728 2792/2792
f 2794/2794 2792/2792 2730/2730
f 2865/2865 2735/2735 2863/2863
f 2878/2878 2810/2810 2812/2812
f 2837/2837 2900/2900 2772/2772
f 2920/2920 2729/2729 2793/2793
f 2793/2793 2729/2729 2920/2920
f 2810/2810 2874/2874 2808/2808
f 2813/2813 2811/2811 2877/2877
f 2823/2823 2821/2821 2887/2887
f 2949/2949 2761/2761 2823/2823
f 2825/2825 2761/2761 2949/2949
f 2899/2899 2835/2835 2771/2771
f 2899/2899 2771/2771 2836/2836
f 2780/2780 2779/2779 2843/2843
f 2850/2850 2786/2786 2785/2785
f 2853/2853 2789/2789 2852/2852
f 2789/2789 2788/2788 2852/2852
f 2854/2854 2790/2790 2853/2853
f 2790/2790 2789/2789 2853/2853
f 2841/2841 2777/2777 2840/2840
f 2777/2777 2776/2776 2840/2840
f 2862/2862 2796/2796 2798/2798
f 2863/2863 2733/2733 2861/2861
f 2864/2864 2862/2862 2798/2798
f 2864/2864 2798/2798 2799/2799
f 2868/2868 2866/2866 2800/2800
f 2871/2871 2803/2803 2869/2869
f 2805/2805 2803/2803 2871/2871
f 2873/2873 2805/2805 2871/2871
f 2807/2807 2805/2805 2873/2873
f 2876/2876 2874/2874 2810/2810
f 2876/2876 2810/2810 2878/2878
f 2878/2878 2812/2812 2814/2814
f 2880/2880 2878/2878 2814/2814
f 2817/2817 2815/2815 2881/2881
f 2886/2886 2818/2818 2820/2820
f 2887/2887 2821/2821 2819/2819
f 2886/2886 2820/2820 2822/2822
f 2886/2886 2822/2822 2888/2888
f 2951/2951 2825/2825 2763/2763
f 2836/2836 2772/2772 2900/2900
f 2901/2901 2837/2837 2838/2838
f 2897/2897 2896/2896 2833/2833
f 2852/2852 2787/2787 2851/2851
f 2850/2850 2785/2785 2849/2849
f 2851/2851 2787/2787 2850/2850
f 2857/2857 2793/2793 2980/2980
f 2921/2921 2794/2794 2858/2858
f 2861/2861 2797/2797 2859/2859
f 2858/2858 2796/2796 2862/2862
f 2867/2867 2801/2801 2865/2865
f 2869/2869 2801/2801 2867/2867
f 2873/2873 2869/2869 2871/2871
f 2885/2885 2817/2817 2883/2883
f 2887/2887 2819/2819 2885/2885
f 2889/2889 2824/2824 2826/2826
f 2959/2959 2898/2898 2835/2835
f 2980/2980 2793/2793 2855/2855
f 2920/2920 2793/2793 2980/2980
f 2919/2919 2792/2792 2856/2856
f 2817/2817 2881/2881 2883/2883
f 2946/2946 2887/2887 2885/2885
f 2952/2952 2890/2890 2826/2826
f 2952/2952 2826/2826 2827/2827
f 2954/2954 2892/2892 2829/2829
f 2960/2960 2836/2836 2900/2900
f 2900/2900 2837/2837 2901/2901
f 2900/2900 2901/2901 2961/2961
f 2962/2962 2839/2839 2902/2902
f 2893/2893 2954/2954 2829/2829
f 2899/2899 2959/2959 2835/2835
f 2960/2960 2899/2899 2836/2836
f 2906/2906 2843/2843 2842/2842
f 2861/2861 2859/2859 2982/2982
f 2873/2873 2871/2871 2869/2869
f 2875/2875 2871/2871 2873/2873
f 2935/2935 2874/2874 2876/2876
f 2881/2881 2879/2879 2942/2942
f 2883/2883 2881/2881 2942/2942
f 2884/2884 2880/2880 2882/2882
f 2950/2950 2889/2889 2826/2826
f 2950/2950 2826/2826 2890/2890
f 2958/2958 2898/2898 2834/2834
f 2958/2958 2834/2834 2898/2898
f 2848/2848 2847/2847 2910/2910
f 2913/2913 2849/2849 2912/2912
f 2904/2904 2842/2842 2841/2841
f 2906/2906 2842/2842 2905/2905
f 2907/2907 2844/2844 2906/2906
f 2844/2844 2843/2843 2906/2906
f 2848/2848 2910/2910 2911/2911
f 2912/2912 2849/2849 2911/2911
f 2849/2849 2848/2848 2911/2911
f 2914/2914 2851/2851 2850/2850
f 2915/2915 2852/2852 2914/2914
f 2852/2852 2851/2851 2914/2914
f 2853/2853 2852/2852 2915/2915
f 2916/2916 2853/2853 2915/2915
f 2925/2925 2864/2864 2866/2866
f 2929/2929 2868/2868 2870/2870
f 2932/2932 2869/2869 2930/2930
f 2873/2873 2869/2869 2932/2932
f 2936/2936 2873/2873 2932/2932
f 2935/2935 2933/2933 2874/2874
f 2933/2933 2872/2872 2874/2874
f 2875/2875 2873/2873 2936/2936
f 2939/2939 2937/2937 2878/2878
f 2941/2941 2939/2939 2878/2878
f 2942/2942 2879/2879 2940/2940
f 2941/2941 2878/2878 2880/2880
f 2943/2943 2941/2941 2884/2884
f 2941/2941 2880/2880 2884/2884
f 2945/2945 2943/2943 2884/2884
f 2886/2886 2945/2945 2884/2884
f 2948/2948 2887/2887 2946/2946
f 2823/2823 2887/2887 2948/2948
f 2952/2952 2950/2950 2890/2890
f 2953/2953 2952/2952 2827/2827
f 3019/3019 2896/2896 2897/2897
f 2957/2957 2897/2897 2898/2898
f 2914/2914 2850/2850 2913/2913
f 2920/2920 2857/2857 2980/2980
f 2922/2922 2858/2858 2860/2860
f 2931/2931 2929/2929 2870/2870
f 2937/2937 2935/2935 2876/2876
f 2885/2885 2883/2883 2944/2944
f 2946/2946 2885/2885 2944/2944
f 2949/2949 2823/2823 2948/2948
f 3009/3009 2822/2822 2950/2950
f 3012/3012 2825/2825 2949/2949
f 2962/2962 2902/2902 2951/2951
f 3016/3016 2954/2954 2893/2893
f 2957/2957 3019/3019 2897/2897
f 3021/3021 2957/2957 2898/2898
f 3021/3021 2898/2898 2958/2958
f 2980/2980 2793/2793 2920/2920
f 2921/2921 2858/2858 2922/2922
f 2944/2944 2883/2883 2942/2942
f 3020/3020 2957/2957 2897/2897
f 2957/2957 3020/3020 2897/2897
f 2958/2958 2898/2898 2959/2959
f 2923/2923 2922/2922 2860/2860
f 2986/2986 2926/2926 2924/2924
f 3002/3002 2942/2942 2940/2940
f 3024/3024 2960/2960 2900/2900
f 3024/3024 2900/2900 3025/3025
f 3025/3025 2900/2900 2961/2961
f 3023/3023 2899/2899 2960/2960
f 2973/2973 2913/2913 2912/2912
f 2917/2917 2916/2916 2976/2976
f 2964/2964 2904/2904 2963/2963
f 2904/2904 2903/2903 2963/2963
f 2978/2978 2918/2918 2977/2977
f 2918/2918 2917/2917 2977/2977
f 2983/2983 2921/2921 2922/2922
f 2924/2924 2861/2861 2982/2982
f 2990/2990 2930/2930 2928/2928
f 2993/2993 2991/2991 2931/2931
f 2993/2993 2931/2931 2933/2933
f 2993/2993 2933/2933 2935/2935
f 2997/2997 2935/2935 2937/2937
f 2938/2938 2936/2936 2998/2998
f 2940/2940 2938/2938 2998/2998
f 3004/3004 2944/2944 3002/3002
f 2944/2944 2942/2942 3002/3002
f 3011/3011 2950/2950 2952/2952
f 3077/3077 2962/2962 2951/2951
f 3077/3077 2951/2951 3012/3012
f 3013/3013 2952/2952 2953/2953
f 3087/3087 2959/2959 2899/2899
f 3087/3087 2899/2899 3023/3023
f 2972/2972 2912/2912 2971/2971
f 2974/2974 2914/2914 2973/2973
f 2967/2967 2907/2907 2966/2966
f 2907/2907 2906/2906 2966/2966
f 2973/2973 2912/2912 2972/2972
f 2917/2917 2976/2976 2977/2977
f 2980/2980 2855/2855 2978/2978
f 3043/3043 2856/2856 2979/2979
f 3049/3049 2924/2924 2982/2982
f 2984/2984 2983/2983 2923/2923
f 2983/2983 2922/2922 2923/2923
f 2990/2990 2928/2928 2988/2988
f 2996/2996 2934/2934 2994/2994
f 2995/2995 2993/2993 2935/2935
f 2936/2936 2934/2934 2996/2996
f 3000/3000 2940/2940 2998/2998
f 3003/3003 3001/3001 2941/2941
f 3003/3003 2941/2941 2943/2943
f 3005/3005 3003/3003 2943/2943
f 3005/3005 2943/2943 2945/2945
f 3006/3006 2946/2946 3004/3004
f 2946/2946 2944/2944 3004/3004
f 3011/3011 3009/3009 2950/2950
f 3013/3013 3011/3011 2952/2952
f 3014/3014 3013/3013 2953/2953
f 3044/3044 2920/2920 2980/2980
f 2988/2988 2926/2926 2986/2986
f 2932/2932 2930/2930 2990/2990
f 2992/2992 2932/2932 2990/2990
f 2991/2991 2989/2989 2931/2931
f 3065/3065 2940/2940 3000/3000
f 3000/3000 2940/2940 3065/3065
f 3008/3008 2948/2948 2946/2946
f 3080/3080 3016/3016 2955/2955
f 3044/3044 2920/2920 2980/2980
f 3046/3046 2982/2982 3044/3044
f 2982/2982 2920/2920 3044/3044
f 2981/2981 3045/3045 2921/2921
f 2981/2981 2921/2921 2983/2983
f 3049/3049 2982/2982 3046/3046
f 3055/3055 2990/2990 2988/2988
f 3062/3062 2995/2995 2997/2997
f 3008/3008 2946/2946 3006/3006
f 2949/2949 2948/2948 3073/3073
f 3075/3075 2949/2949 3010/3010
f 3012/3012 2949/2949 3075/3075
f 3026/3026 3091/3091 2962/2962
f 3026/3026 2962/2962 3077/3077
f 3089/3089 3024/3024 3025/3025
f 3090/3090 2961/2961 2962/2962
f 3147/3147 3020/3020 2957/2957
f 3147/3147 2957/2957 3021/3021
f 3085/3085 3021/3021 2958/2958
f 2963/2963 2903/2903 3027/3027
f 3044/3044 2980/2980 2978/2978
f 2986/2986 2924/2924 3051/3051
f 2988/2988 2986/2986 3051/3051
f 3053/3053 2988/2988 3051/3051
f 3059/3059 2994/2994 2992/2992
f 3060/3060 2995/2995 3062/3062
f 3067/3067 3002/3002 3065/3065
f 3002/3002 3000/3000 3065/3065
f 3073/3073 2948/2948 3008/3008
f 3075/3075 2949/2949 3073/3073
f 3084/3084 3083/3083 3019/3019
f 3084/3084 3019/3019 2957/2957
f 3086/3086 3085/3085 2959/2959
f 3085/3085 2958/2958 2959/2959
f 3086/3086 2959/2959 3022/3022
f 3087/3087 3022/3022 2959/2959
f 3036/3036 2972/2972 3035/3035
f 2972/2972 2971/2971 3035/3035
f 3037/3037 2972/2972 3036/3036
f 2975/2975 2974/2974 3038/3038
f 3039/3039 2975/2975 3038/3038
f 3035/3035 2971/2971 3034/3034
f 2971/2971 2970/2970 3034/3034
f 2973/2973 2972/2972 3037/3037
f 3038/3038 2974/2974 3037/3037
f 2974/2974 2973/2973 3037/3037
f 2976/2976 2975/2975 3039/3039
f 3040/3040 2976/2976 3039/3039
f 3041/3041 2977/2977 3040/3040
f 3028/3028 2964/2964 3027/3027
f 3029/3029 2965/2965 3028/3028
f 2965/2965 2964/2964 3028/3028
f 2978/2978 2977/2977 3041/3041
f 3044/3044 2978/2978 3042/3042
f 3048/3048 3047/3047 2984/2984
f 3051/3051 2924/2924 3049/3049
f 3050/3050 2985/2985 2987/2987
f 3054/3054 2987/2987 2989/2989
f 3054/3054 2989/2989 2991/2991
f 2992/2992 2990/2990 3055/3055
f 3056/3056 3054/3054 2991/2991
f 3058/3058 3056/3056 2991/2991
f 3059/3059 2992/2992 3057/3057
f 3058/3058 2991/2991 2993/2993
f 3058/3058 2993/2993 2995/2995
f 3060/3060 3058/3058 2995/2995
f 3064/3064 2997/2997 2999/2999
f 3070/3070 3005/3005 3007/3007
f 3070/3070 3007/3007 3072/3072
f 3078/3078 3011/3011 3013/3013
f 3150/3150 3025/3025 2961/2961
f 3150/3150 2961/2961 3090/3090
f 3084/3084 2957/2957 3020/3020
f 3030/3030 2966/2966 3029/3029
f 3052/3052 3050/3050 2987/2987
f 3052/3052 2987/2987 3054/3054
f 3057/3057 2992/2992 3055/3055
f 3061/3061 2996/2996 3059/3059
f 3063/3063 2996/2996 3061/3061
f 3062/3062 2997/2997 3064/3064
f 3004/3004 3002/3002 3067/3067
f 3070/3070 3072/3072 3007/3007
f 3141/3141 3012/3012 3075/3075
f 3077/3077 3012/3012 3141/3141
f 3076/3076 3011/3011 3078/3078
f 3141/3141 3026/3026 3077/3077
f 3141/3141 3077/3077 3012/3012
f 3090/3090 2962/2962 3150/3150
f 3109/3109 3044/3044 3042/3042
f 3069/3069 3004/3004 3067/3067
f 3139/3139 3010/3010 3075/3075
f 3075/3075 3010/3010 3139/3139
f 3141/3141 3075/3075 3139/3139
f 3091/3091 3151/3151 3026/3026
f 3151/3151 3091/3091 3026/3026
f 3091/3091 3026/3026 3141/3141
f 3141/3141 3012/3012 3077/3077
f 3142/3142 3078/3078 3013/3013
f 3142/3142 3013/3013 3014/3014
f 3088/3088 3087/3087 3023/3023
f 3088/3088 3023/3023 3024/3024
f 3088/3088 3024/3024 3089/3089
f 3094/3094 3030/3030 3029/3029
f 3042/3042 3041/3041 3106/3106
f 3053/3053 3051/3051 3118/3118
f 3125/3125 3060/3060 3062/3062
f 3127/3127 3062/3062 3064/3064
f 3067/3067 3065/3065 3130/3130
f 3131/3131 3066/3066 3068/3068
f 3074/3074 3136/3136 3007/3007
f 3136/3136 3070/3070 3007/3007
f 3141/3141 3077/3077 3012/3012
f 3143/3143 3142/3142 3014/3014
f 3149/3149 3025/3025 3150/3150
f 3146/3146 3020/3020 3147/3147
f 3103/3103 3038/3038 3037/3037
f 3030/3030 3094/3094 3095/3095
f 3100/3100 3035/3035 3099/3099
f 3035/3035 3034/3034 3099/3099
f 3101/3101 3036/3036 3100/3100
f 3036/3036 3035/3035 3100/3100
f 3102/3102 3037/3037 3101/3101
f 3104/3104 3038/3038 3103/3103
f 3104/3104 3039/3039 3038/3038
f 3106/3106 3041/3041 3105/3105
f 3041/3041 3040/3040 3105/3105
f 3093/3093 3028/3028 3027/3027
f 3107/3107 3042/3042 3106/3106
f 3168/3168 3108/3108 3043/3043
f 3046/3046 3044/3044 3109/3109
f 3171/3171 3046/3046 3111/3111
f 3112/3112 3045/3045 3048/3048
f 3113/3113 3112/3112 3048/3048
f 3122/3122 3057/3057 3120/3120
f 3057/3057 3055/3055 3120/3120
f 3124/3124 3059/3059 3122/3122
f 3059/3059 3057/3057 3122/3122
f 3126/3126 3061/3061 3124/3124
f 3061/3061 3059/3059 3124/3124
f 3128/3128 3063/3063 3126/3126
f 3063/3063 3061/3061 3126/3126
f 3129/3129 3127/3127 3064/3064
f 3130/3130 3065/3065 3128/3128
f 3065/3065 3063/3063 3128/3128
f 3133/3133 3131/3131 3068/3068
f 3140/3140 3074/3074 3076/3076
f 3142/3142 3076/3076 3078/3078
f 3149/3149 3088/3088 3089/3089
f 3149/3149 3089/3089 3025/3025
f 3147/3147 3021/3021 3085/3085
f 3211/3211 3086/3086 3022/3022
f 3212/3212 3211/3211 3087/3087
f 3211/3211 3022/3022 3087/3087
f 3096/3096 3030/3030 3095/3095
f 3171/3171 3046/3046 3109/3109
f 3111/3111 3046/3046 3171/3171
f 3112/3112 3110/3110 3045/3045
f 3117/3117 3115/3115 3050/3050
f 3127/3127 3125/3125 3062/3062
f 3138/3138 3136/3136 3074/3074
f 3138/3138 3074/3074 3140/3140
f 3202/3202 3140/3140 3076/3076
f 3140/3140 3076/3076 3142/3142
f 3141/3141 3077/3077 3203/3203
f 3146/3146 3084/3084 3020/3020
f 3212/3212 3087/3087 3148/3148
f 3093/3093 3027/3027 3092/3092
f 3109/3109 3042/3042 3107/3107
f 3168/3168 3043/3043 2979/2979
f 3109/3109 3044/3044 3169/3169
f 3202/3202 3076/3076 3140/3140
f 3203/3203 3151/3151 3091/3091
f 3203/3203 3091/3091 3141/3141
f 3148/3148 3087/3087 3088/3088
f 3213/3213 3148/3148 3088/3088
f 3213/3213 3088/3088 3149/3149
f 3215/3215 3150/3150 3090/3090
f 3200/3200 3136/3136 3138/3138
f 3139/3139 3075/3075 3201/3201
f 3203/3203 3077/3077 3141/3141
f 3216/3216 3151/3151 3203/3203
f 3214/3214 3213/3213 3149/3149
f 3215/3215 3149/3149 3150/3150
f 3210/3210 3147/3147 3085/3085
f 3210/3210 3085/3085 3086/3086
f 3211/3211 3210/3210 3086/3086
f 3169/3169 3109/3109 3167/3167
f 3109/3109 3107/3107 3167/3167
f 3176/3176 3113/3113 3115/3115
f 3176/3176 3115/3115 3117/3117
f 3182/3182 3119/3119 3121/3121
f 3215/3215 3214/3214 3149/3149
f 3209/3209 3084/3084 3146/3146
f 3095/3095 3094/3094 3154/3154
f 3155/3155 3095/3095 3154/3154
f 3156/3156 3096/3096 3155/3155
f 3096/3096 3095/3095 3155/3155
f 3162/3162 3101/3101 3161/3161
f 3165/3165 3105/3105 3164/3164
f 3105/3105 3104/3104 3164/3164
f 3153/3153 3093/3093 3092/3092
f 3234/3234 3109/3109 3169/3169
f 3169/3169 3109/3109 3234/3234
f 3234/3234 3109/3109 3169/3169
f 3169/3169 3109/3109 3234/3234
f 3176/3176 3174/3174 3113/3113
f 3178/3178 3176/3176 3117/3117
f 3180/3180 3119/3119 3182/3182
f 3184/3184 3121/3121 3123/3123
f 3184/3184 3123/3123 3186/3186
f 3126/3126 3124/3124 3185/3185
f 3187/3187 3126/3126 3185/3185
f 3189/3189 3128/3128 3187/3187
f 3128/3128 3126/3126 3187/3187
f 3188/3188 3127/3127 3190/3190
f 3130/3130 3128/3128 3189/3189
f 3193/3193 3132/3132 3130/3130
f 3196/3196 3194/3194 3135/3135
f 3200/3200 3138/3138 3140/3140
f 3301/3301 3111/3111 3171/3171
f 3182/3182 3121/3121 3184/3184
f 3191/3191 3130/3130 3189/3189
f 3202/3202 3200/3200 3140/3140
f 3265/3265 3202/3202 3140/3140
f 3204/3204 3142/3142 3143/3143
f 3212/3212 3148/3148 3213/3213
f 3276/3276 3211/3211 3212/3212
f 3168/3168 3108/3108 3233/3233
f 3233/3233 3168/3168 3108/3108
f 3235/3235 3233/3233 3170/3170
f 3233/3233 3108/3108 3170/3170
f 3171/3171 3111/3111 3301/3301
f 3179/3179 3177/3177 3241/3241
f 3191/3191 3189/3189 3253/3253
f 3266/3266 3141/3141 3139/3139
f 3203/3203 3141/3141 3266/3266
f 3266/3266 3203/3203 3141/3141
f 3281/3281 3215/3215 3216/3216
f 3274/3274 3209/3209 3146/3146
f 3163/3163 3162/3162 3227/3227
f 3162/3162 3161/3161 3226/3226
f 3234/3234 3169/3169 3167/3167
f 3233/3233 3168/3168 3298/3298
f 3298/3298 3168/3168 3233/3233
f 3236/3236 3171/3171 3301/3301
f 3173/3173 3171/3171 3236/3236
f 3177/3177 3175/3175 3241/3241
f 3179/3179 3241/3241 3243/3243
f 3242/3242 3176/3176 3178/3178
f 3261/3261 3196/3196 3198/3198
f 3268/3268 3267/3267 3142/3142
f 3268/3268 3142/3142 3204/3204
f 3275/3275 3274/3274 3146/3146
f 3275/3275 3146/3146 3147/3147
f 3275/3275 3147/3147 3210/3210
f 3276/3276 3210/3210 3211/3211
f 3226/3226 3161/3161 3225/3225
f 3161/3161 3160/3160 3225/3225
f 3154/3154 3153/3153 3219/3219
f 3224/3224 3159/3159 3223/3223
f 3159/3159 3158/3158 3223/3223
f 3228/3228 3163/3163 3227/3227
f 3219/3219 3153/3153 3218/3218
f 3237/3237 3235/3235 3170/3170
f 3237/3237 3170/3170 3172/3172
f 3240/3240 3176/3176 3242/3242
f 3242/3242 3178/3178 3244/3244
f 3183/3183 3181/3181 3247/3247
f 3246/3246 3182/3182 3184/3184
f 3248/3248 3246/3246 3184/3184
f 3251/3251 3187/3187 3249/3249
f 3187/3187 3185/3185 3249/3249
f 3264/3264 3139/3139 3201/3201
f 3278/3278 3213/3213 3214/3214
f 3273/3273 3209/3209 3274/3274
f 3255/3255 3191/3191 3253/3253
f 3329/3329 3139/3139 3264/3264
f 3266/3266 3139/3139 3329/3329
f 3331/3331 3203/3203 3266/3266
f 3266/3266 3203/3203 3331/3331
f 3333/3333 3268/3268 3204/3204
f 3268/3268 3333/3333 3204/3204
f 3343/3343 3212/3212 3213/3213
f 3279/3279 3278/3278 3214/3214
f 3279/3279 3214/3214 3215/3215
f 3341/3341 3275/3275 3210/3210
f 3276/3276 3341/3341 3210/3210
f 3299/3299 3169/3169 3234/3234
f 3171/3171 3169/3169 3299/3299
f 3300/3300 3235/3235 3170/3170
f 3300/3300 3170/3170 3235/3235
f 3239/3239 3175/3175 3236/3236
f 3238/3238 3237/3237 3174/3174
f 3237/3237 3172/3172 3174/3174
f 3343/3343 3342/3342 3212/3212
f 3343/3343 3213/3213 3278/3278
f 3217/3217 3168/3168 3233/3233
f 3369/3369 3175/3175 3239/3239
f 3241/3241 3175/3175 3369/3369
f 3264/3264 3201/3201 3329/3329
f 3333/3333 3267/3267 3268/3268
f 3331/3331 3281/3281 3266/3266
f 3291/3291 3226/3226 3290/3290
f 3226/3226 3225/3225 3290/3290
f 3220/3220 3219/3219 3284/3284
f 3289/3289 3224/3224 3288/3288
f 3224/3224 3223/3223 3288/3288
f 3290/3290 3225/3225 3289/3289
f 3225/3225 3224/3224 3289/3289
f 3293/3293 3228/3228 3292/3292
f 3228/3228 3227/3227 3292/3292
f 3229/3229 3228/3228 3294/3294
f 3295/3295 3230/3230 3294/3294
f 3230/3230 3229/3229 3294/3294
f 3283/3283 3218/3218 3217/3217
f 3232/3232 3231/3231 3296/3296
f 3300/3300 3298/3298 3235/3235
f 3298/3298 3233/3233 3235/3235
f 3302/3302 3235/3235 3237/3237
f 3302/3302 3237/3237 3238/3238
f 3309/3309 3307/3307 3244/3244
f 3307/3307 3242/3242 3244/3244
f 3311/3311 3309/3309 3246/3246
f 3309/3309 3244/3244 3246/3246
f 3312/3312 3247/3247 3310/3310
f 3247/3247 3245/3245 3310/3310
f 3311/3311 3246/3246 3248/3248
f 3313/3313 3311/3311 3248/3248
f 3253/3253 3251/3251 3316/3316
f 3318/3318 3253/3253 3316/3316
f 3320/3320 3255/3255 3318/3318
f 3255/3255 3253/3253 3318/3318
f 3257/3257 3255/3255 3320/3320
f 3323/3323 3319/3319 3256/3256
f 3319/3319 3254/3254 3256/3256
f 3322/3322 3259/3259 3257/3257
f 3323/3323 3256/3256 3258/3258
f 3324/3324 3323/3323 3258/3258
f 3324/3324 3258/3258 3260/3260
f 3261/3261 3324/3324 3260/3260
f 3345/3345 3215/3215 3281/3281
f 3342/3342 3277/3277 3212/3212
f 3344/3344 3278/3278 3279/3279
f 3345/3345 3279/3279 3215/3215
f 3407/3407 3345/3345 3215/3215
f 3339/3339 3273/3273 3274/3274
f 3341/3341 3276/3276 3277/3277
f 3284/3284 3219/3219 3283/3283
f 3285/3285 3220/3220 3284/3284
f 3283/3283 3217/3217 3282/3282
f 3282/3282 3233/3233 3298/3298
f 3299/3299 3232/3232 3297/3297
f 3299/3299 3234/3234 3363/3363
f 3234/3234 3299/3299 3363/3363
f 3304/3304 3239/3239 3236/3236
f 3369/3369 3239/3239 3304/3304
f 3308/3308 3243/3243 3306/3306
f 3310/3310 3243/3243 3308/3308
f 3317/3317 3315/3315 3252/3252
f 3321/3321 3319/3319 3323/3323
f 3326/3326 3324/3324 3261/3261
f 3395/3395 3203/3203 3266/3266
f 3332/3332 3267/3267 3333/3333
f 3343/3343 3278/3278 3344/3344
f 3406/3406 3344/3344 3279/3279
f 3345/3345 3406/3406 3279/3279
f 3280/3280 3215/3215 3407/3407
f 3387/3387 3257/3257 3320/3320
f 3322/3322 3257/3257 3387/3387
f 3325/3325 3259/3259 3322/3322
f 3329/3329 3264/3264 3393/3393
f 3395/3395 3331/3331 3266/3266
f 3408/3408 3345/3345 3281/3281
f 3408/3408 3281/3281 3331/3331
f 3397/3397 3333/3333 3268/3268
f 3399/3399 3336/3336 3271/3271
f 3340/3340 3339/3339 3275/3275
f 3339/3339 3274/3274 3275/3275
f 3340/3340 3275/3275 3341/3341
f 3285/3285 3284/3284 3348/3348
f 3347/3347 3284/3284 3283/3283
f 3365/3365 3236/3236 3301/3301
f 3368/3368 3366/3366 3303/3303
f 3366/3366 3302/3302 3303/3303
f 3373/3373 3308/3308 3306/3306
f 3395/3395 3266/3266 3329/3329
f 3351/3351 3286/3286 3350/3350
f 3350/3350 3286/3286 3349/3349
f 3286/3286 3285/3285 3349/3349
f 3360/3360 3296/3296 3295/3295
f 3283/3283 3282/3282 3346/3346
f 3346/3346 3282/3282 3362/3362
f 3362/3362 3282/3282 3298/3298
f 3301/3301 3299/3299 3363/3363
f 3379/3379 3314/3314 3377/3377
f 3314/3314 3312/3312 3377/3377
f 3383/3383 3318/3318 3381/3381
f 3318/3318 3316/3316 3381/3381
f 3387/3387 3320/3320 3385/3385
f 3386/3386 3321/3321 3323/3323
f 3388/3388 3386/3386 3323/3323
f 3325/3325 3322/3322 3387/3387
f 3392/3392 3391/3391 3328/3328
f 3519/3519 3264/3264 3456/3456
f 3264/3264 3329/3329 3456/3456
f 3393/3393 3264/3264 3519/3519
f 3519/3519 3329/3329 3393/3393
f 3395/3395 3329/3329 3519/3519
f 3405/3405 3341/3341 3342/3342
f 3406/3406 3343/3343 3344/3344
f 3402/3402 3338/3338 3339/3339
f 3403/3403 3339/3339 3340/3340
f 3285/3285 3348/3348 3349/3349
f 3347/3347 3283/3283 3346/3346
f 3361/3361 3297/3297 3360/3360
f 3378/3378 3313/3313 3380/3380
f 3385/3385 3320/3320 3383/3383
f 3386/3386 3319/3319 3321/3321
f 3325/3325 3387/3387 3389/3389
f 3327/3327 3325/3325 3389/3389
f 3329/3329 3327/3327 3454/3454
f 3397/3397 3396/3396 3333/3333
f 3396/3396 3332/3332 3333/3333
f 3470/3470 3343/3343 3406/3406
f 3407/3407 3406/3406 3345/3345
f 3400/3400 3399/3399 3337/3337
f 3402/3402 3339/3339 3403/3403
f 3404/3404 3403/3403 3340/3340
f 3404/3404 3340/3340 3341/3341
f 3469/3469 3341/3341 3405/3405
f 3469/3469 3405/3405 3342/3342
f 3470/3470 3342/3342 3343/3343
f 3466/3466 3338/3338 3402/3402
f 3467/3467 3402/3402 3403/3403
f 3424/3424 3361/3361 3360/3360
f 3363/3363 3361/3361 3424/3424
f 3445/3445 3382/3382 3384/3384
f 3446/3446 3385/3385 3383/3383
f 3327/3327 3389/3389 3514/3514
f 3458/3458 3331/3331 3395/3395
f 3533/3533 3407/3407 3345/3345
f 3533/3533 3345/3345 3408/3408
f 3463/3463 3399/3399 3400/3400
f 3418/3418 3356/3356 3355/3355
f 3359/3359 3358/3358 3421/3421
f 3432/3432 3370/3370 3372/3372
f 3450/3450 3387/3387 3385/3385
f 3389/3389 3387/3387 3450/3450
f 3516/3516 3391/3391 3392/3392
f 3458/3458 3331/3331 3266/3266
f 3472/3472 3407/3407 3533/3533
f 3534/3534 3533/3533 3408/3408
f 3521/3521 3331/3331 3458/3458
f 3469/3469 3342/3342 3470/3470
f 3471/3471 3470/3470 3406/3406
f 3471/3471 3406/3406 3407/3407
f 3465/3465 3338/3338 3466/3466
f 3412/3412 3349/3349 3411/3411
f 3349/3349 3348/3348 3411/3411
f 3350/3350 3349/3349 3412/3412
f 3413/3413 3350/3350 3412/3412
f 3419/3419 3356/3356 3418/3418
f 3420/3420 3356/3356 3419/3419
f 3357/3357 3356/3356 3420/3420
f 3422/3422 3359/3359 3421/3421
f 3432/3432 3368/3368 3370/3370
f 3433/3433 3432/3432 3372/3372
f 3381/3381 3379/3379 3440/3440
f 3442/3442 3381/3381 3440/3440
f 3443/3443 3441/3441 3380/3380
f 3444/3444 3383/3383 3442/3442
f 3383/3383 3381/3381 3442/3442
f 3443/3443 3380/3380 3382/3382
f 3443/3443 3382/3382 3445/3445
f 3446/3446 3383/3383 3444/3444
f 3448/3448 3385/3385 3446/3446
f 3450/3450 3385/3385 3448/3448
f 3451/3451 3449/3449 3390/3390
f 3449/3449 3388/3388 3390/3390
f 3327/3327 3514/3514 3452/3452
f 3518/3518 3392/3392 3328/3328
f 3455/3455 3518/3518 3392/3392
f 3518/3518 3328/3328 3392/3392
f 3455/3455 3392/3392 3394/3394
f 3468/3468 3467/3467 3341/3341
f 3467/3467 3404/3404 3341/3341
f 3468/3468 3341/3341 3469/3469
f 3409/3409 3346/3346 3425/3425
f 3425/3425 3362/3362 3489/3489
f 3492/3492 3301/3301 3363/3363
f 3365/3365 3301/3301 3492/3492
f 3367/3367 3365/3365 3492/3492
f 3430/3430 3368/3368 3432/3432
f 3514/3514 3389/3389 3450/3450
f 3451/3451 3390/3390 3453/3453
f 3454/3454 3327/3327 3452/3452
f 3453/3453 3391/3391 3516/3516
f 3521/3521 3458/3458 3266/3266
f 3521/3521 3458/3458 3395/3395
f 3467/3467 3466/3466 3402/3402
f 3426/3426 3363/3363 3490/3490
f 3580/3580 3516/3516 3392/3392
f 3518/3518 3580/3580 3392/3392
f 3521/3521 3395/3395 3519/3519
f 3458/3458 3395/3395 3521/3521
f 3523/3523 3397/3397 3459/3459
f 3529/3529 3467/3467 3468/3468
f 3477/3477 3413/3413 3412/3412
f 3442/3442 3440/3440 3504/3504
f 3509/3509 3443/3443 3445/3445
f 3446/3446 3444/3444 3508/3508
f 3512/3512 3450/3450 3448/3448
f 3514/3514 3450/3450 3512/3512
f 3517/3517 3452/3452 3514/3514
f 3520/3520 3455/3455 3394/3394
f 3523/3523 3459/3459 3397/3397
f 3470/3470 3530/3530 3469/3469
f 3532/3532 3470/3470 3471/3471
f 3476/3476 3412/3412 3475/3475
f 3412/3412 3411/3411 3475/3475
f 3414/3414 3413/3413 3477/3477
f 3481/3481 3417/3417 3416/3416
f 3485/3485 3421/3421 3484/3484
f 3421/3421 3420/3420 3484/3484
f 3475/3475 3411/3411 3474/3474
f 3411/3411 3410/3410 3474/3474
f 3409/3409 3425/3425 3489/3489
f 3496/3496 3494/3494 3432/3432
f 3494/3494 3430/3430 3432/3432
f 3497/3497 3496/3496 3433/3433
f 3496/3496 3432/3432 3433/3433
f 3497/3497 3433/3433 3435/3435
f 3499/3499 3497/3497 3435/3435
f 3499/3499 3435/3435 3437/3437
f 3501/3501 3499/3499 3437/3437
f 3506/3506 3444/3444 3442/3442
f 3507/3507 3441/3441 3443/3443
f 3508/3508 3444/3444 3506/3506
f 3507/3507 3443/3443 3509/3509
f 3512/3512 3446/3446 3508/3508
f 3448/3448 3446/3446 3512/3512
f 3529/3529 3468/3468 3469/3469
f 3529/3529 3469/3469 3530/3530
f 3531/3531 3470/3470 3532/3532
f 3594/3594 3532/3532 3471/3471
f 3477/3477 3412/3412 3476/3476
f 3478/3478 3414/3414 3477/3477
f 3481/3481 3416/3416 3480/3480
f 3473/3473 3409/3409 3489/3489
f 3552/3552 3426/3426 3490/3490
f 3551/3551 3425/3425 3489/3489
f 3490/3490 3426/3426 3552/3552
f 3492/3492 3363/3363 3490/3490
f 3558/3558 3494/3494 3496/3496
f 3506/3506 3442/3442 3504/3504
f 3507/3507 3505/3505 3441/3441
f 3513/3513 3451/3451 3515/3515
f 3456/3456 3454/3454 3583/3583
f 3519/3519 3456/3456 3583/3583
f 3518/3518 3455/3455 3520/3520
f 3491/3491 3427/3427 3493/3493
f 3495/3495 3429/3429 3492/3492
f 3558/3558 3496/3496 3497/3497
f 3512/3512 3508/3508 3510/3510
f 3577/3577 3514/3514 3512/3512
f 3521/3521 3519/3519 3583/3583
f 3595/3595 3472/3472 3533/3533
f 3591/3591 3467/3467 3528/3528
f 3529/3529 3528/3528 3467/3467
f 3592/3592 3529/3529 3530/3530
f 3530/3530 3470/3470 3531/3531
f 3595/3595 3471/3471 3407/3407
f 3508/3508 3506/3506 3510/3510
f 3578/3578 3513/3513 3515/3515
f 3585/3585 3458/3458 3521/3521
f 3477/3477 3476/3476 3538/3538
f 3540/3540 3477/3477 3539/3539
f 3478/3478 3477/3477 3540/3540
f 3541/3541 3478/3478 3540/3540
f 3543/3543 3481/3481 3542/3542
f 3481/3481 3480/3480 3542/3542
f 3546/3546 3484/3484 3545/3545
f 3484/3484 3483/3483 3545/3545
f 3485/3485 3484/3484 3546/3546
f 3475/3475 3474/3474 3536/3536
f 3537/3537 3475/3475 3536/3536
f 3550/3550 3487/3487 3549/3549
f 3552/3552 3490/3490 3614/3614
f 3557/3557 3495/3495 3492/3492
f 3556/3556 3493/3493 3494/3494
f 3556/3556 3494/3494 3558/3558
f 3510/3510 3506/3506 3571/3571
f 3570/3570 3505/3505 3507/3507
f 3573/3573 3510/3510 3571/3571
f 3582/3582 3580/3580 3518/3518
f 3582/3582 3518/3518 3520/3520
f 3585/3585 3521/3521 3583/3583
f 3458/3458 3521/3521 3585/3585
f 3584/3584 3520/3520 3522/3522
f 3649/3649 3466/3466 3591/3591
f 3594/3594 3531/3531 3532/3532
f 3539/3539 3477/3477 3538/3538
f 3547/3547 3485/3485 3546/3546
f 3548/3548 3486/3486 3547/3547
f 3535/3535 3473/3473 3551/3551
f 3473/3473 3489/3489 3551/3551
f 3556/3556 3555/3555 3493/3493
f 3557/3557 3492/3492 3554/3554
f 3560/3560 3558/3558 3497/3497
f 3565/3565 3502/3502 3563/3563
f 3569/3569 3504/3504 3565/3565
f 3506/3506 3504/3504 3569/3569
f 3571/3571 3506/3506 3569/3569
f 3575/3575 3512/3512 3573/3573
f 3512/3512 3510/3510 3573/3573
f 3574/3574 3572/3572 3509/3509
f 3577/3577 3512/3512 3575/3575
f 3579/3579 3514/3514 3577/3577
f 3650/3650 3591/3591 3528/3528
f 3650/3650 3528/3528 3529/3529
f 3652/3652 3592/3592 3530/3530
f 3593/3593 3652/3652 3531/3531
f 3652/3652 3530/3530 3531/3531
f 3654/3654 3532/3532 3594/3594
f 3612/3612 3550/3550 3611/3611
f 3550/3550 3549/3549 3611/3611
f 3560/3560 3497/3497 3562/3562
f 3639/3639 3519/3519 3583/3583
f 3583/3583 3519/3519 3639/3639
f 3584/3584 3582/3582 3520/3520
f 3640/3640 3584/3584 3520/3520
f 3641/3641 3521/3521 3585/3585
f 3655/3655 3472/3472 3595/3595
f 3655/3655 3595/3595 3533/3533
f 3596/3596 3655/3655 3534/3534
f 3655/3655 3533/3533 3534/3534
f 3585/3585 3521/3521 3641/3641
f 3710/3710 3466/3466 3649/3649
f 3651/3651 3650/3650 3529/3529
f 3651/3651 3529/3529 3592/3592
f 3593/3593 3531/3531 3594/3594
f 3613/3613 3551/3551 3553/3553
f 3557/3557 3554/3554 3618/3618
f 3622/3622 3559/3559 3620/3620
f 3560/3560 3621/3621 3558/3558
f 3569/3569 3565/3565 3567/3567
f 3571/3571 3569/3569 3567/3567
f 3635/3635 3579/3579 3577/3577
f 3652/3652 3651/3651 3592/3592
f 3594/3594 3532/3532 3654/3654
f 3600/3600 3538/3538 3599/3599
f 3538/3538 3537/3537 3599/3599
f 3602/3602 3540/3540 3601/3601
f 3540/3540 3539/3539 3601/3601
f 3606/3606 3544/3544 3605/3605
f 3607/3607 3545/3545 3606/3606
f 3545/3545 3544/3544 3606/3606
f 3549/3549 3548/3548 3610/3610
f 3536/3536 3535/3535 3597/3597
f 3599/3599 3536/3536 3598/3598
f 3552/3552 3490/3490 3614/3614
f 3615/3615 3613/3613 3553/3553
f 3554/3554 3492/3492 3616/3616
f 3623/3623 3560/3560 3562/3562
f 3565/3565 3561/3561 3624/3624
f 3567/3567 3565/3565 3627/3627
f 3573/3573 3571/3571 3630/3630
f 3631/3631 3572/3572 3574/3574
f 3632/3632 3575/3575 3573/3573
f 3638/3638 3580/3580 3582/3582
f 3640/3640 3520/3520 3584/3584
f 3586/3586 3523/3523 3587/3587
f 3654/3654 3593/3593 3594/3594
f 3598/3598 3536/3536 3597/3597
f 3613/3613 3551/3551 3672/3672
f 3616/3616 3490/3490 3614/3614
f 3615/3615 3553/3553 3617/3617
f 3618/3618 3554/3554 3616/3616
f 3623/3623 3621/3621 3560/3560
f 3577/3577 3575/3575 3632/3632
f 3636/3636 3634/3634 3580/3580
f 3634/3634 3578/3578 3580/3580
f 3636/3636 3580/3580 3638/3638
f 3643/3643 3642/3642 3587/3587
f 3642/3642 3586/3586 3587/3587
f 3614/3614 3550/3550 3612/3612
f 3557/3557 3618/3618 3616/3616
f 3677/3677 3557/3557 3616/3616
f 3620/3620 3557/3557 3677/3677
f 3622/3622 3620/3620 3677/3677
f 3627/3627 3565/3565 3624/3624
f 3571/3571 3567/3567 3627/3627
f 3630/3630 3571/3571 3627/3627
f 3691/3691 3573/3573 3630/3630
f 3632/3632 3573/3573 3691/3691
f 3695/3695 3577/3577 3632/3632
f 3635/3635 3577/3577 3695/3695
f 3639/3639 3583/3583 3637/3637
f 3702/3702 3585/3585 3639/3639
f 3585/3585 3583/3583 3639/3639
f 3641/3641 3655/3655 3596/3596
f 3653/3653 3652/3652 3593/3593
f 3653/3653 3593/3593 3654/3654
f 3654/3654 3594/3594 3716/3716
f 3672/3672 3551/3551 3613/3613
f 3672/3672 3613/3613 3615/3615
f 3678/3678 3621/3621 3623/3623
f 3695/3695 3632/3632 3693/3693
f 3702/3702 3585/3585 3641/3641
f 3716/3716 3595/3595 3655/3655
f 3716/3716 3655/3655 3595/3595
f 3716/3716 3595/3595 3655/3655
f 3716/3716 3655/3655 3641/3641
f 3711/3711 3649/3649 3650/3650
f 3649/3649 3591/3591 3650/3650
f 3715/3715 3654/3654 3594/3594
f 3715/3715 3594/3594 3654/3654
f 3671/3671 3612/3612 3611/3611
f 3674/3674 3672/3672 3615/3615
f 3680/3680 3678/3678 3623/3623
f 3681/3681 3624/3624 3679/3679
f 3683/3683 3624/3624 3681/3681
f 3627/3627 3624/3624 3683/3683
f 3630/3630 3627/3627 3687/3687
f 3691/3691 3630/3630 3690/3690
f 3693/3693 3632/3632 3691/3691
f 3694/3694 3631/3631 3633/3633
f 3696/3696 3694/3694 3633/3633
f 3696/3696 3633/3633 3634/3634
f 3636/3636 3696/3696 3634/3634
f 3699/3699 3636/3636 3638/3638
f 3701/3701 3640/3640 3584/3584
f 3712/3712 3711/3711 3651/3651
f 3711/3711 3650/3650 3651/3651
f 3713/3713 3651/3651 3652/3652
f 3715/3715 3653/3653 3654/3654
f 3660/3660 3600/3600 3659/3659
f 3601/3601 3600/3600 3660/3660
f 3661/3661 3602/3602 3660/3660
f 3602/3602 3601/3601 3660/3660
f 3604/3604 3603/3603 3662/3662
f 3663/3663 3604/3604 3662/3662
f 3666/3666 3607/3607 3665/3665
f 3607/3607 3606/3606 3665/3665
f 3667/3667 3608/3608 3666/3666
f 3608/3608 3607/3607 3666/3666
f 3675/3675 3616/3616 3614/3614
f 3627/3627 3683/3683 3687/3687
f 3690/3690 3630/3630 3687/3687
f 3714/3714 3652/3652 3653/3653
f 3668/3668 3608/3608 3667/3667
f 3673/3673 3614/3614 3671/3671
f 3677/3677 3616/3616 3675/3675
f 3679/3679 3622/3622 3677/3677
f 3684/3684 3682/3682 3625/3625
f 3685/3685 3683/3683 3681/3681
f 3687/3687 3683/3683 3685/3685
f 3690/3690 3687/3687 3688/3688
f 3635/3635 3695/3695 3697/3697
f 3759/3759 3699/3699 3638/3638
f 3702/3702 3639/3639 3700/3700
f 3764/3764 3704/3704 3643/3643
f 3710/3710 3649/3649 3711/3711
f 3712/3712 3651/3651 3713/3713
f 3714/3714 3713/3713 3652/3652
f 3775/3775 3653/3653 3715/3715
f 3736/3736 3616/3616 3675/3675
f 3675/3675 3616/3616 3736/3736
f 3737/3737 3735/3735 3615/3615
f 3693/3693 3691/3691 3752/3752
f 3695/3695 3693/3693 3752/3752
f 3760/3760 3639/3639 3758/3758
f 3700/3700 3639/3639 3760/3760
f 3762/3762 3641/3641 3702/3702
f 3714/3714 3653/3653 3775/3775
f 3718/3718 3657/3657 3656/3656
f 3675/3675 3614/3614 3734/3734
f 3686/3686 3682/3682 3684/3684
f 3756/3756 3697/3697 3695/3695
f 3639/3639 3637/3637 3758/3758
f 3762/3762 3702/3702 3700/3700
f 3775/3775 3715/3715 3776/3776
f 3762/3762 3716/3716 3641/3641
f 3771/3771 3710/3710 3711/3711
f 3773/3773 3712/3712 3713/3713
f 3714/3714 3773/3773 3713/3713
f 3719/3719 3658/3658 3718/3718
f 3658/3658 3657/3657 3718/3718
f 3720/3720 3659/3659 3719/3719
f 3659/3659 3658/3658 3719/3719
f 3723/3723 3662/3662 3722/3722
f 3662/3662 3661/3661 3722/3722
f 3724/3724 3662/3662 3723/3723
f 3663/3663 3662/3662 3724/3724
f 3726/3726 3665/3665 3725/3725
f 3729/3729 3668/3668 3728/3728
f 3668/3668 3667/3667 3728/3728
f 3731/3731 3670/3670 3730/3730
f 3670/3670 3669/3669 3730/3730
f 3732/3732 3671/3671 3731/3731
f 3671/3671 3670/3670 3731/3731
f 3735/3735 3672/3672 3674/3674
f 3735/3735 3674/3674 3615/3615
f 3679/3679 3677/3677 3742/3742
f 3745/3745 3744/3744 3682/3682
f 3745/3745 3682/3682 3686/3686
f 3746/3746 3745/3745 3686/3686
f 3687/3687 3685/3685 3747/3747
f 3754/3754 3695/3695 3752/3752
f 3756/3756 3695/3695 3754/3754
f 3761/3761 3701/3701 3703/3703
f 3776/3776 3716/3716 3762/3762
f 3770/3770 3710/3710 3771/3771
f 3772/3772 3711/3711 3712/3712
f 3773/3773 3772/3772 3712/3712
f 3725/3725 3663/3663 3724/3724
f 3718/3718 3656/3656 3717/3717
f 3717/3717 3672/3672 3733/3733
f 3733/3733 3672/3672 3735/3735
f 3677/3677 3675/3675 3738/3738
f 3741/3741 3739/3739 3678/3678
f 3739/3739 3676/3676 3678/3678
f 3750/3750 3688/3688 3687/3687
f 3762/3762 3700/3700 3760/3760
f 3771/3771 3711/3711 3772/3772
f 3738/3738 3675/3675 3736/3736
f 3740/3740 3677/3677 3738/3738
f 3747/3747 3685/3685 3806/3806
f 3760/3760 3758/3758 3822/3822
f 3763/3763 3761/3761 3703/3703
f 3717/3717 3733/3733 3793/3793
f 3799/3799 3737/3737 3739/3739
f 3742/3742 3677/3677 3740/3740
f 3681/3681 3679/3679 3742/3742
f 3806/3806 3681/3681 3742/3742
f 3685/3685 3681/3681 3806/3806
f 3746/3746 3744/3744 3745/3745
f 3750/3750 3687/3687 3747/3747
f 3822/3822 3758/3758 3820/3820
f 3828/3828 3764/3764 3765/3765
f 3782/3782 3722/3722 3781/3781
f 3722/3722 3721/3721 3781/3781
f 3726/3726 3725/3725 3786/3786
f 3727/3727 3726/3726 3787/3787
f 3780/3780 3719/3719 3779/3779
f 3720/3720 3719/3719 3780/3780
f 3721/3721 3720/3720 3780/3780
f 3784/3784 3723/3723 3783/3783
f 3724/3724 3723/3723 3784/3784
f 3790/3790 3730/3730 3789/3789
f 3730/3730 3729/3729 3789/3789
f 3731/3731 3730/3730 3790/3790
f 3791/3791 3731/3731 3790/3790
f 3777/3777 3717/3717 3793/3793
f 3797/3797 3735/3735 3737/3737
f 3747/3747 3806/3806 3808/3808
f 3809/3809 3807/3807 3748/3748
f 3807/3807 3746/3746 3748/3748
f 3750/3750 3747/3747 3808/3808
f 3754/3754 3752/3752 3814/3814
f 3818/3818 3754/3754 3814/3814
f 3824/3824 3823/3823 3763/3763
f 3823/3823 3761/3761 3763/3763
f 3839/3839 3773/3773 3774/3774
f 3839/3839 3774/3774 3775/3775
f 3835/3835 3834/3834 3770/3770
f 3835/3835 3770/3770 3771/3771
f 3836/3836 3835/3835 3772/3772
f 3835/3835 3771/3771 3772/3772
f 3781/3781 3721/3721 3780/3780
f 3734/3734 3732/3732 3794/3794
f 3804/3804 3742/3742 3802/3802
f 3806/3806 3742/3742 3804/3804
f 3808/3808 3806/3806 3804/3804
f 3805/3805 3744/3744 3746/3746
f 3807/3807 3805/3805 3746/3746
f 3811/3811 3750/3750 3808/3808
f 3818/3818 3814/3814 3816/3816
f 3830/3830 3828/3828 3766/3766
f 3837/3837 3772/3772 3773/3773
f 3838/3838 3837/3837 3773/3773
f 3838/3838 3773/3773 3839/3839
f 3839/3839 3775/3775 3776/3776
f 3839/3839 3776/3776 3840/3840
f 3789/3789 3729/3729 3788/3788
f 3815/3815 3813/3813 3817/3817
f 3801/3801 3803/3803 3805/3805
f 3810/3810 3807/3807 3809/3809
f 3810/3810 3809/3809 3813/3813
f 3818/3818 3816/3816 3814/3814
f 3833/3833 3831/3831 3832/3832
f 3838/3838 3836/3836 3837/3837
f 3834/3834 3926/3926 3833/3833
f 3844/3844 3780/3780 3843/3843
f 3845/3845 3780/3780 3844/3844
f 3781/3781 3780/3780 3845/3845
f 3846/3846 3782/3782 3845/3845
f 3782/3782 3781/3781 3845/3845
f 3850/3850 3785/3785 3849/3849
f 3786/3786 3785/3785 3850/3850
f 3789/3789 3788/3788 3852/3852
f 3853/3853 3789/3789 3852/3852
f 3790/3790 3789/3789 3853/3853
f 3854/3854 3790/3790 3853/3853
f 3855/3855 3790/3790 3854/3854
f 3791/3791 3790/3790 3855/3855
f 3841/3841 3777/3777 3856/3856
f 3777/3777 3793/3793 3856/3856
f 3792/3792 3791/3791 3855/3855
f 3794/3794 3871/3871 3873/3873
f 3873/3873 3796/3796 3794/3794
f 3880/3880 3878/3878 3801/3801
f 3880/3880 3801/3801 3805/3805
f 3886/3886 3807/3807 3810/3810
f 3890/3890 3886/3886 3810/3810
f 3890/3890 3810/3810 3813/3813
f 3892/3892 3890/3890 3813/3813
f 3814/3814 3811/3811 3891/3891
f 3897/3897 3814/3814 3891/3891
f 3894/3894 3892/3892 3813/3813
f 3894/3894 3813/3813 3815/3815
f 3896/3896 3894/3894 3815/3815
f 3896/3896 3815/3815 3817/3817
f 3899/3899 3818/3818 3897/3897
f 3818/3818 3814/3814 3897/3897
f 3898/3898 3896/3896 3817/3817
f 3901/3901 3820/3820 3899/3899
f 3820/3820 3818/3818 3899/3899
f 3900/3900 3898/3898 3819/3819
f 3898/3898 3817/3817 3819/3819
f 3902/3902 3900/3900 3821/3821
f 3900/3900 3819/3819 3821/3821
f 3903/3903 3822/3822 3901/3901
f 3822/3822 3820/3820 3901/3901
f 3904/3904 3902/3902 3823/3823
f 3902/3902 3821/3821 3823/3823
f 3905/3905 3824/3824 3827/3827
f 3926/3926 3924/3924 3833/3833
f 3927/3927 3834/3834 3835/3835
f 3929/3929 3927/3927 3836/3836
f 3927/3927 3835/3835 3836/3836
f 3929/3929 3836/3836 3838/3838
f 3930/3930 3929/3929 3838/3838
f 3931/3931 3930/3930 3838/3838
f 3931/3931 3838/3838 3839/3839
f 3932/3932 3931/3931 3839/3839
f 3932/3932 3839/3839 3840/3840
f 3918/3918 3932/3932 3840/3840
f 3918/3918 3840/3840 3825/3825
f 3842/3842 3841/3841 3856/3856
f 3888/3888 3886/3886 3890/3890
f 3894/3894 3890/3890 3892/3892
f 3897/3897 3891/3891 3895/3895
f 3919/3919 3822/3822 3903/3903
f 3905/3905 3904/3904 3823/3823
f 3917/3917 3931/3931 3932/3932
f 3918/3918 3917/3917 3932/3932
f 3857/3857 3842/3842 3856/3856
f 3886/3886 3888/3888 3890/3890
f 3895/3895 3891/3891 3889/3889
f 3899/3899 3897/3897 3895/3895
f 3906/3906 3905/3905 3921/3921
f 3928/3928 3927/3927 3929/3929
f 3915/3915 3928/3928 3929/3929
f 3915/3915 3929/3929 3930/3930
f 3916/3916 3915/3915 3930/3930
f 3917/3917 3916/3916 3931/3931
f 3916/3916 3930/3930 3931/3931
f 3859/3859 3844/3844 3858/3858
f 3844/3844 3843/3843 3858/3858
f 3860/3860 3845/3845 3859/3859
f 3846/3846 3845/3845 3860/3860
f 3861/3861 3846/3846 3860/3860
f 3847/3847 3846/3846 3862/3862
f 3864/3864 3849/3849 3863/3863
f 3849/3849 3848/3848 3863/3863
f 3867/3867 3851/3851 3866/3866
f 3869/3869 3854/3854 3868/3868
f 3854/3854 3853/3853 3868/3868
f 3870/3870 3854/3854 3869/3869
f 3879/3879 3875/3875 3877/3877
f 3881/3881 3879/3879 3877/3877
f 3882/3882 3878/3878 3880/3880
f 3882/3882 3880/3880 3884/3884
f 3887/3887 3885/3885 3883/3883
f 3907/3907 3906/3906 3923/3923
f 3909/3909 3907/3907 3923/3923
f 3909/3909 3923/3923 3924/3924
f 3910/3910 3909/3909 3924/3924
f 3910/3910 3924/3924 3926/3926
f 3911/3911 3910/3910 3926/3926
f 3913/3913 3911/3911 3912/3912
f 3914/3914 3913/3913 3912/3912
f 3914/3914 3928/3928 3915/3915
f 3861/3861 3859/3859 3860/3860
f 3935/3935 3859/3859 3934/3934
f 3859/3859 3858/3858 3934/3934
f 3936/3936 3860/3860 3935/3935
f 3937/3937 3861/3861 3936/3936
f 3862/3862 3861/3861 3937/3937
f 3938/3938 3862/3862 3937/3937
f 3863/3863 3862/3862 3938/3938
f 3939/3939 3863/3863 3938/3938
f 3940/3940 3863/3863 3939/3939
f 3865/3865 3864/3864 3940/3940
f 3867/3867 3866/3866 3942/3942
f 3869/3869 3868/3868 3944/3944
f 3870/3870 3869/3869 3944/3944
f 3933/3933 3857/3857 3856/3856
f 3934/3934 3858/3858 3933/3933
f 3858/3858 3857/3857 3933/3933
f 3944/3944 3943/3943 3942/3942
f 3947/3947 3856/3856 3872/3872
f 3949/3949 3933/3933 3948/3948
f 3934/3934 3933/3933 3949/3949
f 3873/3873 3871/3871 3962/3962
f 3871/3871 3946/3946 3962/3962
f 3963/3963 3872/3872 3874/3874
f 3881/3881 3875/3875 4026/4026
f 3875/3875 3994/3994 4026/4026
f 3880/3880 3878/3878 3882/3882
f 4011/4011 3880/3880 3882/3882
f 4043/4043 4011/4011 3882/3882
f 3885/3885 3883/3883 4042/4042
f 3887/3887 3883/3883 3885/3885
f 3888/3888 3882/3882 3886/3886
f 3885/3885 4042/4042 4072/4072
f 3889/3889 3885/3885 4072/4072
f 4104/4104 4073/4073 3892/3892
f 4073/4073 3888/3888 3892/3892
f 3895/3895 3893/3893 4131/4131
f 4147/4147 4132/4132 3898/3898
f 4163/4163 4147/4147 3898/3898
f 4163/4163 3898/3898 3900/3900
f 3901/3901 3899/3899 4178/4178
f 3899/3899 4162/4162 4178/4178
f 4179/4179 4163/4163 3902/3902
f 4163/4163 3900/3900 3902/3902
f 4180/4180 4179/4179 3902/3902
f 4195/4195 4180/4180 3905/3905
f 3906/3906 4196/4196 3905/3905
f 3907/3907 4196/4196 3906/3906
f 4197/4197 4196/4196 3907/3907
f 4197/4197 3907/3907 3906/3906
f 3908/3908 4197/4197 3906/3906
f 4198/4198 4197/4197 3908/3908
f 4199/4199 4198/4198 3908/3908
f 3909/3909 4199/4199 3908/3908
f 4200/4200 4199/4199 3909/3909
f 3910/3910 4200/4200 3909/3909
f 3910/3910 3909/3909 3911/3911
f 4201/4201 4200/4200 3910/3910
f 3915/3915 4204/4204 3914/3914
f 3937/3937 3936/3936 3952/3952
f 3944/3944 3942/3942 3943/3943
f 3950/3950 3935/3935 3949/3949
f 3951/3951 3935/3935 3950/3950
f 3952/3952 3936/3936 3951/3951
f 3958/3958 3941/3941 3957/3957
f 3959/3959 3943/3943 3958/3958
f 3944/3944 3943/3943 3960/3960
f 3962/3962 3945/3945 3961/3961
f 3953/3953 3938/3938 3952/3952
f 3954/3954 3938/3938 3953/3953
f 3950/3950 3949/3949 3966/3966
f 3957/3957 3955/3955 3956/3956
f 3973/3973 3958/3958 3957/3957
f 3977/3977 3961/3961 3960/3960
f 3952/3952 3951/3951 3967/3967
f 3955/3955 3954/3954 3970/3970
f 3971/3971 3955/3955 3970/3970
f 3973/3973 3957/3957 3956/3956
f 3959/3959 3958/3958 3974/3974
f 3960/3960 3959/3959 3976/3976
f 3964/3964 3948/3948 3963/3963
f 3948/3948 3947/3947 3963/3963
f 3969/3969 3953/3953 3968/3968
f 3953/3953 3952/3952 3968/3968
f 3972/3972 3955/3955 3971/3971
f 3956/3956 3955/3955 3972/3972
f 3973/3973 3956/3956 3972/3972
f 3959/3959 3974/3974 3975/3975
f 3976/3976 3959/3959 3975/3975
f 3977/3977 3960/3960 3976/3976
f 3968/3968 3952/3952 3967/3967
f 3996/3996 3964/3964 3963/3963
f 3980/3980 3964/3964 3996/3996
f 3966/3966 3949/3949 3965/3965
f 3984/3984 3968/3968 3967/3967
f 3989/3989 3973/3973 3972/3972
f 3992/3992 3976/3976 3975/3975
f 3993/3993 3977/3977 3976/3976
f 3996/3996 3963/3963 3979/3979
f 3965/3965 3964/3964 3980/3980
f 3982/3982 3965/3965 3981/3981
f 3966/3966 3965/3965 3982/3982
f 3987/3987 3971/3971 3970/3970
f 3988/3988 3972/3972 3971/3971
f 3967/3967 3966/3966 3982/3982
f 3984/3984 3967/3967 3983/3983
f 3987/3987 3970/3970 3986/3986
f 3975/3975 3974/3974 3991/3991
f 3992/3992 3975/3975 3991/3991
f 3993/3993 3976/3976 3992/3992
f 3994/3994 3977/3977 3993/3993
f 4010/4010 3978/3978 3994/3994
f 3984/3984 3983/3983 3999/3999
f 3987/3987 3986/3986 4002/4002
f 3981/3981 3980/3980 3996/3996
f 4000/4000 3984/3984 3999/3999
f 4007/4007 3992/3992 3991/3991
f 3997/3997 3981/3981 3996/3996
f 3986/3986 3985/3985 4002/4002
f 4003/4003 3987/3987 4002/4002
f 3988/3988 3987/3987 4003/4003
f 4004/4004 3988/3988 4003/4003
f 4005/4005 3989/3989 4004/4004
f 3989/3989 3988/3988 4004/4004
f 4006/4006 3990/3990 3989/3989
f 4009/4009 3992/3992 4008/4008
f 4013/4013 3982/3982 3981/3981
f 3998/3998 3982/3982 4013/4013
f 3999/3999 3983/3983 3998/3998
f 4005/4005 4006/4006 3989/3989
f 3996/3996 3979/3979 4011/4011
f 4013/4013 3981/3981 3997/3997
f 3985/3985 4001/4001 4000/4000
f 4020/4020 4005/4005 4004/4004
f 4018/4018 3985/3985 4017/4017
f 4002/4002 3985/3985 4018/4018
f 4003/4003 4002/4002 4019/4019
f 4004/4004 4003/4003 4019/4019
f 4022/4022 4007/4007 4006/4006
f 4013/4013 3997/3997 4012/4012
f 3997/3997 3996/3996 4012/4012
f 4014/4014 3998/3998 4013/4013
f 4000/4000 3999/3999 4015/4015
f 3985/3985 4000/4000 4015/4015
f 4019/4019 4002/4002 4018/4018
f 4023/4023 4007/4007 4022/4022
f 4008/4008 4007/4007 4023/4023
f 4024/4024 4008/4008 4023/4023
f 4010/4010 3994/3994 4026/4026
f 4020/4020 4004/4004 4019/4019
f 4021/4021 4005/4005 4020/4020
f 4028/4028 4012/4012 4011/4011
f 3985/3985 4015/4015 4017/4017
f 4016/4016 4017/4017 4032/4032
f 4032/4032 4017/4017 4015/4015
f 4033/4033 4017/4017 4016/4016
f 4035/4035 4019/4019 4018/4018
f 4023/4023 4022/4022 4038/4038
f 4015/4015 4014/4014 4030/4030
f 4033/4033 4016/4016 4032/4032
f 4039/4039 4023/4023 4038/4038
f 4040/4040 4024/4024 4023/4023
f 4041/4041 4025/4025 4040/4040
f 4025/4025 4024/4024 4040/4040
f 4032/4032 4015/4015 4030/4030
f 4035/4035 4018/4018 4034/4034
f 4022/4022 4021/4021 4053/4053
f 4042/4042 4025/4025 4041/4041
f 4027/4027 4011/4011 4043/4043
f 4032/4032 4030/4030 4031/4031
f 4051/4051 4035/4035 4034/4034
f 4036/4036 4035/4035 4051/4051
f 4053/4053 4021/4021 4036/4036
f 4037/4037 4022/4022 4053/4053
f 4038/4038 4022/4022 4037/4037
f 4039/4039 4038/4038 4054/4054
f 4058/4058 4042/4042 4041/4041
f 4049/4049 4033/4033 4048/4048
f 4033/4033 4032/4032 4048/4048
f 4051/4051 4034/4034 4050/4050
f 4045/4045 4029/4029 4044/4044
f 4030/4030 4045/4045 4046/4046
f 4031/4031 4030/4030 4046/4046
f 4052/4052 4036/4036 4051/4051
f 4053/4053 4036/4036 4052/4052
f 4054/4054 4037/4037 4053/4053
f 4038/4038 4037/4037 4054/4054
f 4044/4044 4028/4028 4027/4027
f 4047/4047 4031/4031 4046/4046
f 4041/4041 4040/4040 4056/4056
f 4064/4064 4048/4048 4047/4047
f 4049/4049 4048/4048 4064/4064
f 4051/4051 4050/4050 4065/4065
f 4057/4057 4041/4041 4056/4056
f 4044/4044 4027/4027 4059/4059
f 4061/4061 4045/4045 4044/4044
f 4050/4050 4049/4049 4065/4065
f 4066/4066 4051/4051 4065/4065
f 4054/4054 4053/4053 4052/4052
f 4069/4069 4055/4055 4054/4054
f 4042/4042 4058/4058 4072/4072
f 4063/4063 4047/4047 4062/4062
f 4065/4065 4049/4049 4079/4079
f 4069/4069 4054/4054 4084/4084
f 4057/4057 4056/4056 4070/4070
f 4061/4061 4044/4044 4060/4060
f 4079/4079 4049/4049 4064/4064
f 4088/4088 4042/4042 4072/4072
f 4064/4064 4063/4063 4077/4077
f 4081/4081 4067/4067 4080/4080
f 4067/4067 4066/4066 4080/4080
f 4082/4082 4067/4067 4081/4081
f 4085/4085 4069/4069 4068/4068
f 4072/4072 4071/4071 4087/4087
f 4074/4074 4044/4044 4059/4059
f 4060/4060 4044/4044 4074/4074
f 4077/4077 4063/4063 4062/4062
f 4079/4079 4064/4064 4078/4078
f 4083/4083 4067/4067 4082/4082
f 4086/4086 4070/4070 4085/4085
f 4074/4074 4059/4059 4089/4089
f 4103/4103 4072/4072 4087/4087
f 4081/4081 4080/4080 4096/4096
f 4087/4087 4071/4071 4086/4086
f 4103/4103 4072/4072 4088/4088
f 4094/4094 4079/4079 4078/4078
f 4097/4097 4081/4081 4096/4096
f 4085/4085 4084/4084 4100/4100
f 4102/4102 4086/4086 4101/4101
f 4087/4087 4086/4086 4102/4102
f 4103/4103 4087/4087 4102/4102
f 4117/4117 4103/4103 4088/4088
f 4091/4091 4074/4074 4090/4090
f 4095/4095 4079/4079 4094/4094
f 4093/4093 4092/4092 4091/4091
f 4094/4094 4078/4078 4093/4093
f 4091/4091 4090/4090 4105/4105
f 4094/4094 4093/4093 4107/4107
f 4108/4108 4095/4095 4094/4094
f 4096/4096 4095/4095 4109/4109
f 4100/4100 4099/4099 4113/4113
f 4106/4106 4091/4091 4105/4105
f 4107/4107 4093/4093 4091/4091
f 4109/4109 4095/4095 4108/4108
f 4111/4111 4098/4098 4110/4110
f 4098/4098 4097/4097 4110/4110
f 4115/4115 4101/4101 4114/4114
f 4101/4101 4100/4100 4114/4114
f 4118/4118 4073/4073 4104/4104
f 4104/4104 4089/4089 4118/4118
f 4089/4089 4073/4073 4118/4118
f 4105/4105 4089/4089 4104/4104
f 4107/4107 4091/4091 4106/4106
f 4108/4108 4094/4094 4107/4107
f 4121/4121 4107/4107 4106/4106
f 4123/4123 4108/4108 4122/4122
f 4131/4131 4103/4103 4117/4117
f 4110/4110 4109/4109 4124/4124
f 4128/4128 4112/4112 4111/4111
f 4124/4124 4108/4108 4123/4123
f 4128/4128 4111/4111 4127/4127
f 4130/4130 4114/4114 4129/4129
f 4133/4133 4105/4105 4104/4104
f 4119/4119 4105/4105 4133/4133
f 4135/4135 4106/4106 4120/4120
f 4121/4121 4106/4106 4135/4135
f 4122/4122 4107/4107 4121/4121
f 4145/4145 4130/4130 4129/4129
f 4124/4124 4123/4123 4138/4138
f 4126/4126 4125/4125 4141/4141
f 4127/4127 4126/4126 4141/4141
f 4137/4137 4122/4122 4121/4121
f 4141/4141 4125/4125 4140/4140
f 4133/4133 4104/4104 4147/4147
f 4135/4135 4120/4120 4134/4134
f 4136/4136 4121/4121 4135/4135
f 4136/4136 4137/4137 4121/4121
f 4142/4142 4127/4127 4141/4141
f 4129/4129 4128/4128 4143/4143
f 4145/4145 4129/4129 4144/4144
f 4134/4134 4120/4120 4133/4133
f 4129/4129 4143/4143 4144/4144
f 4138/4138 4123/4123 4137/4137
f 4141/4141 4140/4140 4156/4156
f 4142/4142 4141/4141 4156/4156
f 4157/4157 4143/4143 4142/4142
f 4148/4148 4133/4133 4147/4147
f 4134/4134 4133/4133 4148/4148
f 4135/4135 4134/4134 4149/4149
f 4151/4151 4136/4136 4135/4135
f 4137/4137 4136/4136 4151/4151
f 4153/4153 4137/4137 4152/4152
f 4154/4154 4138/4138 4153/4153
f 4140/4140 4154/4154 4155/4155
f 4156/4156 4140/4140 4155/4155
f 4162/4162 4131/4131 4161/4161
f 4131/4131 4146/4146 4161/4161
f 4149/4149 4134/4134 4148/4148
f 4151/4151 4135/4135 4150/4150
f 4152/4152 4137/4137 4151/4151
f 4138/4138 4137/4137 4153/4153
f 4157/4157 4142/4142 4156/4156
f 4158/4158 4143/4143 4157/4157
f 4144/4144 4143/4143 4158/4158
f 4156/4156 4155/4155 4154/4154
f 4159/4159 4144/4144 4158/4158
f 4149/4149 4148/4148 4164/4164
f 4137/4137 4151/4151 4150/4150
f 4161/4161 4160/4160 4176/4176
f 4151/4151 4137/4137 4150/4150
f 4168/4168 4152/4152 4151/4151
f 4158/4158 4157/4157 4173/4173
f 4149/4149 4164/4164 4165/4165
f 4151/4151 4150/4150 4166/4166
f 4174/4174 4158/4158 4173/4173
f 4175/4175 4158/4158 4174/4174
f 4159/4159 4158/4158 4175/4175
f 4160/4160 4175/4175 4176/4176
f 4177/4177 4161/4161 4176/4176
f 4178/4178 4162/4162 4161/4161
f 4150/4150 4165/4165 4166/4166
f 4151/4151 4166/4166 4167/4167
f 4184/4184 4168/4168 4167/4167
f 4168/4168 4151/4151 4167/4167
f 4193/4193 4161/4161 4177/4177
f 4178/4178 4161/4161 4193/4193
f 4180/4180 4164/4164 4163/4163
f 4182/4182 4165/4165 4181/4181
f 4166/4166 4165/4165 4182/4182
f 4167/4167 4166/4166 4183/4183
f 4186/4186 4170/4170 4185/4185
f 4174/4174 4173/4173 4189/4189
f 4193/4193 4177/4177 4176/4176
f 4194/4194 3901/3901 4178/4178
f 4172/4172 4171/4171 4188/4188
f 4190/4190 4174/4174 4189/4189
f 4194/4194 4178/4178 4193/4193
f 4180/4180 4163/4163 4179/4179
f 4188/4188 4171/4171 4187/4187
f 4193/4193 4176/4176 4192/4192
f 4201/4201 4186/4186 4200/4200
f 4186/4186 4185/4185 4200/4200
f 4187/4187 4186/4186 4201/4201
f 4202/4202 4187/4187 4201/4201
f 4188/4188 4187/4187 4202/4202
f 4203/4203 4188/4188 4202/4202
f 4189/4189 4188/4188 4203/4203
f 4204/4204 4189/4189 4203/4203
f 4190/4190 4189/4189 4204/4204
f 4207/4207 4191/4191 4206/4206
f 4192/4192 4191/4191 4207/4207
f 4208/4208 4193/4193 4207/4207
f 4193/4193 4192/4192 4207/4207
f 4202/4202 4201/4201 4200/4200
f 4205/4205 4203/4203 4204/4204
f 4205/4205 4204/4204 4206/4206
f 4207/4207 4206/4206 3917/3917
f 12/12 10/10 11/11
f 13/13 12/12 11/11
f 13/13 11/11 12/12
f 14/14 13/13 12/12
f 15/15 14/14 16/16
f 14/14 13/13 15/15
f 23/23 7/7 8/8
f 24/24 23/23 8/8
f 25/25 24/24 8/8
f 25/25 8/8 9/9
f 26/26 25/25 9/9
f 26/26 9/9 10/10
f 27/27 26/26 10/10
f 27/27 10/10 11/11
f 28/28 12/12 13/13
f 29/29 13/13 14/14
f 30/30 29/29 14/14
f 31/31 30/30 14/14
f 31/31 14/14 15/15
f 16/16 31/31 15/15
f 33/33 32/32 16/16
f 33/33 16/16 18/18
f 32/32 31/31 16/16
f 35/35 51/51 34/34
f 42/42 41/41 25/25
f 42/42 25/25 26/26
f 44/44 43/43 28/28
f 45/45 28/28 29/29
f 31/31 46/46 30/30
f 48/48 31/31 32/32
f 51/51 50/50 34/34
f 52/52 51/51 35/35
f 52/52 35/35 36/36
f 53/53 68/68 37/37
f 42/42 58/58 41/41
f 23/23 54/54 38/38
f 59/59 27/27 43/43
f 59/59 43/43 44/44
f 55/55 23/23 39/39
f 57/57 41/41 58/58
f 61/61 59/59 44/44
f 61/61 44/44 45/45
f 60/60 59/59 61/61
f 66/66 81/81 50/50
f 66/66 50/50 51/51
f 70/70 54/54 23/23
f 55/55 70/70 23/23
f 76/76 60/60 61/61
f 52/52 66/66 51/51
f 83/83 68/68 53/53
f 54/54 69/69 38/38
f 58/58 72/72 57/57
f 52/52 82/82 66/66
f 72/72 71/71 57/57
f 76/76 75/75 60/60
f 70/70 69/69 54/54
f 73/73 72/72 58/58
f 75/75 74/74 59/59
f 93/93 79/79 63/63
f 100/100 69/69 70/70
f 92/92 77/77 78/78
f 82/82 96/96 66/66
f 97/97 96/96 82/82
f 98/98 82/82 83/83
f 85/85 100/100 70/70
f 98/98 97/97 82/82
f 90/90 89/89 76/76
f 100/100 99/99 69/69
f 89/89 104/104 88/88
f 90/90 105/105 89/89
f 113/113 112/112 96/96
f 113/113 96/96 97/97
f 116/116 100/100 85/85
f 105/105 104/104 89/89
f 106/106 105/105 90/90
f 114/114 97/97 98/98
f 100/100 115/115 99/99
f 106/106 104/104 105/105
f 125/125 113/113 97/97
f 116/116 115/115 100/100
f 116/116 127/127 115/115
f 128/128 116/116 100/100
f 141/141 127/127 116/116
f 128/128 141/141 116/116
f 155/155 141/141 128/128
f 141/141 154/154 127/127
f 160/160 159/159 148/148
f 155/155 154/154 141/141
f 155/155 162/162 154/154
f 163/163 156/156 143/143
f 173/173 163/163 164/164
f 180/180 179/179 172/172
f 179/179 178/178 171/171
f 1/1 199/199 200/200
f 2/2 202/202 203/203
f 3/3 2/2 203/203
f 3/3 203/203 204/204
f 210/210 209/209 193/193
f 210/210 193/193 194/194
f 7/7 194/194 195/195
f 8/8 7/7 195/195
f 10/10 196/196 197/197
f 11/11 10/10 197/197
f 11/11 197/197 198/198
f 13/13 11/11 199/199
f 13/13 199/199 1/1
f 15/15 13/13 1/1
f 15/15 1/1 2/2
f 15/15 16/16 14/14
f 17/17 16/16 15/15
f 19/19 16/16 17/17
f 20/20 19/19 5/5
f 20/20 5/5 207/207
f 7/7 6/6 209/209
f 7/7 209/209 210/210
f 22/22 212/212 209/209
f 22/22 209/209 6/6
f 211/211 37/37 21/21
f 213/213 37/37 211/211
f 215/215 53/53 37/37
f 215/215 37/37 213/213
f 216/216 214/214 22/22
f 216/216 22/22 38/38
f 215/215 68/68 53/53
f 217/217 68/68 215/215
f 68/68 83/83 53/53
f 216/216 38/38 69/69
f 217/217 83/83 68/68
f 218/218 216/216 69/69
f 219/219 83/83 217/217
f 218/218 69/69 84/84
f 222/222 218/218 84/84
f 221/221 98/98 83/83
f 222/222 84/84 99/99
f 223/223 114/114 98/98
f 223/223 98/98 221/221
f 126/126 125/125 114/114
f 138/138 137/137 124/124
f 153/153 137/137 138/138
f 140/140 127/127 154/154
f 234/234 230/230 227/227
f 150/150 160/160 149/149
f 234/234 239/239 230/230
f 162/162 231/231 154/154
f 162/162 240/240 231/231
f 167/167 166/166 159/159
f 250/250 243/243 244/244
f 177/177 245/245 240/240
f 177/177 240/240 170/170
f 178/178 177/177 170/170
f 250/250 259/259 243/243
f 184/184 177/177 178/178
f 183/183 251/251 245/245
f 183/183 245/245 177/177
f 184/184 183/183 177/177
f 258/258 249/249 259/259
f 260/260 251/251 183/183
f 184/184 260/260 183/183
f 261/261 260/260 184/184
f 191/191 261/261 184/184
f 265/265 263/263 264/264
f 264/264 263/263 265/265
f 277/277 260/260 261/261
f 277/277 261/261 262/262
f 280/280 263/263 264/264
f 281/281 280/280 264/264
f 281/281 264/264 265/265
f 279/279 278/278 280/280
f 281/281 279/279 280/280
f 280/280 279/279 281/281
f 288/288 286/286 287/287
f 284/284 282/282 281/281
f 284/284 281/281 283/283
f 284/284 283/283 285/285
f 287/287 285/285 286/286
f 205/205 204/204 203/203
f 214/214 212/212 22/22
f 234/234 227/227 230/230
f 235/235 231/231 228/228
f 235/235 228/228 231/231
f 235/235 231/231 240/240
f 235/235 240/240 231/231
f 259/259 250/250 244/244
f 290/290 273/273 274/274
f 289/289 288/288 287/287
f 286/286 284/284 285/285
f 286/286 285/285 287/287
f 294/294 278/278 279/279
f 296/296 294/294 279/279
f 298/298 281/281 282/282
f 299/299 298/298 282/282
f 299/299 282/282 284/284
f 301/301 299/299 284/284
f 301/301 284/284 286/286
f 302/302 301/301 286/286
f 302/302 286/286 287/287
f 303/303 287/287 288/288
f 295/295 294/294 296/296
f 297/297 296/296 298/298
f 204/204 205/205 203/203
f 219/219 217/217 215/215
f 244/244 239/239 234/234
f 304/304 303/303 288/288
f 304/304 288/288 289/289
f 305/305 289/289 290/290
f 306/306 305/305 290/290
f 305/305 304/304 303/303
f 305/305 303/303 304/304
f 199/199 197/197 198/198
f 203/203 202/202 204/204
f 205/205 204/204 203/203
f 217/217 215/215 213/213
f 217/217 219/219 215/215
f 220/220 222/222 224/224
f 293/293 292/292 276/276
f 306/306 290/290 291/291
f 203/203 204/204 202/202
f 201/201 202/202 200/200
f 194/194 193/193 320/320
f 194/194 320/320 321/321
f 209/209 331/331 193/193
f 228/228 345/345 226/226
f 228/228 226/226 231/231
f 231/231 354/354 349/349
f 244/244 239/239 234/234
f 355/355 244/244 234/234
f 355/355 234/234 350/350
f 240/240 354/354 231/231
f 367/367 307/307 291/291
f 298/298 297/297 299/299
f 300/300 298/298 299/299
f 300/300 299/299 301/301
f 313/313 328/328 327/327
f 313/313 202/202 328/328
f 315/315 203/203 314/314
f 317/317 204/204 316/316
f 318/318 206/206 204/204
f 318/318 204/204 317/317
f 325/325 197/197 324/324
f 325/325 198/198 197/197
f 325/325 199/199 198/198
f 325/325 326/326 199/199
f 320/320 193/193 331/331
f 348/348 230/230 227/227
f 352/352 350/350 348/348
f 352/352 355/355 350/350
f 357/357 240/240 245/245
f 360/360 357/357 245/245
f 360/360 245/245 251/251
f 363/363 360/360 251/251
f 363/363 251/251 260/260
f 364/364 275/275 361/361
f 367/367 291/291 275/275
f 367/367 275/275 364/364
f 368/368 292/292 293/293
f 373/373 372/372 296/296
f 373/373 296/296 297/297
f 373/373 297/297 298/298
f 375/375 373/373 298/298
f 380/380 379/379 303/303
f 380/380 303/303 304/304
f 381/381 380/380 304/304
f 381/381 304/304 305/305
f 374/374 372/372 373/373
f 374/374 373/373 375/375
f 311/311 326/326 325/325
f 342/342 337/337 343/343
f 345/345 342/342 343/343
f 349/349 347/347 345/345
f 359/359 355/355 356/356
f 359/359 358/358 355/355
f 341/341 410/410 342/342
f 343/343 341/341 342/342
f 345/345 343/343 342/342
f 362/362 361/361 359/359
f 365/365 364/364 361/361
f 365/365 361/361 362/362
f 373/373 371/371 372/372
f 376/376 375/375 377/377
f 379/379 377/377 378/378
f 391/391 314/314 313/313
f 397/397 330/330 319/319
f 397/397 319/319 396/396
f 332/332 330/330 402/402
f 404/404 334/334 332/332
f 406/406 334/334 404/404
f 335/335 405/405 333/333
f 406/406 336/336 334/334
f 408/408 336/336 406/406
f 408/408 340/340 336/336
f 413/413 344/344 340/340
f 417/417 343/343 345/345
f 419/419 346/346 344/344
f 349/349 345/345 347/347
f 350/350 348/348 419/419
f 420/420 349/349 351/351
f 424/424 351/351 354/354
f 362/362 359/359 356/356
f 431/431 365/365 362/362
f 368/368 432/432 366/366
f 370/370 435/435 369/369
f 377/377 375/375 376/376
f 391/391 313/313 390/390
f 395/395 317/317 394/394
f 395/395 318/318 317/317
f 396/396 319/319 318/318
f 396/396 318/318 395/395
f 311/311 388/388 389/389
f 402/402 330/330 397/397
f 403/403 398/398 320/320
f 403/403 320/320 331/331
f 404/404 332/332 402/402
f 405/405 403/403 331/331
f 407/407 405/405 335/335
f 409/409 407/407 335/335
f 409/409 335/335 337/337
f 411/411 340/340 408/408
f 411/411 413/413 340/340
f 480/480 419/419 344/344
f 349/349 417/417 345/345
f 421/421 350/350 419/419
f 423/423 350/350 421/421
f 422/422 420/420 351/351
f 423/423 425/425 350/350
f 431/431 362/362 429/429
f 430/430 360/360 363/363
f 431/431 364/364 365/365
f 432/432 430/430 363/363
f 432/432 363/363 366/366
f 433/433 367/367 364/364
f 433/433 364/364 431/431
f 447/447 383/383 367/367
f 446/446 445/445 381/381
f 446/446 381/381 382/382
f 447/447 446/446 382/382
f 447/447 382/382 383/383
f 436/436 435/435 370/370
f 442/442 441/441 375/375
f 442/442 375/375 377/377
f 442/442 377/377 379/379
f 443/443 442/442 379/379
f 444/444 443/443 379/379
f 444/444 379/379 380/380
f 444/444 380/380 381/381
f 445/445 444/444 381/381
f 398/398 463/463 320/320
f 412/412 410/410 341/341
f 414/414 412/412 341/341
f 414/414 341/341 343/343
f 415/415 414/414 343/343
f 416/416 480/480 344/344
f 418/418 417/417 349/349
f 486/486 423/423 421/421
f 427/427 425/425 423/423
f 416/416 344/344 413/413
f 493/493 433/433 431/431
f 493/493 431/431 490/490
f 445/445 444/444 446/446
f 469/469 406/406 404/404
f 412/412 472/472 410/410
f 480/480 484/484 421/421
f 486/486 421/421 484/484
f 427/427 423/423 486/486
f 488/488 427/427 425/425
f 488/488 425/425 427/427
f 488/488 429/429 427/427
f 490/490 431/431 429/429
f 494/494 432/432 434/434
f 503/503 442/442 443/443
f 504/504 443/443 444/444
f 456/456 391/391 390/390
f 456/456 392/392 391/391
f 458/458 393/393 392/392
f 458/458 392/392 457/457
f 458/458 394/394 393/393
f 394/394 458/458 459/459
f 460/460 394/394 459/459
f 460/460 395/395 394/394
f 461/461 396/396 395/395
f 461/461 395/395 460/460
f 464/464 399/399 398/398
f 467/467 404/404 402/402
f 405/405 468/468 403/403
f 469/469 408/408 406/406
f 473/473 413/413 411/411
f 414/414 472/472 412/412
f 477/477 416/416 413/413
f 477/477 413/413 475/475
f 476/476 414/414 415/415
f 479/479 478/478 417/417
f 479/479 417/417 418/418
f 420/420 479/479 418/418
f 484/484 480/480 482/482
f 485/485 483/483 424/424
f 485/485 424/424 426/426
f 490/490 429/429 488/488
f 494/494 491/491 432/432
f 508/508 447/447 433/433
f 502/502 441/441 442/442
f 445/445 505/505 444/444
f 464/464 398/398 463/463
f 469/469 404/404 467/467
f 468/468 466/466 403/403
f 475/475 413/413 473/473
f 480/480 416/416 477/477
f 549/549 485/485 426/426
f 491/491 554/554 432/432
f 496/496 495/495 435/435
f 496/496 435/435 436/436
f 501/501 440/440 441/441
f 502/502 501/501 441/441
f 503/503 502/502 442/442
f 505/505 504/504 444/444
f 526/526 402/402 397/397
f 526/526 397/397 462/462
f 467/467 402/402 465/465
f 473/473 408/408 469/469
f 473/473 411/411 408/408
f 539/539 476/476 417/417
f 478/478 539/539 417/417
f 548/548 486/486 484/484
f 549/549 483/483 485/485
f 494/494 557/557 434/434
f 504/504 503/503 443/443
f 526/526 465/465 402/402
f 535/535 475/475 473/473
f 474/474 536/536 472/472
f 474/474 472/472 414/414
f 476/476 474/474 414/414
f 479/479 540/540 478/478
f 544/544 484/484 482/482
f 619/619 488/488 427/427
f 559/559 558/558 496/496
f 502/502 563/563 501/501
f 505/505 567/567 504/504
f 521/521 460/460 459/459
f 461/461 460/460 521/521
f 528/528 467/467 465/465
f 530/530 469/469 406/406
f 533/533 535/535 473/473
f 537/537 475/475 535/535
f 477/477 475/475 537/537
f 540/540 539/539 478/478
f 482/482 480/480 541/541
f 549/549 545/545 483/483
f 427/427 486/486 548/548
f 551/551 488/488 619/619
f 490/490 488/488 551/551
f 556/556 493/493 490/490
f 556/556 490/490 553/553
f 492/492 493/493 556/556
f 506/506 569/569 568/568
f 627/627 496/496 497/497
f 564/564 563/563 502/502
f 567/567 566/566 503/503
f 567/567 503/503 504/504
f 521/521 459/459 520/520
f 522/522 461/461 521/521
f 590/590 527/527 466/466
f 527/527 590/590 466/466
f 529/529 527/527 466/466
f 529/529 466/466 468/468
f 533/533 473/473 469/469
f 538/538 474/474 476/476
f 539/539 538/538 476/476
f 541/541 480/480 477/477
f 542/542 540/540 479/479
f 545/545 543/543 481/481
f 554/554 552/552 489/489
f 623/623 492/492 556/556
f 637/637 569/569 506/506
f 627/627 559/559 496/496
f 564/564 502/502 503/503
f 565/565 564/564 503/503
f 566/566 565/565 503/503
f 528/528 465/465 526/526
f 533/533 469/469 530/530
f 535/535 533/533 599/599
f 541/541 477/477 537/537
f 544/544 482/482 541/541
f 625/625 494/494 434/434
f 557/557 625/625 434/434
f 558/558 626/626 495/495
f 627/627 497/497 560/560
f 633/633 565/565 566/566
f 591/591 467/467 528/528
f 601/601 537/537 535/535
f 540/540 603/603 539/539
f 609/609 542/542 543/543
f 545/545 609/609 543/543
f 546/546 544/544 610/610
f 617/617 427/427 548/548
f 622/622 554/554 491/491
f 628/628 627/627 560/560
f 631/631 563/563 564/564
f 527/527 587/587 524/524
f 599/599 533/533 597/597
f 604/604 541/541 537/537
f 606/606 541/541 604/604
f 605/605 603/603 540/540
f 608/608 544/544 541/541
f 542/542 605/605 540/540
f 547/547 611/611 545/545
f 617/617 548/548 546/546
f 619/619 427/427 617/617
f 556/556 553/553 621/621
f 697/697 571/571 555/555
f 559/559 626/626 558/558
f 633/633 564/564 565/565
f 583/583 520/520 519/519
f 583/583 519/519 582/582
f 585/585 521/521 584/584
f 595/595 530/530 593/593
f 597/597 530/530 595/595
f 597/597 533/533 530/530
f 604/604 537/537 601/601
f 607/607 605/605 542/542
f 610/610 544/544 608/608
f 609/609 607/607 542/542
f 611/611 609/609 545/545
f 615/615 549/549 618/618
f 686/686 490/490 551/551
f 622/622 552/552 554/554
f 639/639 571/571 697/697
f 627/627 691/691 559/559
f 634/634 633/633 566/566
f 567/567 634/634 566/566
f 590/590 587/587 527/527
f 673/673 604/604 601/601
f 608/608 541/541 606/606
f 612/612 546/546 610/610
f 612/612 614/614 546/546
f 613/613 611/611 547/547
f 616/616 617/617 546/546
f 686/686 551/551 619/619
f 624/624 556/556 621/621
f 623/623 556/556 624/624
f 697/697 555/555 688/688
f 639/639 697/697 571/571
f 626/626 625/625 557/557
f 697/697 639/639 571/571
f 692/692 628/628 561/561
f 632/632 631/631 564/564
f 632/632 564/564 633/633
f 635/635 634/634 567/567
f 592/592 590/590 527/527
f 592/592 527/527 529/529
f 601/601 535/535 599/599
f 675/675 608/608 606/606
f 609/609 605/605 607/607
f 616/616 546/546 614/614
f 684/684 617/617 616/616
f 619/619 617/617 684/684
f 685/685 620/620 552/552
f 622/622 685/685 552/552
f 690/690 625/625 626/626
f 651/651 583/583 582/582
f 590/590 655/655 587/587
f 667/667 599/599 597/597
f 606/606 604/604 673/673
f 609/609 674/674 605/605
f 612/612 610/610 678/678
f 686/686 619/619 684/684
f 688/688 555/555 623/623
f 625/625 687/687 622/622
f 690/690 626/626 558/558
f 690/690 558/558 626/626
f 633/633 693/693 632/632
f 634/634 693/693 633/633
f 651/651 582/582 650/650
f 657/657 586/586 654/654
f 657/657 526/526 589/589
f 657/657 589/589 526/526
f 660/660 590/590 592/592
f 662/662 660/660 592/592
f 665/665 597/597 663/663
f 669/669 599/599 667/667
f 669/669 601/601 599/599
f 673/673 601/601 669/669
f 605/605 672/672 603/603
f 610/610 608/608 675/675
f 676/676 674/674 609/609
f 688/688 623/623 624/624
f 689/689 687/687 625/625
f 667/667 597/597 665/665
f 671/671 673/673 669/669
f 672/672 670/670 603/603
f 674/674 672/672 605/605
f 675/675 606/606 673/673
f 682/682 616/616 614/614
f 682/682 614/614 738/738
f 690/690 689/689 625/625
f 632/632 751/751 631/631
f 636/636 634/634 635/635
f 674/674 670/670 672/672
f 678/678 610/610 675/675
f 736/736 612/612 678/678
f 614/614 612/612 736/736
f 682/682 684/684 616/616
f 745/745 689/689 625/625
f 752/752 751/751 632/632
f 752/752 632/632 693/693
f 634/634 754/754 693/693
f 636/636 754/754 634/634
f 667/667 665/665 723/723
f 675/675 673/673 671/671
f 674/674 672/672 670/670
f 741/741 683/683 685/685
f 746/746 689/689 690/690
f 691/691 746/746 690/690
f 755/755 754/754 636/636
f 709/709 650/650 708/708
f 709/709 651/651 650/650
f 711/711 653/653 652/652
f 711/711 652/652 710/710
f 655/655 713/713 587/587
f 661/661 659/659 717/717
f 662/662 718/718 660/660
f 724/724 664/664 666/666
f 726/726 667/667 723/723
f 725/725 724/724 666/666
f 726/726 669/669 667/667
f 725/725 666/666 668/668
f 727/727 725/725 668/668
f 727/727 668/668 670/670
f 729/729 728/728 672/672
f 729/729 672/672 674/674
f 729/729 674/674 676/676
f 731/731 729/729 676/676
f 734/734 675/675 730/730
f 733/733 676/676 677/677
f 736/736 678/678 798/798
f 735/735 733/733 677/677
f 735/735 677/677 679/679
f 740/740 681/681 683/683
f 753/753 752/752 693/693
f 777/777 657/657 715/715
f 779/779 659/659 657/657
f 779/779 657/657 777/777
f 717/717 659/659 779/779
f 718/718 716/716 660/660
f 719/719 661/661 717/717
f 720/720 718/718 662/662
f 722/722 720/720 662/662
f 722/722 662/662 664/664
f 730/730 675/675 671/671
f 734/734 678/678 675/675
f 735/735 679/679 737/737
f 741/741 740/740 683/683
f 742/742 686/686 684/684
f 754/754 753/753 693/693
f 718/718 778/778 716/716
f 722/722 664/664 724/724
f 791/791 669/669 726/726
f 791/791 671/671 669/669
f 733/733 731/731 676/676
f 800/800 736/736 798/798
f 737/737 735/735 739/739
f 740/740 739/739 681/681
f 810/810 808/808 687/687
f 810/810 687/687 689/689
f 825/825 759/759 697/697
f 811/811 689/689 746/746
f 819/819 753/753 754/754
f 777/777 657/657 715/715
f 777/777 715/715 657/657
f 777/777 715/715 657/657
f 726/726 723/723 787/787
f 730/730 671/671 791/791
f 732/732 734/734 730/730
f 798/798 678/678 734/734
f 738/738 736/736 800/800
f 805/805 684/684 682/682
f 807/807 742/742 684/684
f 757/757 756/756 695/695
f 772/772 710/710 709/709
f 772/772 709/709 771/771
f 778/778 775/775 713/713
f 778/778 713/713 716/716
f 779/779 781/781 717/717
f 785/785 723/723 721/721
f 785/785 721/721 783/783
f 786/786 784/784 722/722
f 786/786 722/722 724/724
f 788/788 786/786 724/724
f 788/788 724/724 725/725
f 727/727 788/788 725/725
f 791/791 726/726 789/789
f 732/732 730/730 791/791
f 795/795 731/731 733/733
f 797/797 795/795 733/733
f 799/799 733/733 735/735
f 799/799 735/735 737/737
f 806/806 804/804 740/740
f 806/806 740/740 741/741
f 809/809 744/744 742/742
f 809/809 697/697 744/744
f 877/877 811/811 746/746
f 879/879 691/691 747/747
f 879/879 747/747 814/814
f 818/818 751/751 752/752
f 820/820 819/819 754/754
f 780/780 778/778 718/718
f 784/784 782/782 722/722
f 789/789 726/726 787/787
f 790/790 788/788 727/727
f 793/793 792/792 728/728
f 793/793 728/728 729/729
f 795/795 793/793 729/729
f 795/795 729/729 731/731
f 734/734 732/732 796/796
f 802/802 799/799 737/737
f 801/801 738/738 800/800
f 802/802 737/737 739/739
f 803/803 805/805 682/682
f 804/804 802/802 739/739
f 804/804 739/739 740/740
f 811/811 810/810 689/689
f 812/812 878/878 746/746
f 757/757 822/822 756/756
f 818/818 817/817 751/751
f 789/789 787/787 853/853
f 796/796 732/732 791/791
f 798/798 734/734 796/796
f 799/799 797/797 733/733
f 867/867 799/799 802/802
f 890/890 825/825 759/759
f 890/890 759/759 825/825
f 878/878 877/877 746/746
f 890/890 825/825 759/759
f 813/813 691/691 879/879
f 753/753 818/818 752/752
f 800/800 798/798 864/864
f 869/869 803/803 801/801
f 876/876 810/810 745/745
f 813/813 812/812 691/691
f 819/819 818/818 753/753
f 778/778 841/841 775/775
f 780/780 844/844 778/778
f 855/855 789/789 853/853
f 794/794 796/796 791/791
f 795/795 860/860 793/793
f 865/865 863/863 797/797
f 866/866 800/800 864/864
f 868/868 799/799 867/867
f 868/868 867/867 802/802
f 871/871 803/803 869/869
f 938/938 742/742 807/807
f 877/877 810/810 811/811
f 813/813 878/878 812/812
f 839/839 773/773 772/772
f 839/839 772/772 838/838
f 844/844 841/841 778/778
f 846/846 844/844 780/780
f 845/845 847/847 779/779
f 850/850 848/848 784/784
f 851/851 785/785 783/783
f 851/851 783/783 849/849
f 853/853 785/785 851/851
f 854/854 852/852 786/786
f 854/854 786/786 788/788
f 857/857 791/791 789/789
f 859/859 791/791 857/857
f 859/859 794/794 791/791
f 925/925 796/796 794/794
f 862/862 796/796 925/925
f 798/798 796/796 862/862
f 866/866 801/801 800/800
f 804/804 868/868 802/802
f 809/809 742/742 938/938
f 877/877 876/876 810/810
f 838/838 772/772 837/837
f 857/857 789/789 855/855
f 927/927 798/798 862/862
f 864/864 798/798 927/927
f 870/870 868/868 804/804
f 890/890 952/952 825/825
f 882/882 881/881 816/816
f 887/887 886/886 822/822
f 907/907 777/777 843/843
f 845/845 779/779 909/909
f 917/917 853/853 851/851
f 855/855 853/853 917/917
f 934/934 865/865 799/799
f 934/934 799/799 868/868
f 943/943 877/877 878/878
f 945/945 878/878 813/813
f 903/903 838/838 837/837
f 907/907 843/843 840/840
f 914/914 850/850 852/852
f 919/919 855/855 917/917
f 920/920 854/854 856/856
f 925/925 859/859 857/857
f 794/794 859/859 925/925
f 931/931 866/866 864/864
f 933/933 866/866 931/931
f 934/934 932/932 865/865
f 995/995 869/869 801/801
f 995/995 801/801 866/866
f 940/940 809/809 875/875
f 943/943 876/876 877/877
f 946/946 879/879 814/814
f 901/901 835/835 900/900
f 902/902 837/837 836/836
f 903/903 837/837 902/902
f 903/903 839/839 838/838
f 904/904 839/839 903/903
f 911/911 847/847 909/909
f 912/912 846/846 848/848
f 914/914 912/912 848/848
f 914/914 848/848 850/850
f 915/915 851/851 849/849
f 915/915 849/849 913/913
f 935/935 868/868 870/870
f 941/941 809/809 938/938
f 1002/1002 874/874 808/808
f 939/939 1002/1002 808/808
f 945/945 944/944 878/878
f 946/946 813/813 879/879
f 880/880 946/946 814/814
f 881/881 947/947 880/880
f 902/902 836/836 901/901
f 907/907 840/840 905/905
f 918/918 854/854 920/920
f 921/921 855/855 919/919
f 923/923 857/857 921/921
f 923/923 925/925 857/857
f 929/929 864/864 927/927
f 931/931 864/864 929/929
f 932/932 930/930 865/865
f 995/995 866/866 933/933
f 935/935 934/934 868/868
f 950/950 1011/1011 887/887
f 946/946 945/945 813/813
f 947/947 946/946 880/880
f 969/969 843/843 907/907
f 917/917 851/851 915/915
f 927/927 862/862 925/925
f 1003/1003 940/940 875/875
f 1004/1004 939/939 876/876
f 1014/1014 952/952 890/890
f 1007/1007 944/944 945/945
f 1073/1073 947/947 881/881
f 882/882 1008/1008 881/881
f 973/973 911/911 909/909
f 979/979 917/917 915/915
f 981/981 917/917 979/979
f 981/981 919/919 917/917
f 995/995 933/933 931/931
f 999/999 871/871 869/869
f 941/941 938/938 1001/1001
f 1005/1005 1004/1004 876/876
f 1005/1005 876/876 943/943
f 1074/1074 1008/1008 882/882
f 963/963 900/900 962/962
f 964/964 903/903 902/902
f 965/965 903/903 964/964
f 967/967 905/905 904/904
f 967/967 904/904 966/966
f 970/970 906/906 908/908
f 910/910 970/970 908/908
f 973/973 909/909 971/971
f 977/977 915/915 913/913
f 977/977 913/913 975/975
f 977/977 979/979 915/915
f 978/978 976/976 914/914
f 978/978 914/914 916/916
f 985/985 923/923 921/921
f 985/985 921/921 983/983
f 987/987 925/925 923/923
f 987/987 923/923 985/985
f 986/986 924/924 926/926
f 988/988 986/986 926/926
f 991/991 927/927 925/925
f 991/991 929/929 927/927
f 992/992 990/990 928/928
f 992/992 928/928 930/930
f 931/931 929/929 991/991
f 932/932 992/992 930/930
f 998/998 932/932 934/934
f 998/998 934/934 935/935
f 998/998 935/935 1000/1000
f 999/999 936/936 871/871
f 1066/1066 875/875 940/940
f 1004/1004 1002/1002 939/939
f 1012/1012 1011/1011 950/950
f 952/952 1081/1081 890/890
f 1008/1008 1073/1073 881/881
f 972/972 970/970 910/910
f 984/984 922/922 924/924
f 986/986 984/984 924/924
f 989/989 925/925 987/987
f 989/989 991/991 925/925
f 994/994 992/992 932/932
f 994/994 932/932 998/998
f 999/999 869/869 997/997
f 1001/1001 936/936 999/999
f 1001/1001 938/938 936/936
f 1003/1003 941/941 1066/1066
f 1006/1006 943/943 944/944
f 1006/1006 944/944 1007/1007
f 1072/1072 946/946 947/947
f 981/981 979/979 977/977
f 993/993 931/931 991/991
f 995/995 931/931 993/993
f 1006/1006 1005/1005 943/943
f 1071/1071 945/945 946/946
f 979/979 977/977 1040/1040
f 979/979 981/981 977/977
f 1042/1042 981/981 979/979
f 988/988 984/984 986/986
f 999/999 997/997 1060/1060
f 1001/1001 999/999 1062/1062
f 1000/1000 1061/1061 998/998
f 1004/1004 1065/1065 1002/1002
f 1014/1014 890/890 1081/1081
f 1079/1079 1011/1011 1012/1012
f 1070/1070 1007/1007 945/945
f 1071/1071 1070/1070 945/945
f 1072/1072 1071/1071 946/946
f 1026/1026 963/963 962/962
f 1026/1026 962/962 1025/1025
f 1027/1027 964/964 963/963
f 1027/1027 963/963 1026/1026
f 1028/1028 965/965 964/964
f 1028/1028 964/964 1027/1027
f 1032/1032 907/907 969/969
f 1040/1040 977/977 975/975
f 1040/1040 975/975 1038/1038
f 1043/1043 1041/1041 978/978
f 1043/1043 978/978 980/980
f 1045/1045 1043/1043 980/980
f 1046/1046 983/983 981/981
f 1046/1046 981/981 1044/1044
f 1045/1045 980/980 984/984
f 1047/1047 1045/1045 984/984
f 1048/1048 985/985 983/983
f 1048/1048 983/983 1046/1046
f 1050/1050 987/987 985/985
f 1050/1050 985/985 1048/1048
f 1052/1052 989/989 987/987
f 1052/1052 987/987 1050/1050
f 1051/1051 988/988 990/990
f 1054/1054 991/991 989/989
f 1054/1054 989/989 1052/1052
f 1062/1062 999/999 1060/1060
f 1073/1073 1072/1072 947/947
f 1032/1032 969/969 1030/1030
f 1031/1031 1098/1098 906/906
f 1035/1035 970/970 972/972
f 1053/1053 1051/1051 990/990
f 1056/1056 995/995 993/993
f 1058/1058 995/995 1056/1056
f 1068/1068 1067/1067 1004/1004
f 1069/1069 1005/1005 1006/1006
f 1070/1070 1069/1069 1007/1007
f 1101/1101 971/971 1032/1032
f 1101/1101 971/971 1034/1034
f 1033/1033 1100/1100 970/970
f 1034/1034 971/971 1101/1101
f 1035/1035 1033/1033 970/970
f 1047/1047 1043/1043 1045/1045
f 1081/1081 952/952 1014/1014
f 1097/1097 1030/1030 1029/1029
f 1045/1045 1043/1043 1047/1047
f 1127/1127 1058/1058 1125/1125
f 1065/1065 1130/1130 1002/1002
f 1069/1069 1068/1068 1005/1005
f 1081/1081 1080/1080 1013/1013
f 1138/1138 1075/1075 1076/1076
f 1036/1036 1034/1034 1101/1101
f 1102/1102 1035/1035 1037/1037
f 1106/1106 1037/1037 1039/1039
f 1043/1043 1108/1108 1041/1041
f 1120/1120 1053/1053 1055/1055
f 1132/1132 1130/1130 1065/1065
f 1132/1132 1065/1065 1004/1004
f 1134/1134 1068/1068 1069/1069
f 1135/1135 1134/1134 1069/1069
f 1140/1140 1139/1139 1079/1079
f 1143/1143 1080/1080 1081/1081
f 1070/1070 1135/1135 1069/1069
f 1199/1199 1073/1073 1008/1008
f 1093/1093 1026/1026 1025/1025
f 1094/1094 1027/1027 1026/1026
f 1096/1096 1029/1029 1028/1028
f 1096/1096 1028/1028 1095/1095
f 1097/1097 1029/1029 1096/1096
f 1099/1099 969/969 1032/1032
f 1099/1099 1032/1032 969/969
f 1101/1101 1032/1032 1099/1099
f 1104/1104 1037/1037 1106/1106
f 1107/1107 1040/1040 1038/1038
f 1107/1107 1038/1038 1105/1105
f 1111/1111 1044/1044 1042/1042
f 1111/1111 1042/1042 1109/1109
f 1113/1113 1044/1044 1111/1111
f 1113/1113 1046/1046 1044/1044
f 1112/1112 1045/1045 1047/1047
f 1114/1114 1112/1112 1047/1047
f 1115/1115 1048/1048 1046/1046
f 1115/1115 1046/1046 1113/1113
f 1116/1116 1114/1114 1047/1047
f 1116/1116 1047/1047 1049/1049
f 1118/1118 1116/1116 1049/1049
f 1117/1117 1052/1052 1050/1050
f 1118/1118 1049/1049 1051/1051
f 1119/1119 1052/1052 1117/1117
f 1120/1120 1118/1118 1051/1051
f 1121/1121 1054/1054 1052/1052
f 1121/1121 1052/1052 1119/1119
f 1129/1129 1001/1001 1062/1062
f 1133/1133 1068/1068 1134/1134
f 1072/1072 1136/1136 1071/1071
f 1263/1263 1072/1072 1073/1073
f 1137/1137 1074/1074 1075/1075
f 1137/1137 1075/1075 1138/1138
f 1094/1094 1026/1026 1093/1093
f 1104/1104 1102/1102 1035/1035
f 1102/1102 1104/1104 1035/1035
f 1104/1104 1102/1102 1037/1037
f 1123/1123 1056/1056 1121/1121
f 1126/1126 1124/1124 1059/1059
f 1062/1062 1060/1060 1127/1127
f 1195/1195 1066/1066 1131/1131
f 1136/1136 1135/1135 1070/1070
f 1071/1071 1136/1136 1070/1070
f 1074/1074 1199/1199 1008/1008
f 1161/1161 1032/1032 1099/1099
f 1125/1125 1058/1058 1187/1187
f 1186/1186 1124/1124 1126/1126
f 1136/1136 1134/1134 1135/1135
f 1199/1199 1263/1263 1073/1073
f 1159/1159 1097/1097 1096/1096
f 1103/1103 1101/1101 1163/1163
f 1164/1164 1102/1102 1104/1104
f 1168/1168 1104/1104 1106/1106
f 1127/1127 1125/1125 1187/1187
f 1191/1191 1062/1062 1127/1127
f 1129/1129 1062/1062 1191/1191
f 1134/1134 1197/1197 1133/1133
f 1206/1206 1080/1080 1143/1143
f 1200/1200 1199/1199 1074/1074
f 1137/1137 1200/1200 1074/1074
f 1156/1156 1094/1094 1093/1093
f 1156/1156 1093/1093 1155/1155
f 1159/1159 1096/1096 1158/1158
f 1161/1161 1032/1032 1224/1224
f 1162/1162 1225/1225 1100/1100
f 1162/1162 1100/1100 1102/1102
f 1167/1167 1105/1105 1103/1103
f 1167/1167 1103/1103 1165/1165
f 1168/1168 1166/1166 1104/1104
f 1169/1169 1107/1107 1105/1105
f 1169/1169 1105/1105 1167/1167
f 1169/1169 1109/1109 1107/1107
f 1170/1170 1168/1168 1110/1110
f 1173/1173 1111/1111 1109/1109
f 1175/1175 1113/1113 1111/1111
f 1175/1175 1111/1111 1173/1173
f 1177/1177 1115/1115 1113/1113
f 1177/1177 1113/1113 1175/1175
f 1176/1176 1174/1174 1112/1112
f 1176/1176 1112/1112 1114/1114
f 1178/1178 1176/1176 1114/1114
f 1179/1179 1117/1117 1115/1115
f 1179/1179 1115/1115 1177/1177
f 1178/1178 1114/1114 1116/1116
f 1118/1118 1178/1178 1116/1116
f 1187/1187 1123/1123 1185/1185
f 1189/1189 1127/1127 1187/1187
f 1196/1196 1130/1130 1132/1132
f 1134/1134 1198/1198 1197/1197
f 1260/1260 1198/1198 1134/1134
f 1260/1260 1134/1134 1136/1136
f 1072/1072 1262/1262 1136/1136
f 1263/1263 1262/1262 1072/1072
f 1164/1164 1162/1162 1102/1102
f 1166/1166 1164/1164 1104/1104
f 1171/1171 1109/1109 1234/1234
f 1173/1173 1109/1109 1171/1171
f 1172/1172 1170/1170 1110/1110
f 1181/1181 1119/1119 1179/1179
f 1196/1196 1194/1194 1130/1130
f 1197/1197 1259/1259 1133/1133
f 1224/1224 1099/1099 1161/1161
f 1161/1161 1099/1099 1224/1224
f 1165/1165 1103/1103 1163/1163
f 1188/1188 1250/1250 1186/1186
f 1258/1258 1196/1196 1132/1132
f 1224/1224 1161/1161 1159/1159
f 1224/1224 1099/1099 1161/1161
f 1226/1226 1165/1165 1163/1163
f 1234/1234 1109/1109 1169/1169
f 1247/1247 1182/1182 1184/1184
f 1255/1255 1129/1129 1253/1253
f 1198/1198 1259/1259 1197/1197
f 1268/1268 1267/1267 1140/1140
f 1218/1218 1154/1154 1217/1217
f 1218/1218 1155/1155 1154/1154
f 1219/1219 1156/1156 1155/1155
f 1219/1219 1155/1155 1218/1218
f 1220/1220 1157/1157 1156/1156
f 1220/1220 1156/1156 1219/1219
f 1221/1221 1158/1158 1157/1157
f 1221/1221 1157/1157 1220/1220
f 1224/1224 1159/1159 1222/1222
f 1163/1163 1099/1099 1224/1224
f 1226/1226 1228/1228 1165/1165
f 1228/1228 1167/1167 1165/1165
f 1230/1230 1167/1167 1228/1228
f 1168/1168 1229/1229 1166/1166
f 1233/1233 1231/1231 1170/1170
f 1238/1238 1175/1175 1173/1173
f 1238/1238 1173/1173 1236/1236
f 1237/1237 1235/1235 1174/1174
f 1239/1239 1237/1237 1174/1174
f 1239/1239 1174/1174 1176/1176
f 1240/1240 1177/1177 1175/1175
f 1240/1240 1175/1175 1238/1238
f 1243/1243 1178/1178 1180/1180
f 1245/1245 1243/1243 1180/1180
f 1249/1249 1184/1184 1186/1186
f 1316/1316 1189/1189 1187/1187
f 1270/1270 1269/1269 1206/1206
f 1261/1261 1260/1260 1136/1136
f 1262/1262 1261/1261 1136/1136
f 1231/1231 1229/1229 1168/1168
f 1243/1243 1241/1241 1178/1178
f 1247/1247 1245/1245 1182/1182
f 1252/1252 1250/1250 1188/1188
f 1252/1252 1190/1190 1192/1192
f 1254/1254 1252/1252 1192/1192
f 1321/1321 1129/1129 1255/1255
f 1258/1258 1324/1324 1196/1196
f 1325/1325 1259/1259 1198/1198
f 1207/1207 1160/1160 1223/1223
f 1224/1224 1161/1161 1288/1288
f 1292/1292 1228/1228 1226/1226
f 1313/1313 1184/1184 1249/1249
f 1251/1251 1191/1191 1189/1189
f 1253/1253 1129/1129 1191/1191
f 1322/1322 1256/1256 1194/1194
f 1324/1324 1322/1322 1194/1194
f 1324/1324 1194/1194 1196/1196
f 1395/1395 1269/1269 1205/1205
f 1290/1290 1163/1163 1224/1224
f 1289/1289 1225/1225 1162/1162
f 1234/1234 1169/1169 1232/1232
f 1245/1245 1241/1241 1243/1243
f 1311/1311 1245/1245 1247/1247
f 1313/1313 1247/1247 1184/1184
f 1253/1253 1191/1191 1251/1251
f 1322/1322 1319/1319 1254/1254
f 1322/1322 1254/1254 1256/1256
f 1326/1326 1261/1261 1262/1262
f 1327/1327 1263/1263 1199/1199
f 1286/1286 1222/1222 1221/1221
f 1271/1271 1223/1223 1287/1287
f 1234/1234 1232/1232 1296/1296
f 1236/1236 1234/1234 1298/1298
f 1299/1299 1233/1233 1235/1235
f 1303/1303 1237/1237 1239/1239
f 1307/1307 1305/1305 1241/1241
f 1307/1307 1241/1241 1245/1245
f 1313/1313 1249/1249 1250/1250
f 1316/1316 1187/1187 1314/1314
f 1315/1315 1313/1313 1250/1250
f 1319/1319 1252/1252 1254/1254
f 1381/1381 1322/1322 1256/1256
f 1386/1386 1260/1260 1261/1261
f 1288/1288 1224/1224 1222/1222
f 1288/1288 1222/1222 1286/1286
f 1292/1292 1226/1226 1290/1290
f 1293/1293 1229/1229 1231/1231
f 1295/1295 1293/1293 1231/1231
f 1297/1297 1295/1295 1231/1231
f 1297/1297 1231/1231 1233/1233
f 1299/1299 1297/1297 1233/1233
f 1300/1300 1236/1236 1298/1298
f 1302/1302 1238/1238 1236/1236
f 1302/1302 1236/1236 1300/1300
f 1301/1301 1299/1299 1235/1235
f 1301/1301 1235/1235 1237/1237
f 1303/1303 1301/1301 1237/1237
f 1304/1304 1240/1240 1238/1238
f 1304/1304 1238/1238 1302/1302
f 1305/1305 1239/1239 1241/1241
f 1311/1311 1309/1309 1245/1245
f 1313/1313 1311/1311 1247/1247
f 1319/1319 1317/1317 1252/1252
f 1225/1225 1348/1348 1223/1223
f 1290/1290 1224/1224 1349/1349
f 1298/1298 1234/1234 1296/1296
f 1315/1315 1311/1311 1313/1313
f 1318/1318 1253/1253 1251/1251
f 1320/1320 1253/1253 1318/1318
f 1319/1319 1376/1376 1317/1317
f 1255/1255 1253/1253 1320/1320
f 1325/1325 1383/1383 1259/1259
f 1387/1387 1326/1326 1262/1262
f 1388/1388 1387/1387 1262/1262
f 1388/1388 1262/1262 1263/1263
f 1288/1288 1286/1286 1347/1347
f 1288/1288 1224/1224 1349/1349
f 1349/1349 1224/1224 1288/1288
f 1356/1356 1293/1293 1295/1295
f 1380/1380 1321/1321 1255/1255
f 1388/1388 1263/1263 1327/1327
f 1452/1452 1327/1327 1264/1264
f 1332/1332 1287/1287 1348/1348
f 1348/1348 1287/1287 1223/1223
f 1350/1350 1348/1348 1225/1225
f 1350/1350 1225/1225 1289/1289
f 1295/1295 1293/1293 1356/1356
f 1356/1356 1295/1295 1297/1297
f 1358/1358 1297/1297 1299/1299
f 1360/1360 1358/1358 1299/1299
f 1361/1361 1298/1298 1359/1359
f 1364/1364 1301/1301 1303/1303
f 1308/1308 1306/1306 1367/1367
f 1379/1379 1255/1255 1320/1320
f 1380/1380 1255/1255 1379/1379
f 1383/1383 1447/1447 1259/1259
f 1393/1393 1392/1392 1267/1267
f 1386/1386 1385/1385 1260/1260
f 1326/1326 1386/1386 1261/1261
f 1347/1347 1285/1285 1346/1346
f 1353/1353 1292/1292 1290/1290
f 1350/1350 1289/1289 1291/1291
f 1352/1352 1350/1350 1291/1291
f 1355/1355 1294/1294 1292/1292
f 1355/1355 1292/1292 1353/1353
f 1352/1352 1291/1291 1293/1293
f 1354/1354 1352/1352 1293/1293
f 1354/1354 1293/1293 1295/1295
f 1358/1358 1356/1356 1297/1297
f 1362/1362 1360/1360 1299/1299
f 1362/1362 1299/1299 1301/1301
f 1364/1364 1362/1362 1301/1301
f 1365/1365 1304/1304 1302/1302
f 1365/1365 1302/1302 1363/1363
f 1366/1366 1364/1364 1303/1303
f 1366/1366 1303/1303 1305/1305
f 1374/1374 1314/1314 1312/1312
f 1441/1441 1316/1316 1314/1314
f 1378/1378 1376/1376 1319/1319
f 1444/1444 1319/1319 1322/1322
f 1381/1381 1444/1444 1322/1322
f 1455/1455 1395/1395 1269/1269
f 1384/1384 1383/1383 1325/1325
f 1359/1359 1296/1296 1357/1357
f 1360/1360 1356/1356 1358/1358
f 1369/1369 1308/1308 1367/1367
f 1374/1374 1312/1312 1372/1372
f 1382/1382 1446/1446 1324/1324
f 1360/1360 1358/1358 1356/1356
f 1441/1441 1314/1314 1374/1374
f 1444/1444 1443/1443 1319/1319
f 1448/1448 1384/1384 1325/1325
f 1409/1409 1344/1344 1343/1343
f 1412/1412 1347/1347 1346/1346
f 1350/1350 1413/1413 1348/1348
f 1416/1416 1290/1290 1351/1351
f 1370/1370 1433/1433 1368/1368
f 1503/1503 1320/1320 1318/1318
f 1443/1443 1378/1378 1319/1319
f 1446/1446 1444/1444 1322/1322
f 1446/1446 1322/1322 1324/1324
f 1450/1450 1386/1386 1326/1326
f 1452/1452 1451/1451 1388/1388
f 1452/1452 1388/1388 1327/1327
f 1409/1409 1343/1343 1408/1408
f 1411/1411 1346/1346 1345/1345
f 1411/1411 1345/1345 1410/1410
f 1413/1413 1473/1473 1348/1348
f 1417/1417 1415/1415 1350/1350
f 1417/1417 1350/1350 1352/1352
f 1419/1419 1417/1417 1352/1352
f 1419/1419 1352/1352 1354/1354
f 1420/1420 1355/1355 1353/1353
f 1420/1420 1353/1353 1418/1418
f 1421/1421 1419/1419 1354/1354
f 1421/1421 1354/1354 1356/1356
f 1423/1423 1421/1421 1356/1356
f 1423/1423 1356/1356 1358/1358
f 1424/1424 1359/1359 1357/1357
f 1429/1429 1362/1362 1364/1364
f 1432/1432 1367/1367 1365/1365
f 1432/1432 1365/1365 1430/1430
f 1435/1435 1370/1370 1371/1371
f 1437/1437 1435/1435 1371/1371
f 1373/1373 1437/1437 1371/1371
f 1377/1377 1316/1316 1441/1441
f 1503/1503 1318/1318 1377/1377
f 1443/1443 1376/1376 1378/1378
f 1379/1379 1320/1320 1503/1503
f 1449/1449 1448/1448 1385/1385
f 1509/1509 1449/1449 1386/1386
f 1412/1412 1346/1346 1411/1411
f 1414/1414 1349/1349 1474/1474
f 1474/1474 1349/1349 1414/1414
f 1433/1433 1431/1431 1368/1368
f 1435/1435 1433/1433 1370/1370
f 1439/1439 1437/1437 1373/1373
f 1497/1497 1374/1374 1438/1438
f 1497/1497 1441/1441 1374/1374
f 1503/1503 1377/1377 1501/1501
f 1443/1443 1442/1442 1376/1376
f 1450/1450 1326/1326 1387/1387
f 1450/1450 1387/1387 1388/1388
f 1451/1451 1450/1450 1388/1388
f 1412/1412 1349/1349 1347/1347
f 1476/1476 1351/1351 1349/1349
f 1476/1476 1349/1349 1474/1474
f 1416/1416 1351/1351 1476/1476
f 1418/1418 1353/1353 1416/1416
f 1418/1418 1416/1416 1476/1476
f 1496/1496 1439/1439 1440/1440
f 1501/1501 1377/1377 1441/1441
f 1503/1503 1380/1380 1379/1379
f 1504/1504 1443/1443 1444/1444
f 1445/1445 1323/1323 1505/1505
f 1507/1507 1384/1384 1448/1448
f 1412/1412 1347/1347 1472/1472
f 1474/1474 1349/1349 1412/1412
f 1429/1429 1487/1487 1427/1427
f 1433/1433 1491/1491 1431/1431
f 1504/1504 1381/1381 1444/1444
f 1507/1507 1447/1447 1383/1383
f 1468/1468 1408/1408 1407/1407
f 1468/1468 1407/1407 1467/1467
f 1469/1469 1409/1409 1408/1408
f 1469/1469 1408/1408 1468/1468
f 1410/1410 1409/1409 1470/1470
f 1473/1473 1413/1413 1348/1348
f 1475/1475 1413/1413 1415/1415
f 1419/1419 1477/1477 1417/1417
f 1480/1480 1418/1418 1478/1478
f 1480/1480 1420/1420 1418/1418
f 1481/1481 1479/1479 1419/1419
f 1482/1482 1422/1422 1420/1420
f 1482/1482 1420/1420 1480/1480
f 1481/1481 1419/1419 1421/1421
f 1481/1481 1421/1421 1423/1423
f 1483/1483 1481/1481 1423/1423
f 1487/1487 1486/1486 1427/1427
f 1494/1494 1492/1492 1435/1435
f 1494/1494 1435/1435 1437/1437
f 1495/1495 1438/1438 1436/1436
f 1495/1495 1436/1436 1493/1493
f 1494/1494 1437/1437 1439/1439
f 1496/1496 1494/1494 1439/1439
f 1497/1497 1438/1438 1495/1495
f 1500/1500 1498/1498 1440/1440
f 1442/1442 1500/1500 1440/1440
f 1507/1507 1383/1383 1384/1384
f 1567/1567 1508/1508 1448/1448
f 1567/1567 1448/1448 1449/1449
f 1568/1568 1509/1509 1386/1386
f 1568/1568 1386/1386 1450/1450
f 1569/1569 1450/1450 1451/1451
f 1469/1469 1470/1470 1409/1409
f 1474/1474 1412/1412 1472/1472
f 1531/1531 1414/1414 1474/1474
f 1475/1475 1473/1473 1413/1413
f 1486/1486 1485/1485 1427/1427
f 1491/1491 1489/1489 1431/1431
f 1498/1498 1496/1496 1440/1440
f 1508/1508 1507/1507 1448/1448
f 1571/1571 1392/1392 1393/1393
f 1570/1570 1451/1451 1452/1452
f 1441/1441 1497/1497 1495/1495
f 1499/1499 1501/1501 1441/1441
f 1512/1512 1573/1573 1455/1455
f 1555/1555 1441/1441 1495/1495
f 1499/1499 1441/1441 1555/1555
f 1561/1561 1503/1503 1559/1559
f 1563/1563 1505/1505 1503/1503
f 1564/1564 1562/1562 1444/1444
f 1564/1564 1444/1444 1446/1446
f 1563/1563 1445/1445 1505/1505
f 1456/1456 1574/1574 1513/1513
f 1507/1507 1565/1565 1447/1447
f 1566/1566 1507/1507 1508/1508
f 1531/1531 1474/1474 1472/1472
f 1542/1542 1540/1540 1485/1485
f 1487/1487 1485/1485 1486/1486
f 1552/1552 1495/1495 1493/1493
f 1556/1556 1498/1498 1500/1500
f 1558/1558 1556/1556 1500/1500
f 1559/1559 1503/1503 1501/1501
f 1505/1505 1445/1445 1563/1563
f 1564/1564 1446/1446 1506/1506
f 1637/1637 1510/1510 1392/1392
f 1568/1568 1630/1630 1509/1509
f 1631/1631 1568/1568 1450/1450
f 1633/1633 1451/1451 1570/1570
f 1525/1525 1468/1468 1467/1467
f 1526/1526 1469/1469 1468/1468
f 1526/1526 1468/1468 1525/1525
f 1527/1527 1470/1470 1469/1469
f 1527/1527 1469/1469 1526/1526
f 1529/1529 1472/1472 1471/1471
f 1529/1529 1471/1471 1528/1528
f 1531/1531 1472/1472 1529/1529
f 1536/1536 1534/1534 1477/1477
f 1536/1536 1477/1477 1479/1479
f 1539/1539 1482/1482 1480/1480
f 1539/1539 1480/1480 1537/1537
f 1544/1544 1542/1542 1485/1485
f 1544/1544 1485/1485 1487/1487
f 1560/1560 1558/1558 1502/1502
f 1563/1563 1505/1505 1625/1625
f 1641/1641 1574/1574 1456/1456
f 1566/1566 1508/1508 1567/1567
f 1569/1569 1631/1631 1450/1450
f 1525/1525 1467/1467 1524/1524
f 1532/1532 1591/1591 1530/1530
f 1594/1594 1476/1476 1474/1474
f 1546/1546 1544/1544 1487/1487
f 1546/1546 1607/1607 1487/1487
f 1615/1615 1495/1495 1552/1552
f 1555/1555 1495/1495 1615/1615
f 1592/1592 1474/1474 1531/1531
f 1594/1594 1474/1474 1592/1592
f 1533/1533 1476/1476 1594/1594
f 1607/1607 1546/1546 1487/1487
f 1548/1548 1607/1607 1546/1546
f 1622/1622 1560/1560 1502/1502
f 1503/1503 1561/1561 1623/1623
f 1562/1562 1622/1622 1502/1502
f 1628/1628 1507/1507 1566/1566
f 1629/1629 1566/1566 1567/1567
f 1590/1590 1529/1529 1528/1528
f 1592/1592 1531/1531 1529/1529
f 1592/1592 1474/1474 1531/1531
f 1531/1531 1474/1474 1592/1592
f 1593/1593 1532/1532 1534/1534
f 1621/1621 1559/1559 1557/1557
f 1622/1622 1620/1620 1558/1558
f 1622/1622 1558/1558 1560/1560
f 1564/1564 1624/1624 1562/1562
f 1629/1629 1628/1628 1566/1566
f 1588/1588 1527/1527 1526/1526
f 1588/1588 1526/1526 1587/1587
f 1515/1515 1514/1514 1576/1576
f 1593/1593 1591/1591 1532/1532
f 1595/1595 1593/1593 1534/1534
f 1595/1595 1534/1534 1536/1536
f 1598/1598 1537/1537 1535/1535
f 1598/1598 1535/1535 1596/1596
f 1600/1600 1539/1539 1537/1537
f 1603/1603 1601/1601 1540/1540
f 1603/1603 1540/1540 1542/1542
f 1605/1605 1603/1603 1542/1542
f 1605/1605 1542/1542 1544/1544
f 1607/1607 1605/1605 1544/1544
f 1607/1607 1544/1544 1546/1546
f 1608/1608 1607/1607 1548/1548
f 1608/1608 1548/1548 1550/1550
f 1616/1616 1614/1614 1553/1553
f 1616/1616 1553/1553 1554/1554
f 1617/1617 1555/1555 1615/1615
f 1619/1619 1555/1555 1617/1617
f 1619/1619 1557/1557 1555/1555
f 1507/1507 1627/1627 1565/1565
f 1631/1631 1630/1630 1568/1568
f 1632/1632 1631/1631 1569/1569
f 1632/1632 1569/1569 1451/1451
f 1633/1633 1632/1632 1451/1451
f 1600/1600 1537/1537 1598/1598
f 1618/1618 1616/1616 1556/1556
f 1690/1690 1641/1641 1563/1563
f 1690/1690 1563/1563 1625/1625
f 1628/1628 1627/1627 1507/1507
f 1637/1637 1636/1636 1510/1510
f 1575/1575 1576/1576 1514/1514
f 1670/1670 1601/1601 1603/1603
f 1688/1688 1503/1503 1623/1623
f 1690/1690 1503/1503 1688/1688
f 1696/1696 1636/1636 1637/1637
f 1659/1659 1592/1592 1590/1590
f 1668/1668 1599/1599 1601/1601
f 1680/1680 1615/1615 1613/1613
f 1617/1617 1615/1615 1680/1680
f 1622/1622 1686/1686 1620/1620
f 1691/1691 1624/1624 1564/1564
f 1750/1750 1691/1691 1564/1564
f 1693/1693 1628/1628 1629/1629
f 1754/1754 1630/1630 1631/1631
f 1653/1653 1585/1585 1652/1652
f 1659/1659 1590/1590 1657/1657
f 1659/1659 1531/1531 1592/1592
f 1659/1659 1592/1592 1715/1715
f 1592/1592 1531/1531 1659/1659
f 1717/1717 1594/1594 1592/1592
f 1663/1663 1596/1596 1594/1594
f 1664/1664 1662/1662 1595/1595
f 1664/1664 1595/1595 1597/1597
f 1665/1665 1598/1598 1596/1596
f 1665/1665 1596/1596 1663/1663
f 1666/1666 1664/1664 1597/1597
f 1666/1666 1597/1597 1599/1599
f 1667/1667 1600/1600 1598/1598
f 1667/1667 1598/1598 1665/1665
f 1668/1668 1666/1666 1599/1599
f 1668/1668 1601/1601 1670/1670
f 1672/1672 1603/1603 1605/1605
f 1672/1672 1605/1605 1607/1607
f 1680/1680 1613/1613 1611/1611
f 1679/1679 1610/1610 1612/1612
f 1681/1681 1612/1612 1614/1614
f 1683/1683 1681/1681 1614/1614
f 1621/1621 1557/1557 1619/1619
f 1625/1625 1563/1563 1749/1749
f 1756/1756 1632/1632 1633/1633
f 1663/1663 1594/1594 1661/1661
f 1671/1671 1606/1606 1669/1669
f 1672/1672 1670/1670 1603/1603
f 1673/1673 1606/1606 1671/1671
f 1674/1674 1672/1672 1607/1607
f 1676/1676 1609/1609 1673/1673
f 1678/1678 1609/1609 1676/1676
f 1678/1678 1611/1611 1609/1609
f 1678/1678 1680/1680 1611/1611
f 1681/1681 1679/1679 1612/1612
f 1682/1682 1617/1617 1680/1680
f 1689/1689 1622/1622 1562/1562
f 1752/1752 1692/1692 1627/1627
f 1752/1752 1627/1627 1628/1628
f 1630/1630 1693/1693 1629/1629
f 1760/1760 1696/1696 1637/1637
f 1754/1754 1753/1753 1630/1630
f 1679/1679 1677/1677 1610/1610
f 1623/1623 1621/1621 1807/1807
f 1687/1687 1686/1686 1622/1622
f 1746/1746 1687/1687 1622/1622
f 1763/1763 1762/1762 1573/1573
f 1692/1692 1751/1751 1627/1627
f 1752/1752 1628/1628 1693/1693
f 1755/1755 1754/1754 1631/1631
f 1755/1755 1631/1631 1632/1632
f 1756/1756 1755/1755 1632/1632
f 1715/1715 1659/1659 1657/1657
f 1726/1726 1668/1668 1670/1670
f 1727/1727 1671/1671 1669/1669
f 1727/1727 1669/1669 1725/1725
f 1728/1728 1726/1726 1670/1670
f 1733/1733 1676/1676 1673/1673
f 1678/1678 1676/1676 1733/1733
f 1741/1741 1684/1684 1682/1682
f 1744/1744 1742/1742 1685/1685
f 1744/1744 1685/1685 1686/1686
f 1689/1689 1746/1746 1622/1622
f 1748/1748 1689/1689 1624/1624
f 1691/1691 1748/1748 1624/1624
f 1753/1753 1693/1693 1630/1630
f 1711/1711 1655/1655 1654/1654
f 1711/1711 1654/1654 1710/1710
f 1712/1712 1656/1656 1655/1655
f 1712/1712 1655/1655 1711/1711
f 1713/1713 1657/1657 1656/1656
f 1698/1698 1699/1699 1643/1643
f 1698/1698 1643/1643 1642/1642
f 1715/1715 1657/1657 1713/1713
f 1715/1715 1592/1592 1659/1659
f 1717/1717 1592/1592 1715/1715
f 1662/1662 1716/1716 1660/1660
f 1719/1719 1663/1663 1661/1661
f 1721/1721 1665/1665 1663/1663
f 1729/1729 1673/1673 1671/1671
f 1672/1672 1728/1728 1670/1670
f 1734/1734 1732/1732 1675/1675
f 1734/1734 1675/1675 1677/1677
f 1737/1737 1678/1678 1735/1735
f 1737/1737 1680/1680 1678/1678
f 1738/1738 1679/1679 1681/1681
f 1682/1682 1680/1680 1737/1737
f 1743/1743 1684/1684 1741/1741
f 1743/1743 1621/1621 1684/1684
f 1745/1745 1621/1621 1743/1743
f 1687/1687 1744/1744 1686/1686
f 1750/1750 1748/1748 1691/1691
f 1713/1713 1656/1656 1712/1712
f 1718/1718 1716/1716 1662/1662
f 1729/1729 1671/1671 1727/1727
f 1731/1731 1673/1673 1729/1729
f 1730/1730 1674/1674 1732/1732
f 1733/1733 1673/1673 1731/1731
f 1735/1735 1678/1678 1733/1733
f 1746/1746 1744/1744 1687/1687
f 1811/1811 1690/1690 1688/1688
f 1815/1815 1752/1752 1693/1693
f 1781/1781 1714/1714 1658/1658
f 1719/1719 1661/1661 1784/1784
f 1725/1725 1667/1667 1723/1723
f 1724/1724 1722/1722 1668/1668
f 1730/1730 1728/1728 1672/1672
f 1730/1730 1672/1672 1674/1674
f 1739/1739 1682/1682 1737/1737
f 1741/1741 1682/1682 1739/1739
f 1748/1748 1746/1746 1689/1689
f 1760/1760 1821/1821 1696/1696
f 1754/1754 1816/1816 1753/1753
f 1821/1821 1759/1759 1696/1696
f 1781/1781 1714/1714 1658/1658
f 1782/1782 1659/1659 1715/1715
f 1715/1715 1659/1659 1782/1782
f 1784/1784 1717/1717 1715/1715
f 1718/1718 1783/1783 1716/1716
f 1735/1735 1733/1733 1799/1799
f 1737/1737 1735/1735 1801/1801
f 1814/1814 1751/1751 1692/1692
f 1752/1752 1814/1814 1692/1692
f 1815/1815 1814/1814 1752/1752
f 1816/1816 1815/1815 1693/1693
f 1755/1755 1882/1882 1754/1754
f 1699/1699 1698/1698 1765/1765
f 1765/1765 1698/1698 1714/1714
f 1788/1788 1721/1721 1719/1719
f 1797/1797 1731/1731 1729/1729
f 1799/1799 1733/1733 1731/1731
f 1801/1801 1735/1735 1799/1799
f 1802/1802 1734/1734 1736/1736
f 1888/1888 1764/1764 1749/1749
f 1822/1822 1821/1821 1760/1760
f 1817/1817 1882/1882 1755/1755
f 1817/1817 1755/1755 1756/1756
f 1818/1818 1817/1817 1756/1756
f 1776/1776 1709/1709 1708/1708
f 1776/1776 1708/1708 1775/1775
f 1779/1779 1712/1712 1711/1711
f 1779/1779 1711/1711 1778/1778
f 1766/1766 1699/1699 1765/1765
f 1781/1781 1765/1765 1714/1714
f 1783/1783 1781/1781 1714/1714
f 1783/1783 1714/1714 1716/1716
f 1793/1793 1791/1791 1724/1724
f 1793/1793 1724/1724 1726/1726
f 1793/1793 1726/1726 1728/1728
f 1794/1794 1793/1793 1728/1728
f 1795/1795 1729/1729 1727/1727
f 1796/1796 1728/1728 1730/1730
f 1798/1798 1796/1796 1730/1730
f 1799/1799 1731/1731 1797/1797
f 1739/1739 1737/1737 1864/1864
f 1740/1740 1803/1803 1738/1738
f 1868/1868 1741/1741 1739/1739
f 1805/1805 1740/1740 1742/1742
f 1809/1809 1623/1623 1807/1807
f 1747/1747 1623/1623 1809/1809
f 1690/1690 1749/1749 1875/1875
f 1813/1813 1750/1750 1751/1751
f 1825/1825 1824/1824 1762/1762
f 1825/1825 1762/1762 1763/1763
f 1814/1814 1877/1877 1751/1751
f 1778/1778 1710/1710 1777/1777
f 1788/1788 1719/1719 1786/1786
f 1795/1795 1727/1727 1854/1854
f 1796/1796 1794/1794 1728/1728
f 1797/1797 1729/1729 1795/1795
f 1802/1802 1800/1800 1734/1734
f 1864/1864 1737/1737 1801/1801
f 1804/1804 1803/1803 1740/1740
f 1805/1805 1804/1804 1740/1740
f 1870/1870 1741/1741 1868/1868
f 1743/1743 1741/1741 1870/1870
f 1811/1811 1688/1688 1873/1873
f 1810/1810 1874/1874 1748/1748
f 1813/1813 1876/1876 1750/1750
f 1877/1877 1813/1813 1751/1751
f 1881/1881 1816/1816 1754/1754
f 1882/1882 1881/1881 1754/1754
f 1782/1782 1715/1715 1843/1843
f 1786/1786 1719/1719 1784/1784
f 1860/1860 1797/1797 1858/1858
f 1860/1860 1799/1799 1797/1797
f 1801/1801 1799/1799 1860/1860
f 1870/1870 1745/1745 1743/1743
f 1873/1873 1747/1747 1809/1809
f 1876/1876 1748/1748 1812/1812
f 1876/1876 1812/1812 1750/1750
f 1880/1880 1879/1879 1815/1815
f 1880/1880 1815/1815 1816/1816
f 1881/1881 1880/1880 1816/1816
f 1906/1906 1715/1715 1843/1843
f 1843/1843 1715/1715 1906/1906
f 1843/1843 1715/1715 1782/1782
f 1783/1783 1842/1842 1781/1781
f 1784/1784 1715/1715 1843/1843
f 1847/1847 1785/1785 1787/1787
f 1858/1858 1797/1797 1795/1795
f 1862/1862 1801/1801 1860/1860
f 1868/1868 1739/1739 1866/1866
f 1809/1809 1807/1807 1935/1935
f 1874/1874 1872/1872 1808/1808
f 1874/1874 1810/1810 1748/1748
f 1876/1876 1874/1874 1748/1748
f 1888/1888 1749/1749 1875/1875
f 1939/1939 1877/1877 1751/1751
f 1877/1877 1939/1939 1751/1751
f 1815/1815 1878/1878 1814/1814
f 1822/1822 1884/1884 1821/1821
f 1837/1837 1776/1776 1836/1836
f 1839/1839 1778/1778 1838/1838
f 1827/1827 1765/1765 1826/1826
f 1843/1843 1780/1780 1841/1841
f 1844/1844 1842/1842 1783/1783
f 1908/1908 1784/1784 1843/1843
f 1847/1847 1845/1845 1785/1785
f 1853/1853 1851/1851 1791/1791
f 1853/1853 1791/1791 1793/1793
f 1855/1855 1853/1853 1793/1793
f 1855/1855 1793/1793 1794/1794
f 1798/1798 1857/1857 1796/1796
f 1861/1861 1798/1798 1800/1800
f 1864/1864 1801/1801 1862/1862
f 1863/1863 1800/1800 1802/1802
f 1866/1866 1739/1739 1864/1864
f 1865/1865 1803/1803 1804/1804
f 1867/1867 1804/1804 1805/1805
f 1871/1871 1805/1805 1806/1806
f 1938/1938 1876/1876 1813/1813
f 1877/1877 1938/1938 1813/1813
f 1879/1879 1878/1878 1815/1815
f 1825/1825 2012/2012 1824/1824
f 1818/1818 1942/1942 1817/1817
f 1906/1906 1782/1782 1843/1843
f 1843/1843 1782/1782 1906/1906
f 1858/1858 1854/1854 1856/1856
f 1859/1859 1857/1857 1798/1798
f 1861/1861 1859/1859 1798/1798
f 1865/1865 1863/1863 1802/1802
f 1869/1869 1867/1867 1805/1805
f 1871/1871 1869/1869 1805/1805
f 1933/1933 1745/1745 1870/1870
f 1933/1933 1807/1807 1745/1745
f 1878/1878 1877/1877 1814/1814
f 2005/2005 1882/1882 1817/1817
f 1942/1942 2005/2005 1817/1817
f 1908/1908 1786/1786 1784/1784
f 1846/1846 1786/1786 1908/1908
f 1858/1858 1856/1856 1852/1852
f 1927/1927 1866/1866 1864/1864
f 1927/1927 1868/1868 1866/1866
f 1928/1928 1865/1865 1804/1804
f 1930/1930 1928/1928 1804/1804
f 1930/1930 1804/1804 1867/1867
f 1937/1937 1749/1749 1999/1999
f 1887/1887 2012/2012 1825/1825
f 1941/1941 1877/1877 1878/1878
f 1879/1879 1941/1941 1878/1878
f 1946/1946 1884/1884 1822/1822
f 1862/1862 1860/1860 1858/1858
f 1869/1869 1930/1930 1867/1867
f 1873/1873 1809/1809 1935/1935
f 1880/1880 1941/1941 1879/1879
f 2006/2006 1942/1942 1818/1818
f 1900/1900 1837/1837 1836/1836
f 1900/1900 1836/1836 1899/1899
f 1901/1901 1838/1838 1837/1837
f 1901/1901 1837/1837 1900/1900
f 1899/1899 1836/1836 1835/1835
f 1899/1899 1835/1835 1898/1898
f 1890/1890 1827/1827 1889/1889
f 1889/1889 1827/1827 1826/1826
f 1909/1909 1907/1907 1844/1844
f 1909/1909 1844/1844 1845/1845
f 1910/1910 1909/1909 1845/1845
f 1910/1910 1845/1845 1847/1847
f 1911/1911 1910/1910 1847/1847
f 1913/1913 1850/1850 1848/1848
f 1852/1852 1850/1850 1913/1913
f 1920/1920 1918/1918 1859/1859
f 1919/1919 1862/1862 1858/1858
f 1921/1921 1862/1862 1919/1919
f 1861/1861 1920/1920 1859/1859
f 1863/1863 1922/1922 1861/1861
f 1925/1925 1864/1864 1862/1862
f 1925/1925 1862/1862 1923/1923
f 1927/1927 1864/1864 1925/1925
f 1871/1871 1930/1930 1869/1869
f 1941/1941 1940/1940 1877/1877
f 1889/1889 1826/1826 1905/1905
f 1966/1966 1905/1905 1842/1842
f 1913/1913 1848/1848 1973/1973
f 1924/1924 1922/1922 1863/1863
f 1988/1988 1924/1924 1863/1863
f 1928/1928 1926/1926 1865/1865
f 1931/1931 1870/1870 1868/1868
f 1932/1932 1930/1930 1871/1871
f 1949/1949 1888/1888 1937/1937
f 1943/1943 2006/2006 1818/1818
f 1967/1967 1843/1843 1906/1906
f 1907/1907 1905/1905 1844/1844
f 1908/1908 1843/1843 1967/1967
f 1970/1970 1907/1907 1909/1909
f 1934/1934 1932/1932 1872/1872
f 2062/2062 1811/1811 1873/1873
f 2003/2003 1941/1941 1880/1880
f 2004/2004 2003/2003 1880/1880
f 2004/2004 1880/1880 1881/1881
f 1910/1910 1970/1970 1909/1909
f 1987/1987 1923/1923 1921/1921
f 1929/1929 1868/1868 1927/1927
f 1931/1931 1868/1868 1993/1993
f 1997/1997 1873/1873 1935/1935
f 1935/1935 1873/1873 1997/1997
f 2062/2062 1873/1873 1997/1997
f 2000/2000 1998/1998 1876/1876
f 2001/2001 1938/1938 1877/1877
f 1939/1939 2001/2001 1877/1877
f 2001/2001 1939/1939 1877/1877
f 1940/1940 2001/2001 1877/1877
f 2009/2009 1884/1884 1946/1946
f 2004/2004 1881/1881 1882/1882
f 2005/2005 2004/2004 1882/1882
f 1962/1962 1901/1901 1900/1900
f 1962/1962 1900/1900 1961/1961
f 1967/1967 1906/1906 1965/1965
f 1969/1969 1908/1908 1967/1967
f 1976/1976 1911/1911 1914/1914
f 1978/1978 1976/1976 1914/1914
f 1981/1981 1917/1917 1915/1915
f 1982/1982 1980/1980 1916/1916
f 1982/1982 1916/1916 1918/1918
f 1988/1988 1922/1922 1924/1924
f 1993/1993 1868/1868 1929/1929
f 1998/1998 1936/1936 1874/1874
f 1949/1949 2013/2013 1888/1888
f 1949/1949 1937/1937 1999/1999
f 2001/2001 2000/2000 1938/1938
f 2002/2002 2001/2001 1940/1940
f 2002/2002 1940/1940 1941/1941
f 1965/1965 1903/1903 1964/1964
f 1970/1970 1968/1968 1907/1907
f 1972/1972 1970/1970 1910/1910
f 1974/1974 1972/1972 1911/1911
f 1974/1974 1911/1911 1976/1976
f 1975/1975 1913/1913 1973/1973
f 1983/1983 1919/1919 1917/1917
f 1983/1983 1917/1917 1981/1981
f 1987/1987 1921/1921 1985/1985
f 1927/1927 1925/1925 1989/1989
f 1929/1929 1927/1927 1991/1991
f 2060/2060 1933/1933 1931/1931
f 1996/1996 1995/1995 1932/1932
f 1998/1998 2063/2063 1936/1936
f 1968/1968 1966/1966 1905/1905
f 1968/1968 1905/1905 1907/1907
f 1973/1973 1971/1971 1969/1969
f 2041/2041 1913/1913 1975/1975
f 1986/1986 1922/1922 1988/1988
f 1991/1991 1927/1927 1989/1989
f 1993/1993 1929/1929 1991/1991
f 2058/2058 1931/1931 1993/1993
f 2063/2063 1996/1996 1934/1934
f 2063/2063 1934/1934 1936/1936
f 2064/2064 2013/2013 1949/1949
f 2064/2064 1949/1949 1999/1999
f 2067/2067 2002/2002 1941/1941
f 2003/2003 2067/2067 1941/1941
f 2069/2069 2003/2003 2004/2004
f 2070/2070 2005/2005 1942/1942
f 2006/2006 2070/2070 1942/1942
f 2029/2029 1965/1965 1964/1964
f 2039/2039 1975/1975 1973/1973
f 1976/1976 2040/2040 1974/1974
f 2077/2077 2012/2012 2078/2078
f 2068/2068 2067/2067 2003/2003
f 2071/2071 2006/2006 1943/1943
f 1963/1963 1962/1962 2026/2026
f 2014/2014 1950/1950 2030/2030
f 2037/2037 1973/1973 1969/1969
f 2039/2039 1973/1973 2037/2037
f 2038/2038 1974/1974 2040/2040
f 2042/2042 1976/1976 1978/1978
f 2051/2051 1987/1987 1985/1985
f 2064/2064 2079/2079 2013/2013
f 2070/2070 2004/2004 2005/2005
f 2073/2073 1945/1945 2009/2009
f 2073/2073 2009/2009 2074/2074
f 2023/2023 1960/1960 1959/1959
f 2025/2025 1961/1961 2024/2024
f 2027/2027 1963/1963 2026/2026
f 2028/2028 1964/1964 1963/1963
f 2028/2028 1963/1963 2027/2027
f 1951/1951 1950/1950 2014/2014
f 2029/2029 1964/1964 2028/2028
f 2043/2043 1977/1977 2041/2041
f 2042/2042 2040/2040 1976/1976
f 2043/2043 1979/1979 1977/1977
f 2044/2044 2042/2042 1978/1978
f 2044/2044 1978/1978 1980/1980
f 2046/2046 2044/2044 1980/1980
f 2046/2046 1980/1980 1982/1982
f 2051/2051 1985/1985 2049/2049
f 2055/2055 1993/1993 1991/1991
f 2061/2061 2059/2059 1995/1995
f 2061/2061 1995/1995 1996/1996
f 2062/2062 1935/1935 2060/2060
f 2133/2133 2066/2066 2001/2001
f 2067/2067 2134/2134 2002/2002
f 2071/2071 2070/2070 2006/2006
f 2037/2037 1969/1969 2035/2035
f 2041/2041 1975/1975 2039/2039
f 2058/2058 1993/1993 2055/2055
f 2060/2060 1931/1931 2058/2058
f 2059/2059 2057/2057 1994/1994
f 2063/2063 2061/2061 1996/1996
f 2132/2132 2063/2063 1998/1998
f 2132/2132 1998/1998 2000/2000
f 2065/2065 2132/2132 2000/2000
f 2193/2193 2133/2133 2001/2001
f 2002/2002 2193/2193 2001/2001
f 2077/2077 2076/2076 2012/2012
f 2015/2015 1951/1951 2014/2014
f 2029/2029 1965/1965 2095/2095
f 2050/2050 2114/2114 2048/2048
f 2121/2121 1991/1991 1989/1989
f 2055/2055 1991/1991 2121/2121
f 2129/2129 1997/1997 2062/2062
f 2131/2131 2064/2064 2062/2062
f 2131/2131 2062/2062 2129/2129
f 2064/2064 1999/1999 2131/2131
f 2070/2070 2069/2069 2004/2004
f 2028/2028 2027/2027 2093/2093
f 2098/2098 2030/2030 2032/2032
f 2099/2099 2033/2033 2031/2031
f 2119/2119 1989/1989 2053/2053
f 2121/2121 1989/1989 2119/2119
f 2123/2123 2055/2055 2121/2121
f 2123/2123 2058/2058 2055/2055
f 2125/2125 2058/2058 2123/2123
f 2060/2060 2058/2058 2125/2125
f 2063/2063 2130/2130 1998/1998
f 2135/2135 2134/2134 2067/2067
f 2069/2069 2068/2068 2003/2003
f 2089/2089 2024/2024 2023/2023
f 2092/2092 2026/2026 2025/2025
f 2092/2092 2025/2025 2091/2091
f 2093/2093 2026/2026 2092/2092
f 2081/2081 2015/2015 2014/2014
f 2095/2095 2029/2029 2028/2028
f 2095/2095 2028/2028 2094/2094
f 2097/2097 2031/2031 2029/2029
f 2097/2097 2029/2029 2095/2095
f 2101/2101 2037/2037 2035/2035
f 2103/2103 2037/2037 2101/2101
f 2039/2039 2037/2037 2103/2103
f 2106/2106 2040/2040 2042/2042
f 2109/2109 2041/2041 2107/2107
f 2115/2115 2049/2049 2047/2047
f 2115/2115 2047/2047 2113/2113
f 2117/2117 2051/2051 2049/2049
f 2117/2117 2049/2049 2115/2115
f 2118/2118 2116/2116 2050/2050
f 2118/2118 2050/2050 2052/2052
f 2126/2126 2124/2124 2057/2057
f 2126/2126 2057/2057 2059/2059
f 2126/2126 2059/2059 2061/2061
f 2062/2062 2060/2060 2127/2127
f 2128/2128 2126/2126 2061/2061
f 2130/2130 2061/2061 2063/2063
f 2141/2141 2140/2140 2078/2078
f 2094/2094 2028/2028 2093/2093
f 2111/2111 2043/2043 2109/2109
f 2116/2116 2114/2114 2050/2050
f 2130/2130 2128/2128 2061/2061
f 2190/2190 2130/2130 2063/2063
f 2132/2132 2130/2130 2063/2063
f 2133/2133 2065/2065 2066/2066
f 2139/2139 2077/2077 2078/2078
f 2070/2070 2258/2258 2069/2069
f 2142/2142 2080/2080 2096/2096
f 2142/2142 2096/2096 2158/2158
f 2158/2158 2096/2096 2030/2030
f 2096/2096 2158/2158 2030/2030
f 2098/2098 2096/2096 2030/2030
f 2105/2105 2039/2039 2103/2103
f 2167/2167 2039/2039 2105/2105
f 2107/2107 2041/2041 2039/2039
f 2107/2107 2039/2039 2167/2167
f 2127/2127 2060/2060 2125/2125
f 2129/2129 2062/2062 2127/2127
f 2192/2192 2132/2132 2065/2065
f 2133/2133 2192/2192 2065/2065
f 2140/2140 2139/2139 2078/2078
f 2193/2193 2002/2002 2134/2134
f 2068/2068 2135/2135 2067/2067
f 2155/2155 2093/2093 2092/2092
f 2160/2160 2096/2096 2098/2098
f 2098/2098 2032/2032 2100/2100
f 2186/2186 2125/2125 2123/2123
f 2131/2131 2203/2203 2141/2141
f 2259/2259 2258/2258 2070/2070
f 2197/2197 2259/2259 2070/2070
f 2197/2197 2070/2070 2071/2071
f 2198/2198 2197/2197 2071/2071
f 2153/2153 2091/2091 2152/2152
f 2151/2151 2089/2089 2088/2088
f 2151/2151 2088/2088 2150/2150
f 2151/2151 2152/2152 2089/2089
f 2090/2090 2152/2152 2091/2091
f 2162/2162 2100/2100 2102/2102
f 2166/2166 2162/2162 2102/2102
f 2171/2171 2109/2109 2107/2107
f 2173/2173 2111/2111 2109/2109
f 2173/2173 2109/2109 2171/2171
f 2175/2175 2113/2113 2111/2111
f 2175/2175 2111/2111 2173/2173
f 2180/2180 2116/2116 2118/2118
f 2181/2181 2119/2119 2117/2117
f 2181/2181 2117/2117 2179/2179
f 2182/2182 2118/2118 2120/2120
f 2184/2184 2120/2120 2122/2122
f 2185/2185 2184/2184 2122/2122
f 2185/2185 2122/2122 2124/2124
f 2254/2254 2130/2130 2132/2132
f 2135/2135 2256/2256 2134/2134
f 2258/2258 2196/2196 2069/2069
f 2154/2154 2092/2092 2153/2153
f 2162/2162 2098/2098 2100/2100
f 2171/2171 2107/2107 2169/2169
f 2178/2178 2176/2176 2114/2114
f 2178/2178 2114/2114 2116/2116
f 2182/2182 2180/2180 2118/2118
f 2182/2182 2120/2120 2184/2184
f 2186/2186 2123/2123 2183/2183
f 2127/2127 2125/2125 2186/2186
f 2129/2129 2127/2127 2251/2251
f 2191/2191 2203/2203 2131/2131
f 2195/2195 2135/2135 2068/2068
f 2257/2257 2195/2195 2068/2068
f 2257/2257 2068/2068 2069/2069
f 2196/2196 2257/2257 2069/2069
f 2139/2139 2325/2325 2138/2138
f 2166/2166 2164/2164 2162/2162
f 2177/2177 2175/2175 2173/2173
f 2188/2188 2127/2127 2186/2186
f 2203/2203 2267/2267 2141/2141
f 2195/2195 2256/2256 2135/2135
f 2220/2220 2158/2158 2096/2096
f 2159/2159 2097/2097 2221/2221
f 2162/2162 2222/2222 2098/2098
f 2244/2244 2186/2186 2183/2183
f 2254/2254 2252/2252 2130/2130
f 2191/2191 2267/2267 2203/2203
f 2255/2255 2192/2192 2133/2133
f 2193/2193 2255/2255 2133/2133
f 2194/2194 2193/2193 2134/2134
f 2194/2194 2134/2134 2256/2256
f 2143/2143 2142/2142 2204/2204
f 2143/2143 2205/2205 2144/2144
f 2284/2284 2220/2220 2096/2096
f 2224/2224 2222/2222 2162/2162
f 2224/2224 2162/2162 2164/2164
f 2225/2225 2224/2224 2164/2164
f 2166/2166 2225/2225 2164/2164
f 2231/2231 2229/2229 2168/2168
f 2231/2231 2168/2168 2170/2170
f 2234/2234 2171/2171 2232/2232
f 2237/2237 2176/2176 2178/2178
f 2241/2241 2178/2178 2180/2180
f 2243/2243 2180/2180 2182/2182
f 2246/2246 2184/2184 2185/2185
f 2248/2248 2246/2246 2185/2185
f 2248/2248 2185/2185 2187/2187
f 2249/2249 2127/2127 2188/2188
f 2251/2251 2127/2127 2249/2249
f 2255/2255 2254/2254 2192/2192
f 2194/2194 2255/2255 2193/2193
f 2257/2257 2256/2256 2195/2195
f 2215/2215 2153/2153 2152/2152
f 2215/2215 2152/2152 2214/2214
f 2213/2213 2151/2151 2150/2150
f 2213/2213 2150/2150 2212/2212
f 2214/2214 2151/2151 2213/2213
f 2218/2218 2156/2156 2155/2155
f 2218/2218 2155/2155 2217/2217
f 2227/2227 2225/2225 2166/2166
f 2229/2229 2227/2227 2166/2166
f 2229/2229 2166/2166 2168/2168
f 2231/2231 2170/2170 2172/2172
f 2233/2233 2231/2231 2172/2172
f 2238/2238 2240/2240 2177/2177
f 2241/2241 2239/2239 2178/2178
f 2243/2243 2241/2241 2180/2180
f 2245/2245 2243/2243 2182/2182
f 2245/2245 2182/2182 2184/2184
f 2246/2246 2245/2245 2184/2184
f 2313/2313 2188/2188 2186/2186
f 2261/2261 2136/2136 2199/2199
f 2163/2163 2161/2161 2287/2287
f 2236/2236 2238/2238 2234/2234
f 2247/2247 2186/2186 2244/2244
f 2313/2313 2186/2186 2247/2247
f 2253/2253 2267/2267 2191/2191
f 2319/2319 2255/2255 2194/2194
f 2256/2256 2319/2319 2194/2194
f 2289/2289 2226/2226 2163/2163
f 2236/2236 2234/2234 2238/2238
f 2324/2324 2261/2261 2199/2199
f 2386/2386 2197/2197 2198/2198
f 2260/2260 2386/2386 2198/2198
f 2206/2206 2205/2205 2269/2269
f 2282/2282 2218/2218 2217/2217
f 2283/2283 2219/2219 2218/2218
f 2289/2289 2163/2163 2287/2287
f 2293/2293 2228/2228 2226/2226
f 2299/2299 2234/2234 2232/2232
f 2242/2242 2240/2240 2307/2307
f 2309/2309 2244/2244 2242/2242
f 2309/2309 2247/2247 2244/2244
f 2326/2326 2325/2325 2265/2265
f 2258/2258 2257/2257 2196/2196
f 2277/2277 2213/2213 2212/2212
f 2277/2277 2212/2212 2276/2276
f 2279/2279 2215/2215 2278/2278
f 2281/2281 2216/2216 2280/2280
f 2282/2282 2217/2217 2281/2281
f 2269/2269 2205/2205 2204/2204
f 2288/2288 2224/2224 2225/2225
f 2295/2295 2228/2228 2293/2293
f 2295/2295 2230/2230 2228/2228
f 2299/2299 2236/2236 2234/2234
f 2303/2303 2236/2236 2299/2299
f 2303/2303 2238/2238 2236/2236
f 2305/2305 2238/2238 2303/2303
f 2305/2305 2240/2240 2238/2238
f 2306/2306 2304/2304 2239/2239
f 2308/2308 2241/2241 2243/2243
f 2316/2316 2314/2314 2250/2250
f 2316/2316 2250/2250 2252/2252
f 2385/2385 2259/2259 2197/2197
f 2386/2386 2385/2385 2197/2197
f 2322/2322 2260/2260 2198/2198
f 2285/2285 2221/2221 2219/2219
f 2285/2285 2097/2097 2159/2159
f 2346/2346 2097/2097 2285/2285
f 2306/2306 2239/2239 2241/2241
f 2384/2384 2257/2257 2258/2258
f 2320/2320 2384/2384 2258/2258
f 2321/2321 2320/2320 2258/2258
f 2259/2259 2321/2321 2258/2258
f 2346/2346 2221/2221 2285/2285
f 2159/2159 2221/2221 2346/2346
f 2291/2291 2226/2226 2289/2289
f 2301/2301 2303/2303 2299/2299
f 2372/2372 2310/2310 2311/2311
f 2188/2188 2313/2313 2373/2373
f 2381/2381 2254/2254 2255/2255
f 2256/2256 2382/2382 2319/2319
f 2384/2384 2383/2383 2257/2257
f 2344/2344 2219/2219 2283/2283
f 2285/2285 2219/2219 2344/2344
f 2285/2285 2159/2159 2346/2346
f 2303/2303 2301/2301 2299/2299
f 2375/2375 2188/2188 2373/2373
f 2249/2249 2188/2188 2375/2375
f 2314/2314 2374/2374 2312/2312
f 2377/2377 2251/2251 2249/2249
f 2317/2317 2393/2393 2328/2328
f 2381/2381 2380/2380 2254/2254
f 2393/2393 2328/2328 2267/2267
f 2383/2383 2256/2256 2257/2257
f 2322/2322 2386/2386 2260/2260
f 2338/2338 2276/2276 2337/2337
f 2339/2339 2277/2277 2338/2338
f 2339/2339 2278/2278 2277/2277
f 2340/2340 2279/2279 2278/2278
f 2343/2343 2282/2282 2281/2281
f 2343/2343 2281/2281 2342/2342
f 2270/2270 2269/2269 2330/2330
f 2347/2347 2286/2286 2288/2288
f 2350/2350 2291/2291 2289/2289
f 2293/2293 2226/2226 2354/2354
f 2358/2358 2297/2297 2295/2295
f 2358/2358 2295/2295 2356/2356
f 2299/2299 2358/2358 2360/2360
f 2366/2366 2364/2364 2304/2304
f 2366/2366 2304/2304 2306/2306
f 2308/2308 2366/2366 2306/2306
f 2377/2377 2249/2249 2375/2375
f 2379/2379 2393/2393 2317/2317
f 2383/2383 2382/2382 2256/2256
f 2330/2330 2269/2269 2329/2329
f 2330/2330 2331/2331 2270/2270
f 2349/2349 2347/2347 2288/2288
f 2359/2359 2357/2357 2296/2296
f 2361/2361 2359/2359 2298/2298
f 2361/2361 2298/2298 2300/2300
f 2309/2309 2307/2307 2367/2367
f 2372/2372 2370/2370 2310/2310
f 2376/2376 2374/2374 2314/2314
f 2321/2321 2384/2384 2320/2320
f 2411/2411 2285/2285 2344/2344
f 2411/2411 2285/2285 2346/2346
f 2346/2346 2285/2285 2411/2411
f 2418/2418 2293/2293 2354/2354
f 2363/2363 2365/2365 2303/2303
f 2434/2434 2309/2309 2367/2367
f 2369/2369 2309/2309 2434/2434
f 2443/2443 2316/2316 2318/2318
f 2445/2445 2381/2381 2255/2255
f 2319/2319 2445/2445 2255/2255
f 2329/2329 2345/2345 2410/2410
f 2413/2413 2287/2287 2346/2346
f 2348/2348 2287/2287 2413/2413
f 2434/2434 2371/2371 2369/2369
f 2505/2505 2441/2441 2316/2316
f 2378/2378 2505/2505 2316/2316
f 2441/2441 2378/2378 2316/2316
f 2443/2443 2441/2441 2316/2316
f 2379/2379 2453/2453 2393/2393
f 2444/2444 2380/2380 2381/2381
f 2382/2382 2445/2445 2319/2319
f 2384/2384 2446/2446 2383/2383
f 2447/2447 2384/2384 2321/2321
f 2385/2385 2447/2447 2321/2321
f 2387/2387 2386/2386 2322/2322
f 2387/2387 2322/2322 2323/2323
f 2402/2402 2338/2338 2337/2337
f 2404/2404 2338/2338 2403/2403
f 2404/2404 2340/2340 2339/2339
f 2407/2407 2342/2342 2406/2406
f 2343/2343 2342/2342 2407/2407
f 2395/2395 2330/2330 2329/2329
f 2395/2395 2329/2329 2394/2394
f 2412/2412 2410/2410 2345/2345
f 2412/2412 2345/2345 2347/2347
f 2414/2414 2347/2347 2349/2349
f 2415/2415 2289/2289 2287/2287
f 2414/2414 2349/2349 2351/2351
f 2416/2416 2414/2414 2351/2351
f 2417/2417 2416/2416 2351/2351
f 2417/2417 2351/2351 2353/2353
f 2356/2356 2293/2293 2418/2418
f 2421/2421 2419/2419 2355/2355
f 2421/2421 2355/2355 2357/2357
f 2424/2424 2358/2358 2422/2422
f 2361/2361 2423/2423 2359/2359
f 2428/2428 2363/2363 2360/2360
f 2428/2428 2360/2360 2424/2424
f 2427/2427 2425/2425 2362/2362
f 2427/2427 2362/2362 2364/2364
f 2430/2430 2365/2365 2363/2363
f 2430/2430 2363/2363 2428/2428
f 2434/2434 2367/2367 2432/2432
f 2435/2435 2368/2368 2370/2370
f 2437/2437 2372/2372 2374/2374
f 2442/2442 2453/2453 2379/2379
f 2408/2408 2343/2343 2407/2407
f 2396/2396 2331/2331 2395/2395
f 2410/2410 2394/2394 2329/2329
f 2411/2411 2344/2344 2409/2409
f 2410/2410 2345/2345 2470/2470
f 2420/2420 2356/2356 2418/2418
f 2423/2423 2421/2421 2357/2357
f 2425/2425 2423/2423 2361/2361
f 2426/2426 2428/2428 2424/2424
f 2426/2426 2424/2424 2428/2428
f 2436/2436 2371/2371 2434/2434
f 2436/2436 2373/2373 2371/2371
f 2438/2438 2373/2373 2436/2436
f 2438/2438 2375/2375 2373/2373
f 2502/2502 2375/2375 2438/2438
f 2441/2441 2505/2505 2378/2378
f 2444/2444 2443/2443 2380/2380
f 2511/2511 2446/2446 2384/2384
f 2513/2513 2447/2447 2385/2385
f 2514/2514 2513/2513 2385/2385
f 2451/2451 2390/2390 2391/2391
f 2409/2409 2344/2344 2408/2408
f 2413/2413 2346/2346 2471/2471
f 2358/2358 2420/2420 2422/2422
f 2508/2508 2444/2444 2381/2381
f 2447/2447 2512/2512 2384/2384
f 2428/2428 2426/2426 2424/2424
f 2432/2432 2436/2436 2434/2434
f 2504/2504 2377/2377 2375/2375
f 2504/2504 2375/2375 2502/2502
f 2521/2521 2520/2520 2451/2451
f 2452/2452 2521/2521 2451/2451
f 2511/2511 2510/2510 2382/2382
f 2511/2511 2382/2382 2383/2383
f 2446/2446 2511/2511 2383/2383
f 2513/2513 2512/2512 2447/2447
f 2520/2520 2450/2450 2451/2451
f 2471/2471 2409/2409 2469/2469
f 2473/2473 2413/2413 2471/2471
f 2475/2475 2415/2415 2413/2413
f 2475/2475 2413/2413 2473/2473
f 2486/2486 2423/2423 2425/2425
f 2490/2490 2488/2488 2427/2427
f 2494/2494 2492/2492 2431/2431
f 2433/2433 2494/2494 2431/2431
f 2495/2495 2436/2436 2432/2432
f 2497/2497 2436/2436 2495/2495
f 2499/2499 2438/2438 2497/2497
f 2507/2507 2441/2441 2443/2443
f 2444/2444 2507/2507 2443/2443
f 2522/2522 2452/2452 2453/2453
f 2382/2382 2509/2509 2445/2445
f 2512/2512 2511/2511 2384/2384
f 2465/2465 2405/2405 2464/2464
f 2466/2466 2406/2406 2405/2405
f 2466/2466 2405/2405 2465/2465
f 2404/2404 2403/2403 2463/2463
f 2464/2464 2405/2405 2404/2404
f 2467/2467 2407/2407 2406/2406
f 2467/2467 2406/2406 2466/2466
f 2469/2469 2408/2408 2468/2468
f 2474/2474 2412/2412 2414/2414
f 2480/2480 2478/2478 2419/2419
f 2481/2481 2420/2420 2546/2546
f 2480/2480 2419/2419 2421/2421
f 2482/2482 2480/2480 2421/2421
f 2484/2484 2482/2482 2421/2421
f 2484/2484 2421/2421 2423/2423
f 2484/2484 2423/2423 2486/2486
f 2488/2488 2486/2486 2425/2425
f 2488/2488 2425/2425 2427/2427
f 2493/2493 2432/2432 2430/2430
f 2493/2493 2430/2430 2491/2491
f 2496/2496 2494/2494 2433/2433
f 2496/2496 2433/2433 2435/2435
f 2498/2498 2496/2496 2435/2435
f 2498/2498 2435/2435 2437/2437
f 2500/2500 2499/2499 2497/2497
f 2502/2502 2438/2438 2499/2499
f 2442/2442 2522/2522 2453/2453
f 2519/2519 2450/2450 2520/2520
f 2464/2464 2404/2404 2463/2463
f 2472/2472 2539/2539 2410/2410
f 2472/2472 2410/2410 2412/2412
f 2474/2474 2472/2472 2412/2412
f 2497/2497 2495/2495 2561/2561
f 2501/2501 2498/2498 2437/2437
f 2576/2576 2511/2511 2512/2512
f 2546/2546 2420/2420 2479/2479
f 2487/2487 2485/2485 2483/2483
f 2489/2489 2485/2485 2487/2487
f 2633/2633 2507/2507 2444/2444
f 2508/2508 2633/2633 2444/2444
f 2575/2575 2508/2508 2444/2444
f 2508/2508 2575/2575 2444/2444
f 2510/2510 2509/2509 2382/2382
f 2525/2525 2455/2455 2524/2524
f 2456/2456 2455/2455 2525/2525
f 2526/2526 2457/2457 2456/2456
f 2538/2538 2469/2469 2468/2468
f 2523/2523 2454/2454 2394/2394
f 2544/2544 2474/2474 2476/2476
f 2549/2549 2480/2480 2482/2482
f 2493/2493 2491/2491 2557/2557
f 2495/2495 2493/2493 2559/2559
f 2579/2579 2578/2578 2521/2521
f 2579/2579 2521/2521 2522/2522
f 2577/2577 2576/2576 2512/2512
f 2577/2577 2512/2512 2513/2513
f 2533/2533 2464/2464 2463/2463
f 2533/2533 2463/2463 2532/2532
f 2526/2526 2456/2456 2525/2525
f 2532/2532 2463/2463 2462/2462
f 2532/2532 2462/2462 2531/2531
f 2535/2535 2536/2536 2466/2466
f 2537/2537 2468/2468 2467/2467
f 2537/2537 2467/2467 2536/2536
f 2538/2538 2468/2468 2537/2537
f 2542/2542 2475/2475 2473/2473
f 2545/2545 2544/2544 2476/2476
f 2545/2545 2476/2476 2478/2478
f 2547/2547 2545/2545 2478/2478
f 2548/2548 2481/2481 2546/2546
f 2549/2549 2547/2547 2480/2480
f 2551/2551 2549/2549 2482/2482
f 2551/2551 2482/2482 2484/2484
f 2552/2552 2487/2487 2483/2483
f 2555/2555 2489/2489 2487/2487
f 2554/2554 2553/2553 2486/2486
f 2554/2554 2486/2486 2488/2488
f 2556/2556 2554/2554 2488/2488
f 2556/2556 2488/2488 2490/2490
f 2558/2558 2556/2556 2490/2490
f 2558/2558 2490/2490 2492/2492
f 2559/2559 2493/2493 2557/2557
f 2560/2560 2492/2492 2494/2494
f 2566/2566 2499/2499 2497/2497
f 2566/2566 2497/2497 2564/2564
f 2565/2565 2562/2562 2496/2496
f 2565/2565 2496/2496 2498/2498
f 2566/2566 2499/2499 2500/2500
f 2568/2568 2565/2565 2498/2498
f 2568/2568 2498/2498 2501/2501
f 2572/2572 2570/2570 2503/2503
f 2635/2635 2508/2508 2509/2509
f 2510/2510 2635/2635 2509/2509
f 2541/2541 2539/2539 2472/2472
f 2552/2552 2483/2483 2550/2550
f 2555/2555 2487/2487 2552/2552
f 2559/2559 2493/2493 2619/2619
f 2558/2558 2492/2492 2560/2560
f 2566/2566 2564/2564 2563/2563
f 2571/2571 2504/2504 2502/2502
f 2571/2571 2502/2502 2569/2569
f 2633/2633 2575/2575 2508/2508
f 2595/2595 2538/2538 2537/2537
f 2523/2523 2539/2539 2596/2596
f 2596/2596 2539/2539 2470/2470
f 2599/2599 2473/2473 2471/2471
f 2542/2542 2473/2473 2599/2599
f 2561/2561 2495/2495 2559/2559
f 2633/2633 2632/2632 2507/2507
f 2580/2580 2523/2523 2596/2596
f 2540/2540 2538/2538 2595/2595
f 2596/2596 2470/2470 2539/2539
f 2598/2598 2539/2539 2541/2541
f 2600/2600 2598/2598 2541/2541
f 2604/2604 2545/2545 2544/2544
f 2604/2604 2544/2544 2545/2545
f 2606/2606 2545/2545 2547/2547
f 2548/2548 2546/2546 2607/2607
f 2556/2556 2614/2614 2554/2554
f 2618/2618 2556/2556 2558/2558
f 2567/2567 2566/2566 2564/2564
f 2629/2629 2571/2571 2569/2569
f 2632/2632 2572/2572 2574/2574
f 2525/2525 2524/2524 2581/2581
f 2583/2583 2526/2526 2525/2525
f 2583/2583 2525/2525 2582/2582
f 2590/2590 2533/2533 2532/2532
f 2591/2591 2535/2535 2534/2534
f 2592/2592 2535/2535 2591/2591
f 2537/2537 2536/2536 2593/2593
f 2581/2581 2524/2524 2523/2523
f 2581/2581 2523/2523 2580/2580
f 2596/2596 2664/2664 2539/2539
f 2598/2598 2596/2596 2539/2539
f 2606/2606 2604/2604 2545/2545
f 2609/2609 2550/2550 2548/2548
f 2609/2609 2548/2548 2607/2607
f 2610/2610 2608/2608 2549/2549
f 2610/2610 2549/2549 2551/2551
f 2609/2609 2552/2552 2550/2550
f 2613/2613 2552/2552 2609/2609
f 2554/2554 2612/2612 2553/2553
f 2617/2617 2557/2557 2555/2555
f 2617/2617 2555/2555 2615/2615
f 2560/2560 2618/2618 2558/2558
f 2624/2624 2564/2564 2622/2622
f 2624/2624 2567/2567 2564/2564
f 2624/2624 2566/2566 2567/2567
f 2632/2632 2630/2630 2572/2572
f 2637/2637 2511/2511 2576/2576
f 2577/2577 2637/2637 2576/2576
f 2514/2514 2638/2638 2513/2513
f 2582/2582 2525/2525 2581/2581
f 2590/2590 2532/2532 2589/2589
f 2594/2594 2537/2537 2593/2593
f 2595/2595 2537/2537 2594/2594
f 2597/2597 2540/2540 2595/2595
f 2613/2613 2615/2615 2611/2611
f 2614/2614 2612/2612 2554/2554
f 2616/2616 2614/2614 2556/2556
f 2686/2686 2559/2559 2557/2557
f 2619/2619 2559/2559 2686/2686
f 2561/2561 2559/2559 2686/2686
f 2626/2626 2623/2623 2568/2568
f 2626/2626 2568/2568 2570/2570
f 2579/2579 2646/2646 2578/2578
f 2636/2636 2635/2635 2510/2510
f 2636/2636 2510/2510 2511/2511
f 2638/2638 2577/2577 2513/2513
f 2639/2639 2638/2638 2514/2514
f 2602/2602 2598/2598 2600/2600
f 2671/2671 2603/2603 2601/2601
f 2683/2683 2616/2616 2556/2556
f 2618/2618 2683/2683 2556/2556
f 2686/2686 2557/2557 2684/2684
f 2686/2686 2559/2559 2619/2619
f 2698/2698 2629/2629 2627/2627
f 2711/2711 2647/2647 2579/2579
f 2631/2631 2573/2573 2700/2700
f 2637/2637 2636/2636 2511/2511
f 2640/2640 2639/2639 2514/2514
f 2644/2644 2643/2643 2519/2519
f 2591/2591 2590/2590 2658/2658
f 2595/2595 2594/2594 2662/2662
f 2596/2596 2539/2539 2664/2664
f 2600/2600 2598/2598 2602/2602
f 2609/2609 2607/2607 2674/2674
f 2615/2615 2613/2613 2680/2680
f 2614/2614 2681/2681 2612/2612
f 2690/2690 2563/2563 2688/2688
f 2627/2627 2624/2624 2693/2693
f 2762/2762 2699/2699 2630/2630
f 2701/2701 2630/2630 2632/2632
f 2702/2702 2508/2508 2575/2575
f 2633/2633 2702/2702 2575/2575
f 2711/2711 2646/2646 2579/2579
f 2638/2638 2637/2637 2577/2577
f 2657/2657 2589/2589 2656/2656
f 2659/2659 2591/2591 2658/2658
f 2660/2660 2592/2592 2591/2591
f 2650/2650 2582/2582 2581/2581
f 2656/2656 2589/2589 2588/2588
f 2658/2658 2590/2590 2589/2589
f 2658/2658 2589/2589 2657/2657
f 2659/2659 2660/2660 2591/2591
f 2661/2661 2593/2593 2592/2592
f 2661/2661 2592/2592 2660/2660
f 2649/2649 2581/2581 2580/2580
f 2649/2649 2580/2580 2648/2648
f 2671/2671 2601/2601 2669/2669
f 2670/2670 2668/2668 2600/2600
f 2670/2670 2600/2600 2602/2602
f 2672/2672 2670/2670 2602/2602
f 2672/2672 2602/2602 2604/2604
f 2676/2676 2609/2609 2674/2674
f 2679/2679 2610/2610 2612/2612
f 2688/2688 2561/2561 2686/2686
f 2691/2691 2622/2622 2690/2690
f 2695/2695 2692/2692 2623/2623
f 2695/2695 2623/2623 2626/2626
f 2697/2697 2695/2695 2626/2626
f 2697/2697 2626/2626 2628/2628
f 2699/2699 2824/2824 2630/2630
f 2701/2701 2699/2699 2630/2630
f 2765/2765 2634/2634 2635/2635
f 2703/2703 2636/2636 2637/2637
f 2772/2772 2643/2643 2644/2644
f 2650/2650 2581/2581 2649/2649
f 2677/2677 2610/2610 2679/2679
f 2681/2681 2679/2679 2612/2612
f 2683/2683 2681/2681 2614/2614
f 2685/2685 2683/2683 2618/2618
f 2693/2693 2694/2694 2691/2691
f 2693/2693 2691/2691 2690/2690
f 2698/2698 2627/2627 2696/2696
f 2824/2824 2628/2628 2630/2630
f 2573/2573 2700/2700 2763/2763
f 2573/2573 2763/2763 2700/2700
f 2711/2711 2775/2775 2647/2647
f 2702/2702 2633/2633 2508/2508
f 2705/2705 2704/2704 2638/2638
f 2705/2705 2638/2638 2639/2639
f 2705/2705 2639/2639 2640/2640
f 2761/2761 2629/2629 2698/2698
f 2702/2702 2633/2633 2634/2634
f 2765/2765 2702/2702 2634/2634
f 2636/2636 2765/2765 2635/2635
f 2704/2704 2703/2703 2637/2637
f 2704/2704 2637/2637 2638/2638
f 2732/2732 2668/2668 2670/2670
f 2746/2746 2681/2681 2683/2683
f 2753/2753 2690/2690 2688/2688
f 2758/2758 2695/2695 2697/2697
f 2760/2760 2697/2697 2628/2628
f 2826/2826 2699/2699 2701/2701
f 2766/2766 2765/2765 2636/2636
f 2703/2703 2766/2766 2636/2636
f 2657/2657 2656/2656 2720/2720
f 2715/2715 2651/2651 2650/2650
f 2715/2715 2650/2650 2714/2714
f 2660/2660 2659/2659 2723/2723
f 2713/2713 2649/2649 2648/2648
f 2713/2713 2648/2648 2712/2712
f 2729/2729 2663/2663 2727/2727
f 2730/2730 2728/2728 2664/2664
f 2730/2730 2664/2664 2666/2666
f 2668/2668 2731/2731 2666/2666
f 2795/2795 2669/2669 2667/2667
f 2734/2734 2732/2732 2670/2670
f 2734/2734 2670/2670 2672/2672
f 2736/2736 2734/2734 2672/2672
f 2736/2736 2672/2672 2673/2673
f 2675/2675 2736/2736 2673/2673
f 2740/2740 2738/2738 2675/2675
f 2740/2740 2675/2675 2677/2677
f 2746/2746 2744/2744 2681/2681
f 2753/2753 2688/2688 2751/2751
f 2692/2692 2755/2755 2689/2689
f 2760/2760 2758/2758 2697/2697
f 2762/2762 2824/2824 2699/2699
f 2720/2720 2656/2656 2719/2719
f 2724/2724 2660/2660 2723/2723
f 2716/2716 2652/2652 2651/2651
f 2716/2716 2651/2651 2715/2715
f 2723/2723 2659/2659 2658/2658
f 2723/2723 2658/2658 2722/2722
f 2726/2726 2662/2662 2661/2661
f 2726/2726 2661/2661 2725/2725
f 2713/2713 2714/2714 2649/2649
f 2728/2728 2712/2712 2648/2648
f 2729/2729 2597/2597 2665/2665
f 2793/2793 2597/2597 2729/2729
f 2731/2731 2730/2730 2666/2666
f 2671/2671 2669/2669 2797/2797
f 2738/2738 2736/2736 2675/2675
f 2741/2741 2678/2678 2676/2676
f 2741/2741 2676/2676 2739/2739
f 2679/2679 2740/2740 2677/2677
f 2744/2744 2679/2679 2681/2681
f 2749/2749 2686/2686 2684/2684
f 2749/2749 2684/2684 2747/2747
f 2754/2754 2690/2690 2753/2753
f 2755/2755 2752/2752 2689/2689
f 2757/2757 2693/2693 2754/2754
f 2759/2759 2693/2693 2756/2756
f 2822/2822 2760/2760 2628/2628
f 2824/2824 2822/2822 2628/2628
f 2839/2839 2774/2774 2646/2646
f 2839/2839 2646/2646 2711/2711
f 2727/2727 2663/2663 2726/2726
f 2742/2742 2740/2740 2679/2679
f 2745/2745 2743/2743 2741/2741
f 2744/2744 2742/2742 2679/2679
f 2756/2756 2754/2754 2753/2753
f 2756/2756 2757/2757 2754/2754
f 2828/2828 2827/2827 2702/2702
f 2828/2828 2702/2702 2765/2765
f 2832/2832 2704/2704 2705/2705
f 2793/2793 2729/2729 2727/2727
f 2793/2793 2665/2665 2729/2729
f 2729/2729 2665/2665 2793/2793
f 2796/2796 2730/2730 2731/2731
f 2798/2798 2796/2796 2731/2731
f 2732/2732 2798/2798 2731/2731
f 2747/2747 2745/2745 2809/2809
f 2748/2748 2746/2746 2685/2685
f 2839/2839 2775/2775 2711/2711
f 2768/2768 2703/2703 2704/2704
f 2727/2727 2726/2726 2790/2790
f 2712/2712 2728/2728 2792/2792
f 2796/2796 2794/2794 2730/2730
f 2803/2803 2739/2739 2737/2737
f 2812/2812 2810/2810 2746/2746
f 2812/2812 2746/2746 2748/2748
f 2750/2750 2812/2812 2748/2748
f 2816/2816 2752/2752 2755/2755
f 2826/2826 2824/2824 2699/2699
f 2767/2767 2766/2766 2703/2703
f 2768/2768 2767/2767 2703/2703
f 2831/2831 2768/2768 2704/2704
f 2896/2896 2832/2832 2705/2705
f 2787/2787 2723/2723 2722/2722
f 2787/2787 2722/2722 2786/2786
f 2779/2779 2715/2715 2714/2714
f 2779/2779 2714/2714 2778/2778
f 2784/2784 2720/2720 2783/2783
f 2777/2777 2713/2713 2712/2712
f 2799/2799 2798/2798 2732/2732
f 2799/2799 2732/2732 2734/2734
f 2800/2800 2799/2799 2734/2734
f 2800/2800 2734/2734 2736/2736
f 2800/2800 2736/2736 2738/2738
f 2803/2803 2737/2737 2801/2801
f 2802/2802 2800/2800 2738/2738
f 2804/2804 2802/2802 2738/2738
f 2804/2804 2738/2738 2740/2740
f 2804/2804 2740/2740 2742/2742
f 2806/2806 2804/2804 2742/2742
f 2813/2813 2747/2747 2811/2811
f 2813/2813 2749/2749 2747/2747
f 2814/2814 2812/2812 2750/2750
f 2814/2814 2750/2750 2752/2752
f 2817/2817 2753/2753 2751/2751
f 2817/2817 2751/2751 2815/2815
f 2814/2814 2752/2752 2816/2816
f 2818/2818 2816/2816 2755/2755
f 2820/2820 2755/2755 2758/2758
f 2822/2822 2820/2820 2758/2758
f 2822/2822 2758/2758 2760/2760
f 2829/2829 2828/2828 2765/2765
f 2839/2839 2838/2838 2774/2774
f 2831/2831 2767/2767 2768/2768
f 2832/2832 2831/2831 2704/2704
f 2778/2778 2714/2714 2777/2777
f 2776/2776 2712/2712 2792/2792
f 2811/2811 2747/2747 2809/2809
f 2814/2814 2812/2812 2748/2748
f 2814/2814 2748/2748 2812/2812
f 2820/2820 2818/2818 2755/2755
f 2772/2772 2836/2836 2771/2771
f 2829/2829 2765/2765 2766/2766
f 2830/2830 2766/2766 2767/2767
f 2856/2856 2792/2792 2728/2728
f 2859/2859 2795/2795 2793/2793
f 2830/2830 2829/2829 2766/2766
f 2830/2830 2767/2767 2831/2831
f 2855/2855 2791/2791 2790/2790
f 2855/2855 2790/2790 2854/2854
f 2859/2859 2793/2793 2857/2857
f 2868/2868 2800/2800 2802/2802
f 2804/2804 2868/2868 2802/2802
f 2808/2808 2874/2874 2806/2806
f 2815/2815 2813/2813 2879/2879
f 2816/2816 2880/2880 2814/2814
f 2891/2891 2827/2827 2828/2828
f 2839/2839 2901/2901 2838/2838
f 2849/2849 2785/2785 2784/2784
f 2849/2849 2784/2784 2848/2848
f 2852/2852 2788/2788 2787/2787
f 2842/2842 2778/2778 2777/2777
f 2843/2843 2779/2779 2778/2778
f 2787/2787 2786/2786 2850/2850
f 2840/2840 2776/2776 2792/2792
f 2840/2840 2792/2792 2856/2856
f 2796/2796 2858/2858 2794/2794
f 2866/2866 2864/2864 2799/2799
f 2866/2866 2799/2799 2800/2800
f 2869/2869 2803/2803 2801/2801
f 2870/2870 2868/2868 2804/2804
f 2872/2872 2870/2870 2804/2804
f 2872/2872 2804/2804 2806/2806
f 2872/2872 2806/2806 2874/2874
f 2875/2875 2809/2809 2807/2807
f 2875/2875 2807/2807 2873/2873
f 2877/2877 2811/2811 2809/2809
f 2877/2877 2809/2809 2875/2875
f 2879/2879 2813/2813 2877/2877
f 2881/2881 2815/2815 2879/2879
f 2885/2885 2819/2819 2817/2817
f 2951/2951 2763/2763 2825/2825
f 2951/2951 2902/2902 2839/2839
f 2951/2951 2839/2839 2825/2825
f 2829/2829 2891/2891 2828/2828
f 2893/2893 2829/2829 2830/2830
f 2842/2842 2777/2777 2841/2841
f 2843/2843 2778/2778 2842/2842
f 2873/2873 2871/2871 2869/2869
f 2882/2882 2880/2880 2816/2816
f 2818/2818 2882/2882 2816/2816
f 2892/2892 2891/2891 2829/2829
f 2894/2894 2893/2893 2830/2830
f 2895/2895 2831/2831 2832/2832
f 2919/2919 2856/2856 2792/2792
f 2919/2919 2856/2856 2792/2792
f 2921/2921 2919/2919 2792/2792
f 2921/2921 2792/2792 2794/2794
f 2875/2875 2873/2873 2871/2871
f 2884/2884 2882/2882 2818/2818
f 2884/2884 2818/2818 2886/2886
f 2950/2950 2822/2822 2824/2824
f 2962/2962 2901/2901 2839/2839
f 2956/2956 2894/2894 2830/2830
f 2896/2896 2895/2895 2832/2832
f 2860/2860 2858/2858 2862/2862
f 2924/2924 2863/2863 2861/2861
f 2865/2865 2863/2863 2924/2924
f 2937/2937 2876/2876 2878/2878
f 3009/3009 2888/2888 2822/2822
f 3011/3011 2950/2950 2824/2824
f 2889/2889 3011/3011 2824/2824
f 2955/2955 2893/2893 2894/2894
f 2905/2905 2842/2842 2904/2904
f 2850/2850 2849/2849 2913/2913
f 2917/2917 2854/2854 2853/2853
f 2917/2917 2853/2853 2916/2916
f 2904/2904 2841/2841 2840/2840
f 2904/2904 2840/2840 2903/2903
f 2903/2903 2840/2840 2856/2856
f 2926/2926 2865/2865 2924/2924
f 2926/2926 2867/2867 2865/2865
f 2928/2928 2867/2867 2926/2926
f 2930/2930 2869/2869 2867/2867
f 2930/2930 2867/2867 2928/2928
f 2929/2929 2927/2927 2866/2866
f 2929/2929 2866/2866 2868/2868
f 2938/2938 2875/2875 2936/2936
f 2938/2938 2877/2877 2875/2875
f 2938/2938 2879/2879 2877/2877
f 2940/2940 2879/2879 2938/2938
f 2951/2951 2825/2825 3012/3012
f 3014/3014 2953/2953 2827/2827
f 2891/2891 3014/3014 2827/2827
f 2962/2962 2961/2961 2901/2901
f 2895/2895 3018/3018 2831/2831
f 2918/2918 2855/2855 2854/2854
f 2918/2918 2854/2854 2917/2917
f 2982/2982 2859/2859 2857/2857
f 2982/2982 2857/2857 2920/2920
f 2923/2923 2860/2860 2862/2862
f 2929/2929 2925/2925 2866/2866
f 2929/2929 2866/2866 2927/2927
f 2933/2933 2931/2931 2870/2870
f 2933/2933 2870/2870 2872/2872
f 2934/2934 2936/2936 2932/2932
f 2947/2947 2945/2945 2886/2886
f 2950/2950 3011/3011 2889/2889
f 2954/2954 2891/2891 2892/2892
f 2955/2955 3016/3016 2893/2893
f 2919/2919 2979/2979 2856/2856
f 2925/2925 2923/2923 2862/2862
f 2925/2925 2862/2862 2864/2864
f 2988/2988 2928/2928 2926/2926
f 2947/2947 2886/2886 2888/2888
f 3018/3018 2830/2830 2831/2831
f 2903/2903 2856/2856 3043/3043
f 2919/2919 3043/3043 2856/2856
f 2939/2939 2997/2997 2937/2937
f 3009/3009 2947/2947 2888/2888
f 2894/2894 3017/3017 2955/2955
f 3019/3019 3018/3018 2895/2895
f 3019/3019 2895/2895 2896/2896
f 2912/2912 2911/2911 2971/2971
f 2905/2905 2904/2904 2964/2964
f 2985/2985 2923/2923 2925/2925
f 2987/2987 2925/2925 2929/2929
f 3007/3007 2945/2945 2947/2947
f 3015/3015 2891/2891 2954/2954
f 3024/3024 3023/3023 2960/2960
f 2971/2971 2911/2911 2910/2910
f 2971/2971 2910/2910 2970/2970
f 2973/2973 2914/2914 2913/2913
f 2965/2965 2905/2905 2964/2964
f 2966/2966 2906/2906 2905/2905
f 2966/2966 2905/2905 2965/2965
f 2975/2975 2915/2915 2914/2914
f 2975/2975 2914/2914 2974/2974
f 2976/2976 2916/2916 2915/2915
f 2976/2976 2915/2915 2975/2975
f 2978/2978 2855/2855 2918/2918
f 2919/2919 2856/2856 3043/3043
f 2984/2984 2923/2923 2985/2985
f 2987/2987 2985/2985 2925/2925
f 2989/2989 2987/2987 2929/2929
f 2989/2989 2929/2929 2931/2931
f 2994/2994 2934/2934 2932/2932
f 2994/2994 2932/2932 2992/2992
f 2998/2998 2936/2936 2996/2996
f 2999/2999 2997/2997 2939/2939
f 3001/3001 2999/2999 2939/2939
f 3001/3001 2939/2939 2941/2941
f 3002/3002 2940/2940 3000/3000
f 3007/3007 3005/3005 2945/2945
f 3016/3016 3015/3015 2954/2954
f 3018/3018 2956/2956 2830/2830
f 2980/2980 2920/2920 3044/3044
f 3045/3045 2919/2919 2921/2921
f 2995/2995 2935/2935 2997/2997
f 3079/3079 3014/3014 2953/2953
f 3081/3081 2894/2894 2956/2956
f 3082/3082 2956/2956 3018/3018
f 2964/2964 2963/2963 3027/3027
f 3009/3009 3007/3007 2947/2947
f 3015/3015 3014/3014 2891/2891
f 3081/3081 3017/3017 2894/2894
f 2966/2966 2965/2965 3029/3029
f 3027/3027 2903/2903 3043/3043
f 3047/3047 2983/2983 2984/2984
f 3050/3050 3048/3048 2984/2984
f 3050/3050 2984/2984 2985/2985
f 2996/2996 2994/2994 3059/3059
f 3068/3068 3001/3001 3003/3003
f 3074/3074 3007/3007 3009/3009
f 3010/3010 2949/2949 3075/3075
f 3011/3011 3074/3074 3009/3009
f 3082/3082 3081/3081 2956/2956
f 3019/3019 3082/3082 3018/3018
f 3031/3031 2967/2967 2966/2966
f 3031/3031 2966/2966 3030/3030
f 3040/3040 2977/2977 2976/2976
f 3045/3045 2981/2981 2983/2983
f 3047/3047 3045/3045 2983/2983
f 3055/3055 2988/2988 3053/3053
f 3063/3063 2998/2998 2996/2996
f 3065/3065 3000/3000 2998/2998
f 3066/3066 3064/3064 2999/2999
f 3066/3066 2999/2999 3001/3001
f 3068/3068 3066/3066 3001/3001
f 3068/3068 3003/3003 3005/3005
f 3070/3070 3068/3068 3005/3005
f 3069/3069 3006/3006 3004/3004
f 3076/3076 3074/3074 3011/3011
f 3144/3144 3014/3014 3015/3015
f 2973/2973 3037/3037 3036/3036
f 3042/3042 2978/2978 3041/3041
f 3071/3071 3006/3006 3069/3069
f 3071/3071 3008/3008 3006/3006
f 3073/3073 3008/3008 3071/3071
f 3091/3091 3150/3150 2962/2962
f 3080/3080 2955/2955 3017/3017
f 3037/3037 2973/2973 3036/3036
f 3108/3108 2979/2979 2919/2919
f 3045/3045 3108/3108 2919/2919
f 3048/3048 3045/3045 3047/3047
f 3065/3065 2998/2998 3063/3063
f 3151/3151 3150/3150 3091/3091
f 3143/3143 3079/3079 2953/2953
f 3014/3014 3143/3143 2953/2953
f 3016/3016 3144/3144 3015/3015
f 3083/3083 3082/3082 3019/3019
f 3114/3114 3051/3051 3049/3049
f 3115/3115 3048/3048 3050/3050
f 3116/3116 3051/3051 3114/3114
f 3119/3119 3052/3052 3054/3054
f 3121/3121 3056/3056 3058/3058
f 3066/3066 3129/3129 3064/3064
f 3071/3071 3069/3069 3134/3134
f 3137/3137 3073/3073 3071/3071
f 3137/3137 3075/3075 3073/3073
f 3141/3141 3012/3012 3077/3077
f 3079/3079 3143/3143 3014/3014
f 3204/3204 3143/3143 3014/3014
f 3205/3205 3204/3204 3014/3014
f 3144/3144 3205/3205 3014/3014
f 3096/3096 3031/3031 3030/3030
f 3101/3101 3037/3037 3036/3036
f 3102/3102 3103/3103 3037/3037
f 3105/3105 3040/3040 3039/3039
f 3105/3105 3039/3039 3104/3104
f 3094/3094 3029/3029 3028/3028
f 3094/3094 3028/3028 3093/3093
f 3108/3108 3027/3027 3043/3043
f 3113/3113 3048/3048 3115/3115
f 3120/3120 3055/3055 3053/3053
f 3120/3120 3053/3053 3118/3118
f 3119/3119 3117/3117 3052/3052
f 3121/3121 3119/3119 3054/3054
f 3121/3121 3054/3054 3056/3056
f 3123/3123 3121/3121 3058/3058
f 3125/3125 3123/3123 3058/3058
f 3125/3125 3058/3058 3060/3060
f 3069/3069 3067/3067 3132/3132
f 3070/3070 3133/3133 3068/3068
f 3136/3136 3135/3135 3070/3070
f 3080/3080 3144/3144 3016/3016
f 3082/3082 3145/3145 3081/3081
f 3108/3108 3092/3092 3027/3027
f 3170/3170 3108/3108 3045/3045
f 3110/3110 3170/3170 3045/3045
f 3114/3114 3049/3049 3046/3046
f 3118/3118 3051/3051 3116/3116
f 3117/3117 3050/3050 3052/3052
f 3131/3131 3129/3129 3066/3066
f 3132/3132 3067/3067 3130/3130
f 3195/3195 3069/3069 3132/3132
f 3135/3135 3133/3133 3070/3070
f 3137/3137 3071/3071 3134/3134
f 3209/3209 3083/3083 3084/3084
f 3169/3169 3044/3044 3109/3109
f 3108/3108 3168/3168 2979/2979
f 3150/3150 3215/3215 3090/3090
f 3208/3208 3145/3145 3082/3082
f 3167/3167 3107/3107 3106/3106
f 3175/3175 3114/3114 3046/3046
f 3175/3175 3116/3116 3114/3114
f 3199/3199 3137/3137 3134/3134
f 3198/3198 3135/3135 3136/3136
f 3201/3201 3075/3075 3137/3137
f 3216/3216 3150/3150 3151/3151
f 3207/3207 3080/3080 3017/3017
f 3145/3145 3207/3207 3017/3017
f 3145/3145 3017/3017 3081/3081
f 3209/3209 3082/3082 3083/3083
f 3158/3158 3099/3099 3098/3098
f 3158/3158 3159/3159 3099/3099
f 3160/3160 3099/3099 3159/3159
f 3100/3100 3099/3099 3160/3160
f 3093/3093 3153/3153 3094/3094
f 3173/3173 3046/3046 3171/3171
f 3175/3175 3046/3046 3173/3173
f 3118/3118 3116/3116 3177/3177
f 3119/3119 3178/3178 3117/3117
f 3124/3124 3122/3122 3120/3120
f 3186/3186 3123/3123 3125/3125
f 3190/3190 3127/3127 3129/3129
f 3192/3192 3131/3131 3133/3133
f 3135/3135 3194/3194 3133/3133
f 3199/3199 3134/3134 3197/3197
f 3200/3200 3198/3198 3136/3136
f 3216/3216 3215/3215 3150/3150
f 3206/3206 3144/3144 3080/3080
f 3206/3206 3080/3080 3207/3207
f 3209/3209 3208/3208 3082/3082
f 3163/3163 3103/3103 3102/3102
f 3163/3163 3102/3102 3162/3162
f 3154/3154 3094/3094 3153/3153
f 3161/3161 3100/3100 3160/3160
f 3161/3161 3101/3101 3100/3100
f 3162/3162 3102/3102 3101/3101
f 3164/3164 3104/3104 3103/3103
f 3164/3164 3103/3103 3163/3163
f 3166/3166 3106/3106 3105/3105
f 3166/3166 3105/3105 3165/3165
f 3167/3167 3106/3106 3166/3166
f 3168/3168 3152/3152 3092/3092
f 3168/3168 3092/3092 3108/3108
f 3171/3171 3109/3109 3169/3169
f 3172/3172 3170/3170 3110/3110
f 3172/3172 3110/3110 3112/3112
f 3174/3174 3172/3172 3112/3112
f 3174/3174 3112/3112 3113/3113
f 3175/3175 3177/3177 3116/3116
f 3179/3179 3118/3118 3177/3177
f 3183/3183 3120/3120 3181/3181
f 3183/3183 3124/3124 3120/3120
f 3185/3185 3124/3124 3183/3183
f 3188/3188 3186/3186 3125/3125
f 3188/3188 3125/3125 3127/3127
f 3192/3192 3190/3190 3129/3129
f 3192/3192 3129/3129 3131/3131
f 3196/3196 3133/3133 3194/3194
f 3197/3197 3134/3134 3069/3069
f 3197/3197 3069/3069 3195/3195
f 3198/3198 3196/3196 3135/3135
f 3153/3153 3092/3092 3152/3152
f 3181/3181 3120/3120 3118/3118
f 3181/3181 3118/3118 3179/3179
f 3180/3180 3178/3178 3119/3119
f 3194/3194 3131/3131 3192/3192
f 3194/3194 3192/3192 3133/3133
f 3193/3193 3195/3195 3132/3132
f 3194/3194 3133/3133 3196/3196
f 3267/3267 3265/3265 3140/3140
f 3267/3267 3140/3140 3142/3142
f 3144/3144 3269/3269 3205/3205
f 3233/3233 3108/3108 3168/3168
f 3193/3193 3130/3130 3191/3191
f 3194/3194 3192/3192 3131/3131
f 3262/3262 3137/3137 3199/3199
f 3201/3201 3137/3137 3262/3262
f 3266/3266 3141/3141 3203/3203
f 3203/3203 3281/3281 3216/3216
f 3268/3268 3204/3204 3143/3143
f 3204/3204 3268/3268 3143/3143
f 3206/3206 3269/3269 3144/3144
f 3218/3218 3153/3153 3152/3152
f 3218/3218 3152/3152 3217/3217
f 3232/3232 3167/3167 3166/3166
f 3244/3244 3178/3178 3180/3180
f 3249/3249 3185/3185 3183/3183
f 3186/3186 3248/3248 3184/3184
f 3193/3193 3191/3191 3255/3255
f 3258/3258 3192/3192 3194/3194
f 3260/3260 3194/3194 3196/3196
f 3327/3327 3199/3199 3197/3197
f 3266/3266 3281/3281 3203/3203
f 3269/3269 3268/3268 3204/3204
f 3269/3269 3204/3204 3205/3205
f 3270/3270 3269/3269 3206/3206
f 3207/3207 3270/3270 3206/3206
f 3145/3145 3271/3271 3207/3207
f 3271/3271 3145/3145 3208/3208
f 3272/3272 3271/3271 3208/3208
f 3273/3273 3272/3272 3208/3208
f 3273/3273 3208/3208 3209/3209
f 3225/3225 3160/3160 3159/3159
f 3225/3225 3159/3159 3224/3224
f 3220/3220 3155/3155 3154/3154
f 3220/3220 3154/3154 3219/3219
f 3221/3221 3156/3156 3155/3155
f 3221/3221 3155/3155 3220/3220
f 3222/3222 3156/3156 3221/3221
f 3227/3227 3162/3162 3226/3226
f 3229/3229 3164/3164 3163/3163
f 3229/3229 3163/3163 3228/3228
f 3230/3230 3164/3164 3229/3229
f 3165/3165 3164/3164 3230/3230
f 3231/3231 3166/3166 3165/3165
f 3231/3231 3165/3165 3230/3230
f 3232/3232 3166/3166 3231/3231
f 3168/3168 3217/3217 3152/3152
f 3240/3240 3174/3174 3176/3176
f 3245/3245 3181/3181 3179/3179
f 3245/3245 3179/3179 3243/3243
f 3247/3247 3181/3181 3245/3245
f 3246/3246 3244/3244 3180/3180
f 3246/3246 3180/3180 3182/3182
f 3249/3249 3183/3183 3247/3247
f 3250/3250 3248/3248 3186/3186
f 3253/3253 3189/3189 3187/3187
f 3253/3253 3187/3187 3251/3251
f 3254/3254 3188/3188 3190/3190
f 3256/3256 3254/3254 3190/3190
f 3256/3256 3190/3190 3192/3192
f 3257/3257 3193/3193 3255/3255
f 3258/3258 3256/3256 3192/3192
f 3259/3259 3193/3193 3257/3257
f 3259/3259 3195/3195 3193/3193
f 3260/3260 3258/3258 3194/3194
f 3261/3261 3260/3260 3196/3196
f 3200/3200 3261/3261 3198/3198
f 3202/3202 3263/3263 3200/3200
f 3271/3271 3270/3270 3207/3207
f 3234/3234 3167/3167 3232/3232
f 3175/3175 3173/3173 3236/3236
f 3188/3188 3250/3250 3186/3186
f 3254/3254 3252/3252 3188/3188
f 3197/3197 3195/3195 3259/3259
f 3328/3328 3261/3261 3200/3200
f 3263/3263 3328/3328 3200/3200
f 3330/3330 3263/3263 3202/3202
f 3265/3265 3330/3330 3202/3202
f 3337/3337 3271/3271 3272/3272
f 3277/3277 3276/3276 3212/3212
f 3299/3299 3234/3234 3232/3232
f 3303/3303 3238/3238 3174/3174
f 3303/3303 3174/3174 3240/3240
f 3252/3252 3250/3250 3188/3188
f 3400/3400 3337/3337 3272/3272
f 3273/3273 3400/3400 3272/3272
f 3252/3252 3315/3315 3250/3250
f 3325/3325 3197/3197 3259/3259
f 3327/3327 3197/3197 3325/3325
f 3262/3262 3199/3199 3327/3327
f 3329/3329 3201/3201 3262/3262
f 3334/3334 3268/3268 3269/3269
f 3334/3334 3269/3269 3270/3270
f 3336/3336 3270/3270 3271/3271
f 3401/3401 3400/3400 3273/3273
f 3286/3286 3221/3221 3220/3220
f 3286/3286 3220/3220 3285/3285
f 3287/3287 3222/3222 3221/3221
f 3287/3287 3221/3221 3286/3286
f 3292/3292 3227/3227 3226/3226
f 3292/3292 3226/3226 3291/3291
f 3294/3294 3228/3228 3293/3293
f 3296/3296 3231/3231 3230/3230
f 3296/3296 3230/3230 3295/3295
f 3219/3219 3218/3218 3283/3283
f 3282/3282 3217/3217 3233/3233
f 3301/3301 3171/3171 3299/3299
f 3303/3303 3302/3302 3238/3238
f 3306/3306 3241/3241 3369/3369
f 3305/3305 3303/3303 3240/3240
f 3307/3307 3240/3240 3242/3242
f 3310/3310 3245/3245 3243/3243
f 3314/3314 3249/3249 3247/3247
f 3314/3314 3247/3247 3312/3312
f 3313/3313 3248/3248 3250/3250
f 3316/3316 3251/3251 3249/3249
f 3316/3316 3249/3249 3314/3314
f 3315/3315 3313/3313 3250/3250
f 3334/3334 3333/3333 3268/3268
f 3342/3342 3341/3341 3277/3277
f 3280/3280 3407/3407 3215/3215
f 3339/3339 3338/3338 3273/3273
f 3297/3297 3232/3232 3296/3296
f 3306/3306 3243/3243 3241/3241
f 3305/3305 3240/3240 3307/3307
f 3319/3319 3317/3317 3252/3252
f 3319/3319 3252/3252 3254/3254
f 3391/3391 3326/3326 3261/3261
f 3328/3328 3391/3391 3261/3261
f 3266/3266 3203/3203 3395/3395
f 3332/3332 3265/3265 3267/3267
f 3345/3345 3407/3407 3215/3215
f 3338/3338 3401/3401 3273/3273
f 3302/3302 3300/3300 3235/3235
f 3372/3372 3303/3303 3305/3305
f 3374/3374 3305/3305 3307/3307
f 3392/3392 3328/3328 3263/3263
f 3394/3394 3392/3392 3263/3263
f 3394/3394 3263/3263 3330/3330
f 3265/3265 3394/3394 3330/3330
f 3395/3395 3266/3266 3331/3331
f 3333/3333 3397/3397 3268/3268
f 3374/3374 3307/3307 3309/3309
f 3376/3376 3309/3309 3311/3311
f 3390/3390 3324/3324 3326/3326
f 3329/3329 3262/3262 3327/3327
f 3332/3332 3394/3394 3265/3265
f 3334/3334 3397/3397 3333/3333
f 3337/3337 3399/3399 3271/3271
f 3351/3351 3287/3287 3286/3286
f 3289/3289 3288/3288 3352/3352
f 3355/3355 3292/3292 3291/3291
f 3356/3356 3292/3292 3355/3355
f 3357/3357 3293/3293 3292/3292
f 3357/3357 3292/3292 3356/3356
f 3358/3358 3294/3294 3293/3293
f 3358/3358 3293/3293 3357/3357
f 3348/3348 3284/3284 3347/3347
f 3354/3354 3290/3290 3289/3289
f 3354/3354 3289/3289 3353/3353
f 3354/3354 3291/3291 3290/3290
f 3359/3359 3295/3295 3294/3294
f 3359/3359 3294/3294 3358/3358
f 3297/3297 3296/3296 3360/3360
f 3364/3364 3298/3298 3300/3300
f 3366/3366 3300/3300 3302/3302
f 3365/3365 3304/3304 3236/3236
f 3368/3368 3303/3303 3370/3370
f 3370/3370 3303/3303 3372/3372
f 3372/3372 3305/3305 3374/3374
f 3375/3375 3310/3310 3308/3308
f 3375/3375 3308/3308 3373/3373
f 3376/3376 3374/3374 3309/3309
f 3377/3377 3310/3310 3375/3375
f 3377/3377 3312/3312 3310/3310
f 3380/3380 3313/3313 3315/3315
f 3381/3381 3316/3316 3314/3314
f 3381/3381 3314/3314 3379/3379
f 3382/3382 3380/3380 3315/3315
f 3382/3382 3315/3315 3317/3317
f 3320/3320 3318/3318 3383/3383
f 3390/3390 3388/3388 3323/3323
f 3390/3390 3323/3323 3324/3324
f 3336/3336 3335/3335 3270/3270
f 3353/3353 3289/3289 3352/3352
f 3355/3355 3291/3291 3354/3354
f 3359/3359 3360/3360 3295/3295
f 3363/3363 3299/3299 3297/3297
f 3363/3363 3297/3297 3361/3361
f 3366/3366 3364/3364 3300/3300
f 3369/3369 3304/3304 3365/3365
f 3371/3371 3306/3306 3369/3369
f 3373/3373 3306/3306 3371/3371
f 3378/3378 3376/3376 3311/3311
f 3378/3378 3311/3311 3313/3313
f 3384/3384 3382/3382 3317/3317
f 3384/3384 3317/3317 3319/3319
f 3396/3396 3394/3394 3332/3332
f 3398/3398 3335/3335 3336/3336
f 3364/3364 3362/3362 3298/3298
f 3367/3367 3369/3369 3365/3365
f 3386/3386 3384/3384 3319/3319
f 3465/3465 3401/3401 3338/3338
f 3346/3346 3362/3362 3425/3425
f 3428/3428 3364/3364 3366/3366
f 3431/3431 3369/3369 3367/3367
f 3431/3431 3371/3371 3369/3369
f 3453/3453 3390/3390 3326/3326
f 3391/3391 3453/3453 3326/3326
f 3461/3461 3334/3334 3270/3270
f 3335/3335 3461/3461 3270/3270
f 3398/3398 3461/3461 3335/3335
f 3399/3399 3398/3398 3336/3336
f 3401/3401 3464/3464 3400/3400
f 3423/3423 3360/3360 3359/3359
f 3410/3410 3347/3347 3346/3346
f 3410/3410 3346/3346 3409/3409
f 3430/3430 3428/3428 3366/3366
f 3430/3430 3366/3366 3368/3368
f 3437/3437 3374/3374 3376/3376
f 3437/3437 3376/3376 3378/3378
f 3439/3439 3437/3437 3378/3378
f 3447/3447 3384/3384 3386/3386
f 3395/3395 3331/3331 3458/3458
f 3521/3521 3534/3534 3408/3408
f 3521/3521 3408/3408 3331/3331
f 3460/3460 3397/3397 3334/3334
f 3465/3465 3464/3464 3401/3401
f 3467/3467 3403/3403 3404/3404
f 3416/3416 3353/3353 3352/3352
f 3416/3416 3352/3352 3415/3415
f 3418/3418 3355/3355 3354/3354
f 3418/3418 3354/3354 3417/3417
f 3413/3413 3351/3351 3350/3350
f 3414/3414 3351/3351 3413/3413
f 3417/3417 3354/3354 3353/3353
f 3417/3417 3353/3353 3416/3416
f 3421/3421 3358/3358 3357/3357
f 3421/3421 3357/3357 3420/3420
f 3423/3423 3359/3359 3422/3422
f 3411/3411 3348/3348 3347/3347
f 3411/3411 3347/3347 3410/3410
f 3424/3424 3360/3360 3423/3423
f 3427/3427 3362/3362 3364/3364
f 3428/3428 3427/3427 3364/3364
f 3431/3431 3373/3373 3371/3371
f 3433/3433 3372/3372 3374/3374
f 3435/3435 3433/3433 3374/3374
f 3436/3436 3375/3375 3373/3373
f 3436/3436 3373/3373 3434/3434
f 3436/3436 3377/3377 3375/3375
f 3437/3437 3435/3435 3374/3374
f 3440/3440 3379/3379 3377/3377
f 3441/3441 3378/3378 3380/3380
f 3447/3447 3445/3445 3384/3384
f 3447/3447 3386/3386 3388/3388
f 3457/3457 3520/3520 3394/3394
f 3396/3396 3520/3520 3394/3394
f 3462/3462 3398/3398 3399/3399
f 3463/3463 3462/3462 3399/3399
f 3464/3464 3463/3463 3400/3400
f 3427/3427 3489/3489 3362/3362
f 3429/3429 3367/3367 3492/3492
f 3431/3431 3367/3367 3429/3429
f 3434/3434 3373/3373 3431/3431
f 3438/3438 3377/3377 3436/3436
f 3440/3440 3377/3377 3438/3438
f 3378/3378 3503/3503 3439/3439
f 3449/3449 3447/3447 3388/3388
f 3456/3456 3329/3329 3454/3454
f 3520/3520 3457/3457 3394/3394
f 3521/3521 3266/3266 3395/3395
f 3521/3521 3395/3395 3458/3458
f 3521/3521 3395/3395 3458/3458
f 3461/3461 3524/3524 3334/3334
f 3474/3474 3410/3410 3409/3409
f 3424/3424 3423/3423 3487/3487
f 3490/3490 3363/3363 3424/3424
f 3490/3490 3363/3363 3426/3426
f 3430/3430 3427/3427 3428/3428
f 3438/3438 3436/3436 3434/3434
f 3441/3441 3503/3503 3378/3378
f 3523/3523 3396/3396 3397/3397
f 3460/3460 3523/3523 3397/3397
f 3418/3418 3417/3417 3481/3481
f 3474/3474 3409/3409 3473/3473
f 3440/3440 3438/3438 3434/3434
f 3513/3513 3447/3447 3449/3449
f 3451/3451 3513/3513 3449/3449
f 3517/3517 3454/3454 3452/3452
f 3457/3457 3520/3520 3394/3394
f 3464/3464 3526/3526 3463/3463
f 3591/3591 3466/3466 3467/3467
f 3480/3480 3416/3416 3415/3415
f 3480/3480 3415/3415 3479/3479
f 3482/3482 3418/3418 3481/3481
f 3483/3483 3419/3419 3418/3418
f 3483/3483 3418/3418 3482/3482
f 3479/3479 3415/3415 3414/3414
f 3479/3479 3414/3414 3478/3478
f 3484/3484 3420/3420 3419/3419
f 3484/3484 3419/3419 3483/3483
f 3486/3486 3422/3422 3421/3421
f 3486/3486 3421/3421 3485/3485
f 3487/3487 3423/3423 3422/3422
f 3487/3487 3422/3422 3486/3486
f 3488/3488 3424/3424 3487/3487
f 3490/3490 3424/3424 3488/3488
f 3494/3494 3427/3427 3430/3430
f 3503/3503 3501/3501 3437/3437
f 3503/3503 3437/3437 3439/3439
f 3505/3505 3503/3503 3441/3441
f 3511/3511 3445/3445 3447/3447
f 3513/3513 3511/3511 3447/3447
f 3516/3516 3515/3515 3451/3451
f 3516/3516 3451/3451 3453/3453
f 3520/3520 3457/3457 3394/3394
f 3522/3522 3520/3520 3396/3396
f 3523/3523 3522/3522 3396/3396
f 3525/3525 3461/3461 3398/3398
f 3462/3462 3525/3525 3398/3398
f 3590/3590 3526/3526 3464/3464
f 3647/3647 3464/3464 3465/3465
f 3527/3527 3647/3647 3465/3465
f 3551/3551 3489/3489 3425/3425
f 3552/3552 3426/3426 3490/3490
f 3490/3490 3426/3426 3552/3552
f 3553/3553 3489/3489 3427/3427
f 3493/3493 3427/3427 3494/3494
f 3498/3498 3434/3434 3431/3431
f 3500/3500 3440/3440 3434/3434
f 3504/3504 3440/3440 3500/3500
f 3511/3511 3509/3509 3445/3445
f 3517/3517 3514/3514 3579/3579
f 3525/3525 3524/3524 3461/3461
f 3559/3559 3429/3429 3495/3495
f 3559/3559 3431/3431 3429/3429
f 3498/3498 3431/3431 3559/3559
f 3502/3502 3500/3500 3434/3434
f 3502/3502 3434/3434 3498/3498
f 3568/3568 3503/3503 3505/3505
f 3454/3454 3517/3517 3581/3581
f 3584/3584 3520/3520 3457/3457
f 3520/3520 3584/3584 3457/3457
f 3524/3524 3460/3460 3334/3334
f 3525/3525 3588/3588 3524/3524
f 3647/3647 3590/3590 3464/3464
f 3595/3595 3594/3594 3471/3471
f 3544/3544 3482/3482 3481/3481
f 3545/3545 3483/3483 3482/3482
f 3549/3549 3487/3487 3486/3486
f 3550/3550 3488/3488 3487/3487
f 3491/3491 3553/3553 3427/3427
f 3501/3501 3497/3497 3499/3499
f 3504/3504 3500/3500 3502/3502
f 3572/3572 3507/3507 3509/3509
f 3576/3576 3513/3513 3511/3511
f 3576/3576 3511/3511 3513/3513
f 3578/3578 3576/3576 3513/3513
f 3581/3581 3517/3517 3579/3579
f 3583/3583 3454/3454 3581/3581
f 3585/3585 3521/3521 3458/3458
f 3472/3472 3595/3595 3407/3407
f 3524/3524 3523/3523 3460/3460
f 3588/3588 3587/3587 3524/3524
f 3589/3589 3462/3462 3463/3463
f 3526/3526 3589/3589 3463/3463
f 3538/3538 3476/3476 3475/3475
f 3538/3538 3475/3475 3537/3537
f 3541/3541 3479/3479 3478/3478
f 3542/3542 3480/3480 3479/3479
f 3542/3542 3479/3479 3541/3541
f 3544/3544 3481/3481 3543/3543
f 3544/3544 3545/3545 3482/3482
f 3486/3486 3485/3485 3547/3547
f 3549/3549 3486/3486 3548/3548
f 3614/3614 3490/3490 3488/3488
f 3553/3553 3551/3551 3489/3489
f 3616/3616 3492/3492 3490/3490
f 3620/3620 3559/3559 3495/3495
f 3563/3563 3502/3502 3498/3498
f 3564/3564 3497/3497 3501/3501
f 3564/3564 3501/3501 3503/3503
f 3566/3566 3564/3564 3503/3503
f 3568/3568 3566/3566 3503/3503
f 3570/3570 3568/3568 3505/3505
f 3574/3574 3509/3509 3511/3511
f 3586/3586 3584/3584 3522/3522
f 3586/3586 3522/3522 3523/3523
f 3589/3589 3525/3525 3462/3462
f 3536/3536 3474/3474 3473/3473
f 3536/3536 3473/3473 3535/3535
f 3614/3614 3488/3488 3550/3550
f 3555/3555 3491/3491 3493/3493
f 3557/3557 3620/3620 3495/3495
f 3561/3561 3498/3498 3559/3559
f 3563/3563 3498/3498 3561/3561
f 3564/3564 3562/3562 3497/3497
f 3565/3565 3504/3504 3502/3502
f 3576/3576 3511/3511 3513/3513
f 3580/3580 3578/3578 3515/3515
f 3580/3580 3515/3515 3516/3516
f 3585/3585 3521/3521 3458/3458
f 3587/3587 3643/3643 3524/3524
f 3645/3645 3589/3589 3526/3526
f 3566/3566 3562/3562 3564/3564
f 3633/3633 3574/3574 3511/3511
f 3633/3633 3511/3511 3576/3576
f 3655/3655 3595/3595 3472/3472
f 3585/3585 3596/3596 3534/3534
f 3585/3585 3534/3534 3521/3521
f 3524/3524 3587/3587 3523/3523
f 3589/3589 3644/3644 3525/3525
f 3648/3648 3527/3527 3465/3465
f 3466/3466 3648/3648 3465/3465
f 3599/3599 3537/3537 3536/3536
f 3617/3617 3553/3553 3491/3491
f 3617/3617 3491/3491 3555/3555
f 3565/3565 3563/3563 3561/3561
f 3564/3564 3562/3562 3566/3566
f 3568/3568 3564/3564 3566/3566
f 3629/3629 3570/3570 3507/3507
f 3572/3572 3629/3629 3507/3507
f 3637/3637 3581/3581 3579/3579
f 3637/3637 3579/3579 3635/3635
f 3637/3637 3583/3583 3581/3581
f 3643/3643 3587/3587 3524/3524
f 3644/3644 3588/3588 3525/3525
f 3590/3590 3646/3646 3526/3526
f 3601/3601 3539/3539 3538/3538
f 3603/3603 3541/3541 3540/3540
f 3603/3603 3540/3540 3602/3602
f 3603/3603 3542/3542 3541/3541
f 3605/3605 3543/3543 3542/3542
f 3605/3605 3542/3542 3604/3604
f 3605/3605 3544/3544 3543/3543
f 3608/3608 3546/3546 3545/3545
f 3608/3608 3545/3545 3607/3607
f 3609/3609 3547/3547 3546/3546
f 3609/3609 3546/3546 3608/3608
f 3610/3610 3548/3548 3547/3547
f 3610/3610 3547/3547 3609/3609
f 3597/3597 3535/3535 3551/3551
f 3614/3614 3490/3490 3552/3552
f 3556/3556 3619/3619 3555/3555
f 3628/3628 3568/3568 3570/3570
f 3629/3629 3628/3628 3570/3570
f 3633/3633 3576/3576 3578/3578
f 3642/3642 3584/3584 3586/3586
f 3642/3642 3586/3586 3523/3523
f 3586/3586 3642/3642 3523/3523
f 3644/3644 3587/3587 3588/3588
f 3646/3646 3645/3645 3526/3526
f 3648/3648 3647/3647 3527/3527
f 3601/3601 3538/3538 3600/3600
f 3604/3604 3542/3542 3603/3603
f 3611/3611 3549/3549 3610/3610
f 3597/3597 3551/3551 3613/3613
f 3614/3614 3490/3490 3552/3552
f 3619/3619 3617/3617 3555/3555
f 3621/3621 3556/3556 3558/3558
f 3679/3679 3559/3559 3622/3622
f 3684/3684 3562/3562 3564/3564
f 3626/3626 3564/3564 3568/3568
f 3633/3633 3631/3631 3574/3574
f 3634/3634 3633/3633 3578/3578
f 3584/3584 3638/3638 3582/3582
f 3644/3644 3643/3643 3587/3587
f 3645/3645 3644/3644 3589/3589
f 3613/3613 3672/3672 3551/3551
f 3556/3556 3617/3617 3619/3619
f 3679/3679 3561/3561 3559/3559
f 3624/3624 3561/3561 3679/3679
f 3625/3625 3623/3623 3562/3562
f 3625/3625 3562/3562 3684/3684
f 3626/3626 3684/3684 3564/3564
f 3628/3628 3626/3626 3568/3568
f 3641/3641 3585/3585 3702/3702
f 3595/3595 3716/3716 3594/3594
f 3641/3641 3596/3596 3585/3585
f 3704/3704 3643/3643 3644/3644
f 3709/3709 3648/3648 3466/3466
f 3710/3710 3709/3709 3466/3466
f 3672/3672 3613/3613 3551/3551
f 3621/3621 3617/3617 3556/3556
f 3692/3692 3629/3629 3572/3572
f 3692/3692 3572/3572 3631/3631
f 3701/3701 3638/3638 3584/3584
f 3640/3640 3701/3701 3584/3584
f 3702/3702 3641/3641 3585/3585
f 3642/3642 3701/3701 3584/3584
f 3707/3707 3646/3646 3590/3590
f 3647/3647 3707/3707 3590/3590
f 3610/3610 3609/3609 3669/3669
f 3670/3670 3610/3610 3669/3669
f 3657/3657 3598/3598 3597/3597
f 3611/3611 3610/3610 3670/3670
f 3656/3656 3597/3597 3613/3613
f 3614/3614 3612/3612 3671/3671
f 3739/3739 3615/3615 3617/3617
f 3680/3680 3623/3623 3625/3625
f 3626/3626 3686/3686 3684/3684
f 3629/3629 3626/3626 3628/3628
f 3694/3694 3692/3692 3631/3631
f 3716/3716 3715/3715 3654/3654
f 3709/3709 3708/3708 3647/3647
f 3709/3709 3647/3647 3648/3648
f 3659/3659 3600/3600 3599/3599
f 3659/3659 3599/3599 3658/3658
f 3662/3662 3603/3603 3602/3602
f 3662/3662 3602/3602 3661/3661
f 3664/3664 3605/3605 3604/3604
f 3664/3664 3604/3604 3663/3663
f 3665/3665 3606/3606 3605/3605
f 3665/3665 3605/3605 3664/3664
f 3668/3668 3609/3609 3608/3608
f 3669/3669 3609/3609 3668/3668
f 3657/3657 3597/3597 3656/3656
f 3658/3658 3599/3599 3598/3598
f 3658/3658 3598/3598 3657/3657
f 3671/3671 3611/3611 3670/3670
f 3676/3676 3739/3739 3617/3617
f 3676/3676 3617/3617 3621/3621
f 3678/3678 3676/3676 3621/3621
f 3686/3686 3626/3626 3629/3629
f 3689/3689 3686/3686 3629/3629
f 3692/3692 3689/3689 3629/3629
f 3698/3698 3696/3696 3636/3636
f 3758/3758 3637/3637 3635/3635
f 3758/3758 3635/3635 3697/3697
f 3699/3699 3698/3698 3636/3636
f 3703/3703 3701/3701 3642/3642
f 3763/3763 3703/3703 3642/3642
f 3704/3704 3642/3642 3643/3643
f 3705/3705 3644/3644 3645/3645
f 3706/3706 3645/3645 3646/3646
f 3708/3708 3707/3707 3647/3647
f 3656/3656 3613/3613 3672/3672
f 3672/3672 3733/3733 3613/3613
f 3682/3682 3680/3680 3625/3625
f 3691/3691 3690/3690 3688/3688
f 3701/3701 3759/3759 3638/3638
f 3776/3776 3715/3715 3716/3716
f 3704/3704 3764/3764 3643/3643
f 3705/3705 3704/3704 3644/3644
f 3706/3706 3705/3705 3645/3645
f 3707/3707 3706/3706 3646/3646
f 3717/3717 3656/3656 3672/3672
f 3739/3739 3737/3737 3615/3615
f 3743/3743 3741/3741 3678/3678
f 3743/3743 3678/3678 3680/3680
f 3748/3748 3686/3686 3689/3689
f 3751/3751 3689/3689 3692/3692
f 3755/3755 3692/3692 3694/3694
f 3757/3757 3696/3696 3698/3698
f 3699/3699 3757/3757 3698/3698
f 3765/3765 3764/3764 3705/3705
f 3706/3706 3765/3765 3705/3705
f 3673/3673 3671/3671 3732/3732
f 3733/3733 3672/3672 3613/3613
f 3734/3734 3614/3614 3673/3673
f 3682/3682 3743/3743 3680/3680
f 3751/3751 3748/3748 3689/3689
f 3751/3751 3692/3692 3755/3755
f 3705/3705 3764/3764 3704/3704
f 3708/3708 3767/3767 3707/3707
f 3720/3720 3660/3660 3659/3659
f 3721/3721 3660/3660 3720/3720
f 3721/3721 3661/3661 3660/3660
f 3722/3722 3661/3661 3721/3721
f 3725/3725 3664/3664 3663/3663
f 3725/3725 3665/3665 3664/3664
f 3726/3726 3666/3666 3665/3665
f 3727/3727 3666/3666 3726/3726
f 3728/3728 3667/3667 3666/3666
f 3728/3728 3666/3666 3727/3727
f 3730/3730 3669/3669 3668/3668
f 3730/3730 3668/3668 3729/3729
f 3734/3734 3673/3673 3732/3732
f 3744/3744 3743/3743 3682/3682
f 3748/3748 3746/3746 3686/3686
f 3750/3750 3691/3691 3688/3688
f 3755/3755 3694/3694 3696/3696
f 3820/3820 3697/3697 3756/3756
f 3758/3758 3697/3697 3820/3820
f 3699/3699 3819/3819 3757/3757
f 3761/3761 3759/3759 3701/3701
f 3704/3704 3763/3763 3642/3642
f 3769/3769 3709/3709 3710/3710
f 3736/3736 3675/3675 3734/3734
f 3753/3753 3751/3751 3755/3755
f 3757/3757 3755/3755 3696/3696
f 3767/3767 3765/3765 3706/3706
f 3767/3767 3706/3706 3707/3707
f 3768/3768 3767/3767 3708/3708
f 3769/3769 3768/3768 3708/3708
f 3769/3769 3708/3708 3709/3709
f 3770/3770 3769/3769 3710/3710
f 3775/3775 3774/3774 3714/3714
f 3751/3751 3749/3749 3748/3748
f 3818/3818 3756/3756 3754/3754
f 3759/3759 3819/3819 3699/3699
f 3764/3764 3763/3763 3704/3704
f 3774/3774 3773/3773 3714/3714
f 3752/3752 3691/3691 3750/3750
f 3820/3820 3756/3756 3818/3818
f 3762/3762 3840/3840 3776/3776
f 3766/3766 3828/3828 3765/3765
f 3766/3766 3765/3765 3767/3767
f 3723/3723 3722/3722 3782/3782
f 3787/3787 3728/3728 3727/3727
f 3788/3788 3728/3728 3787/3787
f 3729/3729 3728/3728 3788/3788
f 3785/3785 3725/3725 3724/3724
f 3792/3792 3732/3732 3731/3731
f 3792/3792 3731/3731 3791/3791
f 3795/3795 3733/3733 3735/3735
f 3799/3799 3797/3797 3737/3737
f 3803/3803 3741/3741 3743/3743
f 3812/3812 3809/3809 3748/3748
f 3812/3812 3748/3748 3749/3749
f 3812/3812 3749/3749 3751/3751
f 3814/3814 3752/3752 3750/3750
f 3815/3815 3812/3812 3751/3751
f 3815/3815 3751/3751 3753/3753
f 3817/3817 3815/3815 3753/3753
f 3817/3817 3753/3753 3755/3755
f 3757/3757 3817/3817 3755/3755
f 3821/3821 3819/3819 3759/3759
f 3761/3761 3821/3821 3759/3759
f 3826/3826 3762/3762 3760/3760
f 3827/3827 3824/3824 3763/3763
f 3827/3827 3763/3763 3764/3764
f 3831/3831 3830/3830 3766/3766
f 3831/3831 3766/3766 3767/3767
f 3832/3832 3831/3831 3767/3767
f 3832/3832 3767/3767 3768/3768
f 3833/3833 3832/3832 3768/3768
f 3833/3833 3768/3768 3769/3769
f 3833/3833 3769/3769 3770/3770
f 3834/3834 3833/3833 3770/3770
f 3772/3772 3837/3837 3836/3836
f 3787/3787 3726/3726 3786/3786
f 3778/3778 3718/3718 3717/3717
f 3778/3778 3717/3717 3777/3777
f 3779/3779 3719/3719 3718/3718
f 3779/3779 3718/3718 3778/3778
f 3783/3783 3723/3723 3782/3782
f 3785/3785 3724/3724 3784/3784
f 3786/3786 3725/3725 3785/3785
f 3794/3794 3732/3732 3792/3792
f 3795/3795 3793/3793 3733/3733
f 3796/3796 3736/3736 3734/3734
f 3796/3796 3734/3734 3794/3794
f 3797/3797 3795/3795 3735/3735
f 3796/3796 3738/3738 3736/3736
f 3798/3798 3738/3738 3796/3796
f 3798/3798 3740/3740 3738/3738
f 3802/3802 3740/3740 3798/3798
f 3801/3801 3799/3799 3739/3739
f 3801/3801 3739/3739 3741/3741
f 3802/3802 3742/3742 3740/3740
f 3803/3803 3801/3801 3741/3741
f 3805/3805 3803/3803 3743/3743
f 3805/3805 3743/3743 3744/3744
f 3813/3813 3809/3809 3812/3812
f 3811/3811 3814/3814 3750/3750
f 3813/3813 3812/3812 3815/3815
f 3817/3817 3813/3813 3815/3815
f 3819/3819 3817/3817 3757/3757
f 3823/3823 3821/3821 3761/3761
f 3826/3826 3760/3760 3822/3822
f 3828/3828 3827/3827 3764/3764
f 3826/3826 3825/3825 3840/3840
f 3826/3826 3840/3840 3762/3762
f 3829/3829 3828/3828 3830/3830
f 3802/3802 3798/3798 3800/3800
f 3806/3806 3804/3804 3802/3802
f 3806/3806 3808/3808 3804/3804
f 3811/3811 3808/3808 3806/3806
f 3830/3830 3828/3828 3829/3829
f 3842/3842 3779/3779 3778/3778
f 3843/3843 3779/3779 3842/3842
f 3843/3843 3780/3780 3779/3779
f 3847/3847 3783/3783 3782/3782
f 3847/3847 3782/3782 3846/3846
f 3848/3848 3783/3783 3847/3847
f 3848/3848 3784/3784 3783/3783
f 3849/3849 3785/3785 3784/3784
f 3849/3849 3784/3784 3848/3848
f 3851/3851 3787/3787 3786/3786
f 3851/3851 3786/3786 3850/3850
f 3851/3851 3788/3788 3787/3787
f 3852/3852 3788/3788 3851/3851
f 3842/3842 3778/3778 3777/3777
f 3842/3842 3777/3777 3841/3841
f 3871/3871 3794/3794 3792/3792
f 3872/3872 3856/3856 3793/3793
f 3872/3872 3793/3793 3795/3795
f 3872/3872 3795/3795 3797/3797
f 3875/3875 3798/3798 3796/3796
f 3875/3875 3796/3796 3873/3873
f 3876/3876 3872/3872 3797/3797
f 3876/3876 3797/3797 3799/3799
f 3877/3877 3800/3800 3798/3798
f 3877/3877 3798/3798 3875/3875
f 3878/3878 3876/3876 3799/3799
f 3878/3878 3799/3799 3801/3801
f 3877/3877 3802/3802 3800/3800
f 3881/3881 3802/3802 3877/3877
f 3881/3881 3806/3806 3802/3802
f 3882/3882 3880/3880 3805/3805
f 3885/3885 3806/3806 3881/3881
f 3884/3884 3882/3882 3805/3805
f 3884/3884 3805/3805 3807/3807
f 3889/3889 3811/3811 3806/3806
f 3889/3889 3806/3806 3885/3885
f 3886/3886 3884/3884 3807/3807
f 3891/3891 3811/3811 3889/3889
f 3919/3919 3826/3826 3822/3822
f 3920/3920 3905/3905 3827/3827
f 3921/3921 3920/3920 3827/3827
f 3921/3921 3827/3827 3828/3828
f 3922/3922 3921/3921 3828/3828
f 3922/3922 3828/3828 3830/3830
f 3924/3924 3922/3922 3830/3830
f 3924/3924 3830/3830 3831/3831
f 3924/3924 3831/3831 3833/3833
f 3927/3927 3926/3926 3834/3834
f 3826/3826 3918/3918 3825/3825
f 3846/3846 3845/3845 3844/3844
f 3845/3845 3846/3846 3844/3844
f 3871/3871 3792/3792 3855/3855
f 3874/3874 3872/3872 3876/3876
f 3878/3878 3874/3874 3876/3876
f 3883/3883 3885/3885 3881/3881
f 3884/3884 3880/3880 3882/3882
f 3887/3887 3885/3885 3883/3883
f 3887/3887 3889/3889 3885/3885
f 3888/3888 3884/3884 3886/3886
f 3919/3919 3918/3918 3826/3826
f 3905/3905 3823/3823 3824/3824
f 3921/3921 3905/3905 3920/3920
f 3925/3925 3924/3924 3926/3926
f 3857/3857 3843/3843 3842/3842
f 3870/3870 3855/3855 3854/3854
f 3871/3871 3855/3855 3870/3870
f 3876/3876 3874/3874 3878/3878
f 3877/3877 3875/3875 3879/3879
f 3881/3881 3877/3877 3879/3879
f 3885/3885 3887/3887 3883/3883
f 3886/3886 3884/3884 3888/3888
f 3923/3923 3906/3906 3921/3921
f 3923/3923 3921/3921 3922/3922
f 3924/3924 3923/3923 3922/3922
f 3926/3926 3924/3924 3925/3925
f 3858/3858 3843/3843 3857/3857
f 3859/3859 3845/3845 3844/3844
f 3862/3862 3846/3846 3861/3861
f 3862/3862 3848/3848 3847/3847
f 3863/3863 3848/3848 3862/3862
f 3865/3865 3850/3850 3849/3849
f 3865/3865 3849/3849 3864/3864
f 3866/3866 3850/3850 3865/3865
f 3866/3866 3851/3851 3850/3850
f 3867/3867 3852/3852 3851/3851
f 3868/3868 3853/3853 3852/3852
f 3868/3868 3852/3852 3867/3867
f 3861/3861 3860/3860 3859/3859
f 3883/3883 3881/3881 3879/3879
f 3883/3883 3879/3879 3881/3881
f 3886/3886 3882/3882 3884/3884
f 3888/3888 3884/3884 3886/3886
f 3886/3886 3884/3884 3888/3888
f 3890/3890 3886/3886 3888/3888
f 3893/3893 3889/3889 3887/3887
f 3888/3888 3886/3886 3890/3890
f 3892/3892 3888/3888 3890/3890
f 3890/3890 3888/3888 3892/3892
f 3894/3894 3890/3890 3892/3892
f 3892/3892 3890/3890 3894/3894
f 3893/3893 3895/3895 3889/3889
f 3897/3897 3895/3895 3893/3893
f 3896/3896 3894/3894 3892/3892
f 3896/3896 3892/3892 3894/3894
f 3899/3899 3895/3895 3897/3897
f 3907/3907 3908/3908 3906/3906
f 3909/3909 3908/3908 3907/3907
f 3910/3910 3911/3911 3909/3909
f 3911/3911 3926/3926 3927/3927
f 3912/3912 3911/3911 3927/3927
f 3912/3912 3927/3927 3928/3928
f 3914/3914 3912/3912 3928/3928
f 3935/3935 3860/3860 3859/3859
f 3936/3936 3861/3861 3860/3860
f 3940/3940 3864/3864 3863/3863
f 3941/3941 3865/3865 3940/3940
f 3941/3941 3866/3866 3865/3865
f 3942/3942 3866/3866 3941/3941
f 3943/3943 3868/3868 3867/3867
f 3943/3943 3867/3867 3942/3942
f 3944/3944 3868/3868 3943/3943
f 3945/3945 3870/3870 3944/3944
f 3939/3939 3938/3938 3937/3937
f 3946/3946 3871/3871 3870/3870
f 3946/3946 3870/3870 3945/3945
f 3948/3948 3933/3933 3856/3856
f 3948/3948 3856/3856 3947/3947
f 3949/3949 3935/3935 3934/3934
f 3963/3963 3947/3947 3872/3872
f 3979/3979 3963/3963 3874/3874
f 3979/3979 3874/3874 3876/3876
f 3995/3995 3979/3979 3876/3876
f 3995/3995 3876/3876 3878/3878
f 3881/3881 3877/3877 3875/3875
f 3995/3995 3878/3878 3880/3880
f 4011/4011 3995/3995 3880/3880
f 3881/3881 4026/4026 4042/4042
f 3883/3883 3881/3881 4042/4042
f 4043/4043 3882/3882 3888/3888
f 4073/4073 4043/4043 3888/3888
f 3889/3889 3887/3887 3885/3885
f 3888/3888 3886/3886 3890/3890
f 3889/3889 4072/4072 4103/4103
f 3889/3889 3893/3893 3887/3887
f 3892/3892 3888/3888 3890/3890
f 3893/3893 3889/3889 4103/4103
f 3892/3892 3890/3890 3894/3894
f 3893/3893 4103/4103 4131/4131
f 4118/4118 4104/4104 3892/3892
f 3895/3895 3897/3897 3893/3893
f 4118/4118 3892/3892 3894/3894
f 4118/4118 3894/3894 3896/3896
f 3897/3897 3895/3895 4131/4131
f 4132/4132 4118/4118 3896/3896
f 3897/3897 4131/4131 4162/4162
f 4132/4132 3896/3896 3898/3898
f 3899/3899 3897/3897 4162/4162
f 3903/3903 3901/3901 4194/4194
f 3905/3905 4180/4180 3902/3902
f 3905/3905 3902/3902 3904/3904
f 3919/3919 4194/4194 4208/4208
f 3903/3903 4194/4194 3919/3919
f 3919/3919 4208/4208 3918/3918
f 3917/3917 4208/4208 4207/4207
f 3918/3918 4208/4208 3917/3917
f 3911/3911 4201/4201 3910/3910
f 3912/3912 4201/4201 3911/3911
f 3912/3912 4203/4203 4201/4201
f 3912/3912 3911/3911 3913/3913
f 3913/3913 4203/4203 3912/3912
f 3914/3914 4204/4204 4203/4203
f 3914/3914 4203/4203 3913/3913
f 3915/3915 4206/4206 4204/4204
f 3916/3916 4206/4206 3915/3915
f 3917/3917 4206/4206 3916/3916
f 3951/3951 3936/3936 3935/3935
f 3938/3938 3937/3937 3952/3952
f 3939/3939 3937/3937 3938/3938
f 3943/3943 3942/3942 3941/3941
f 3962/3962 3946/3946 3945/3945
f 3954/3954 3939/3939 3938/3938
f 3955/3955 3940/3940 3939/3939
f 3955/3955 3939/3939 3954/3954
f 3955/3955 3941/3941 3940/3940
f 3957/3957 3941/3941 3955/3955
f 3958/3958 3943/3943 3941/3941
f 3960/3960 3943/3943 3959/3959
f 3961/3961 3945/3945 3944/3944
f 3961/3961 3944/3944 3960/3960
f 3957/3957 3955/3955 3956/3956
f 3957/3957 3956/3956 3955/3955
f 3965/3965 3949/3949 3948/3948
f 3965/3965 3948/3948 3964/3964
f 3962/3962 3961/3961 3977/3977
f 3967/3967 3951/3951 3950/3950
f 3970/3970 3954/3954 3953/3953
f 3974/3974 3958/3958 3973/3973
f 3978/3978 3962/3962 3977/3977
f 3978/3978 3875/3875 3873/3873
f 3978/3978 3873/3873 3962/3962
f 3967/3967 3950/3950 3966/3966
f 3970/3970 3953/3953 3969/3969
f 3978/3978 3994/3994 3875/3875
f 3985/3985 3969/3969 3968/3968
f 3985/3985 3970/3970 3969/3969
f 3986/3986 3970/3970 3985/3985
f 3990/3990 3974/3974 3973/3973
f 3981/3981 3965/3965 3980/3980
f 3985/3985 3968/3968 3984/3984
f 3989/3989 3972/3972 3988/3988
f 3994/3994 3978/3978 3977/3977
f 3995/3995 3963/3963 3979/3979
f 3979/3979 3963/3963 3995/3995
f 3983/3983 3967/3967 3982/3982
f 3988/3988 3971/3971 3987/3987
f 3990/3990 3973/3973 3989/3989
f 3991/3991 3974/3974 3990/3990
f 3991/3991 3990/3990 3989/3989
f 4010/4010 3994/3994 3978/3978
f 4001/4001 3985/3985 3984/3984
f 3990/3990 3991/3991 3989/3989
f 4009/4009 3993/3993 3992/3992
f 3983/3983 3982/3982 3998/3998
f 4000/4000 4001/4001 3984/3984
f 4006/4006 3991/3991 3990/3990
f 3992/3992 4007/4007 4008/4008
f 4010/4010 4026/4026 3994/3994
f 3991/3991 4006/4006 4007/4007
f 4011/4011 3979/3979 3995/3995
f 4025/4025 4009/4009 4008/4008
f 4025/4025 3993/3993 4009/4009
f 3994/3994 3993/3993 4025/4025
f 4025/4025 4008/4008 4024/4024
f 4012/4012 3996/3996 4011/4011
f 4014/4014 3999/3999 3998/3998
f 4006/4006 4005/4005 4021/4021
f 4026/4026 3994/3994 4025/4025
f 4015/4015 3999/3999 4014/4014
f 4022/4022 4006/4006 4021/4021
f 4027/4027 3995/3995 4011/4011
f 4011/4011 3995/3995 4027/4027
f 4030/4030 4013/4013 4029/4029
f 4014/4014 4013/4013 4030/4030
f 4033/4033 4018/4018 4017/4017
f 4034/4034 4018/4018 4033/4033
f 4029/4029 4013/4013 4012/4012
f 4036/4036 4019/4019 4035/4035
f 4036/4036 4020/4020 4019/4019
f 4021/4021 4020/4020 4036/4036
f 4042/4042 4026/4026 4025/4025
f 4028/4028 4011/4011 4027/4027
f 4029/4029 4012/4012 4028/4028
f 4040/4040 4023/4023 4039/4039
f 4029/4029 4028/4028 4044/4044
f 4045/4045 4030/4030 4029/4029
f 4047/4047 4032/4032 4031/4031
f 4050/4050 4034/4034 4033/4033
f 4050/4050 4033/4033 4049/4049
f 4048/4048 4032/4032 4047/4047
f 4055/4055 4056/4056 4039/4039
f 4056/4056 4040/4040 4039/4039
f 4059/4059 4027/4027 4043/4043
f 4055/4055 4039/4039 4054/4054
f 4058/4058 4041/4041 4071/4071
f 4047/4047 4046/4046 4062/4062
f 4067/4067 4052/4052 4051/4051
f 4069/4069 4056/4056 4055/4055
f 4071/4071 4041/4041 4057/4057
f 4046/4046 4045/4045 4075/4075
f 4064/4064 4047/4047 4063/4063
f 4067/4067 4051/4051 4066/4066
f 4070/4070 4056/4056 4069/4069
f 4072/4072 4058/4058 4071/4071
f 4075/4075 4045/4045 4061/4061
f 4083/4083 4052/4052 4067/4067
f 4084/4084 4054/4054 4052/4052
f 4071/4071 4057/4057 4070/4070
f 4062/4062 4046/4046 4075/4075
f 4068/4068 4069/4069 4084/4084
f 4088/4088 4072/4072 4042/4042
f 4073/4073 4059/4059 4043/4043
f 4080/4080 4066/4066 4065/4065
f 4084/4084 4052/4052 4083/4083
f 4070/4070 4069/4069 4085/4085
f 4074/4074 4061/4061 4060/4060
f 4075/4075 4061/4061 4074/4074
f 4080/4080 4065/4065 4079/4079
f 4084/4084 4085/4085 4068/4068
f 4086/4086 4071/4071 4070/4070
f 4089/4089 4059/4059 4073/4073
f 4075/4075 4074/4074 4076/4076
f 4076/4076 4062/4062 4075/4075
f 4077/4077 4062/4062 4076/4076
f 4078/4078 4064/4064 4077/4077
f 4088/4088 4072/4072 4103/4103
f 4091/4091 4076/4076 4074/4074
f 4092/4092 4077/4077 4076/4076
f 4093/4093 4077/4077 4092/4092
f 4093/4093 4078/4078 4077/4077
f 4096/4096 4080/4080 4079/4079
f 4083/4083 4082/4082 4098/4098
f 4099/4099 4084/4084 4083/4083
f 4101/4101 4086/4086 4085/4085
f 4117/4117 4088/4088 4103/4103
f 4092/4092 4076/4076 4091/4091
f 4095/4095 4096/4096 4079/4079
f 4098/4098 4082/4082 4081/4081
f 4098/4098 4081/4081 4097/4097
f 4099/4099 4083/4083 4098/4098
f 4099/4099 4100/4100 4084/4084
f 4101/4101 4085/4085 4100/4100
f 4105/4105 4074/4074 4089/4089
f 4090/4090 4074/4074 4105/4105
f 4113/4113 4099/4099 4098/4098
f 4113/4113 4098/4098 4112/4112
f 4116/4116 4102/4102 4101/4101
f 4110/4110 4097/4097 4096/4096
f 4114/4114 4100/4100 4113/4113
f 4117/4117 4103/4103 4102/4102
f 4112/4112 4098/4098 4111/4111
f 4116/4116 4101/4101 4115/4115
f 4117/4117 4102/4102 4116/4116
f 4122/4122 4108/4108 4107/4107
f 4110/4110 4096/4096 4109/4109
f 4128/4128 4113/4113 4112/4112
f 4120/4120 4105/4105 4119/4119
f 4120/4120 4106/4106 4105/4105
f 4130/4130 4115/4115 4114/4114
f 4124/4124 4109/4109 4108/4108
f 4125/4125 4110/4110 4124/4124
f 4126/4126 4111/4111 4110/4110
f 4126/4126 4110/4110 4125/4125
f 4126/4126 4127/4127 4111/4111
f 4129/4129 4113/4113 4128/4128
f 4129/4129 4114/4114 4113/4113
f 4146/4146 4115/4115 4130/4130
f 4146/4146 4116/4116 4115/4115
f 4131/4131 4117/4117 4116/4116
f 4131/4131 4116/4116 4146/4146
f 4123/4123 4122/4122 4137/4137
f 4146/4146 4130/4130 4145/4145
f 4104/4104 4118/4118 4132/4132
f 4120/4120 4119/4119 4133/4133
f 4139/4139 4124/4124 4138/4138
f 4125/4125 4124/4124 4140/4140
f 4147/4147 4104/4104 4132/4132
f 4142/4142 4128/4128 4127/4127
f 4143/4143 4128/4128 4142/4142
f 4140/4140 4124/4124 4139/4139
f 4140/4140 4139/4139 4154/4154
f 4160/4160 4145/4145 4144/4144
f 4146/4146 4145/4145 4161/4161
f 4154/4154 4139/4139 4138/4138
f 4161/4161 4145/4145 4160/4160
f 4150/4150 4135/4135 4149/4149
f 4160/4160 4144/4144 4159/4159
f 4172/4172 4156/4156 4154/4154
f 4175/4175 4160/4160 4159/4159
f 4164/4164 4148/4148 4147/4147
f 4170/4170 4154/4154 4153/4153
f 4170/4170 4153/4153 4169/4169
f 4172/4172 4154/4154 4170/4170
f 4173/4173 4157/4157 4156/4156
f 4164/4164 4147/4147 4163/4163
f 4168/4168 4153/4153 4152/4152
f 4173/4173 4156/4156 4172/4172
f 4165/4165 4150/4150 4149/4149
f 4169/4169 4153/4153 4168/4168
f 4171/4171 4172/4172 4170/4170
f 4185/4185 4168/4168 4184/4184
f 4169/4169 4168/4168 4185/4185
f 4192/4192 4176/4176 4175/4175
f 4185/4185 4170/4170 4169/4169
f 4191/4191 4175/4175 4174/4174
f 4181/4181 4164/4164 4180/4180
f 4181/4181 4165/4165 4164/4164
f 4182/4182 4183/4183 4166/4166
f 4184/4184 4167/4167 4183/4183
f 4189/4189 4173/4173 4172/4172
f 4189/4189 4172/4172 4188/4188
f 4191/4191 4174/4174 4190/4190
f 4192/4192 4175/4175 4191/4191
f 4187/4187 4171/4171 4170/4170
f 4187/4187 4170/4170 4186/4186
f 4185/4185 4184/4184 4183/4183
f 4195/4195 4181/4181 4180/4180
f 4196/4196 4181/4181 4195/4195
f 4197/4197 4181/4181 4196/4196
f 4197/4197 4182/4182 4181/4181
f 4198/4198 4182/4182 4197/4197
f 4198/4198 4183/4183 4182/4182
f 4200/4200 4185/4185 4183/4183
f 4200/4200 4183/4183 4198/4198
f 4205/4205 4190/4190 4204/4204
f 4205/4205 4191/4191 4190/4190
f 4206/4206 4191/4191 4205/4205
f 4193/4193 4208/4208 4194/4194
f 4196/4196 4195/4195 3905/3905
f 4199/4199 4200/4200 4198/4198
f 4201/4201 4202/4202 4200/4200
f 4203/4203 4202/4202 4201/4201
f 4205/4205 4204/4204 4203/4203
